x0_m,x1_m,original_z_m,nominal_z_m,grid_z_m,cover_depth_m
0.0,0.25,8.95,9.05,9.05,2.9499999999999993
0.25,0.5,8.95,9.05,9.05,2.9499999999999993
0.5,0.75,8.95,9.05,9.05,2.9499999999999993
0.75,1.0,8.95,9.05,9.05,2.9499999999999993
1.0,1.25,8.95,9.05,9.05,2.9499999999999993
1.25,1.5,8.9,9.05,9.05,2.9499999999999993
1.5,1.75,8.9,9.05,9.05,2.9499999999999993
1.75,2.0,8.85,9.05,9.05,2.9499999999999993
2.0,2.25,8.85,9.05,9.05,2.9499999999999993
2.25,2.5,8.85,9.05,9.05,2.9499999999999993
2.5,2.75,8.85,9.05,9.05,2.9499999999999993
2.75,3.0,8.9,9.05,9.05,2.9499999999999993
3.0,3.25,8.9,9.05,9.05,2.9499999999999993
3.25,3.5,8.95,9.05,9.05,2.9499999999999993
3.5,3.75,9.0,9.05,9.05,2.9499999999999993
3.75,4.0,9.05,9.05,9.05,2.9499999999999993
4.0,4.25,9.1,9.05,9.05,2.9499999999999993
4.25,4.5,9.15,9.05,9.05,2.9499999999999993
4.5,4.75,9.2,9.05,9.05,2.9499999999999993
4.75,5.0,9.2,9.05,9.05,2.9499999999999993
5.0,5.25,9.25,9.05,9.05,2.9499999999999993
5.25,5.5,9.25,9.05,9.05,2.9499999999999993
5.5,5.75,9.25,9.05,9.05,2.9499999999999993
5.75,6.0,9.25,9.05,9.05,2.9499999999999993
6.0,6.25,9.25,9.05,9.05,2.9499999999999993
6.25,6.5,9.25,9.05,9.05,2.9499999999999993
6.5,6.75,9.2,9.05,9.05,2.9499999999999993
6.75,7.0,9.2,9.05,9.05,2.9499999999999993
7.0,7.25,9.15,9.05,9.05,2.9499999999999993
7.25,7.5,9.15,9.05,9.05,2.9499999999999993
7.5,7.75,9.1,9.05,9.05,2.9499999999999993
7.75,8.0,9.05,9.05,9.05,2.9499999999999993
8.0,8.25,9.05,9.05,9.05,2.9499999999999993
8.25,8.5,9.0,9.05,9.05,2.9499999999999993
8.5,8.75,9.0,9.05,9.05,2.9499999999999993
8.75,9.0,9.0,9.05,9.05,2.9499999999999993
9.0,9.25,9.0,9.05,9.05,2.9499999999999993
9.25,9.5,9.0,9.05,9.05,2.9499999999999993
9.5,9.75,9.0,9.05,9.05,2.9499999999999993
9.75,10.0,9.0,9.05,9.05,2.9499999999999993
10.0,10.25,9.05,9.05,9.05,2.9499999999999993
10.25,10.5,9.1,9.05,9.05,2.9499999999999993
10.5,10.75,9.1,9.05,9.05,2.9499999999999993
10.75,11.0,9.15,9.05,9.05,2.9499999999999993
11.0,11.25,9.15,9.05,9.05,2.9499999999999993
11.25,11.5,9.15,9.05,9.05,2.9499999999999993
11.5,11.75,9.15,9.05,9.05,2.9499999999999993
11.75,12.0,9.15,9.05,9.05,2.9499999999999993
