trace,tx_x_m,tx_y_m,rx_x_m,rx_y_m,height_z_m,midpoint_y_m,interface_z_at_midpoint_m,cover_depth_at_midpoint_m
1,1.6,2.6,1.6,3.9000000000000004,27.0,3.25,8.95,3.0500000000000007
2,1.6,2.85,1.6,4.15,27.0,3.5,9.0,3.0
3,1.6,3.1,1.6,4.4,27.0,3.75,9.05,2.9499999999999993
4,1.6,3.35,1.6,4.65,27.0,4.0,9.1,2.9000000000000004
5,1.6,3.6,1.6,4.9,27.0,4.25,9.15,2.8499999999999996
6,1.6,3.85,1.6,5.15,27.0,4.5,9.2,2.8000000000000007
7,1.6,4.1000000000000005,1.6,5.4,27.0,4.75,9.2,2.8000000000000007
8,1.6,4.3500000000000005,1.6,5.65,27.0,5.0,9.25,2.75
9,1.6,4.6000000000000005,1.6,5.9,27.0,5.25,9.25,2.75
10,1.6,4.8500000000000005,1.6,6.15,27.0,5.5,9.25,2.75
11,1.6,5.1000000000000005,1.6,6.4,27.0,5.75,9.25,2.75
12,1.6,5.3500000000000005,1.6,6.65,27.0,6.0,9.25,2.75
13,1.6,5.6000000000000005,1.6,6.9,27.0,6.25,9.25,2.75
14,1.6,5.8500000000000005,1.6,7.15,27.0,6.5,9.2,2.8000000000000007
15,1.6,6.1000000000000005,1.6,7.4,27.0,6.75,9.2,2.8000000000000007
16,1.6,6.3500000000000005,1.6,7.65,27.0,7.0,9.15,2.8499999999999996
17,1.6,6.6000000000000005,1.6,7.9,27.0,7.25,9.15,2.8499999999999996
18,1.6,6.8500000000000005,1.6,8.15,27.0,7.5,9.1,2.9000000000000004
19,1.6,7.1000000000000005,1.6,8.4,27.0,7.75,9.05,2.9499999999999993
20,1.6,7.3500000000000005,1.6,8.65,27.0,8.0,9.05,2.9499999999999993
21,1.6,7.6000000000000005,1.6,8.9,27.0,8.25,9.0,3.0
22,1.6,7.8500000000000005,1.6,9.15,27.0,8.5,9.0,3.0
23,1.6,8.1,1.6,9.4,27.0,8.75,9.0,3.0
24,1.6,8.35,1.6,9.65,27.0,9.0,9.0,3.0
25,1.6,8.6,1.6,9.9,27.0,9.25,9.0,3.0
