trace,midpoint_y_m,depth_midpoint_m,local_approx_ns,full_field_ray_proxy_ns,official_env_window_peak_ns,rank1_abs_peak_ns,rank1_template_lag_ns
1,3.25,3.0500000000000007,188.52252908463578,179.5485670146164,160.51230871590153,198.76912840984696,18.0
2,3.5,3.0,187.12574850299399,179.36366733679026,189.62075848303394,190.45242847638056,3.700000000000003
3,3.75,2.9499999999999993,185.72896802422719,179.20493391754255,189.62075848303394,189.62075848303394,3.1000000000000014
4,4.0,2.9000000000000004,184.33218764856878,179.0724804827747,189.62075848303394,189.62075848303394,3.0
5,4.25,2.8499999999999996,182.93540737625278,178.9664024074031,189.62075848303394,189.62075848303394,2.900000000000002
6,4.5,2.8000000000000007,181.53862720751414,178.88677638935977,189.62075848303394,189.62075848303394,3.0
7,4.75,2.8000000000000007,181.53862720751414,178.83366018571482,189.62075848303394,189.62075848303394,3.1000000000000014
8,5.0,2.75,180.14184714258812,178.7910781510656,189.62075848303394,189.62075848303394,3.5
9,5.25,2.75,180.14184714258812,178.76450000116117,189.62075848303394,195.4424484364604,3.8000000000000007
10,5.5,2.75,180.14184714258812,178.76450000116117,189.62075848303394,195.4424484364604,4.100000000000001
11,5.75,2.75,180.14184714258812,178.76450000116117,160.51230871590153,195.4424484364604,4.5
12,6.0,2.75,180.14184714258812,178.76450000116117,160.51230871590153,196.27411842980706,4.900000000000002
13,6.25,2.75,180.14184714258812,178.76450000116117,160.51230871590153,196.27411842980706,5.200000000000003
14,6.5,2.8000000000000007,181.53862720751414,178.7910781510656,160.51230871590153,196.27411842980706,5.800000000000001
15,6.75,2.8000000000000007,181.53862720751414,178.83366018571482,160.51230871590153,192.94743845642049,6.400000000000002
16,7.0,2.8499999999999996,182.93540737625278,178.88677638935977,160.51230871590153,193.77910844976714,7.0
17,7.25,2.8499999999999996,182.93540737625278,178.9664024074031,160.51230871590153,193.77910844976714,7.600000000000001
18,7.5,2.9000000000000004,184.33218764856878,179.0724804827747,160.51230871590153,194.6107784431138,8.200000000000003
19,7.75,2.9499999999999993,185.72896802422719,179.20493391754255,160.51230871590153,195.4424484364604,8.600000000000001
20,8.0,2.9499999999999993,185.72896802422719,179.36366733679026,160.51230871590153,195.4424484364604,9.0
21,8.25,3.0,187.12574850299399,179.5485670146164,160.51230871590153,195.4424484364604,9.3
22,8.5,3.0,187.12574850299399,179.7595012597673,160.51230871590153,196.27411842980706,9.700000000000003
23,8.75,3.0,187.12574850299399,179.9963208579898,160.51230871590153,196.27411842980706,10.100000000000001
24,9.0,3.0,187.12574850299399,180.25885956780715,160.51230871590153,197.10578842315368,10.600000000000001
25,9.25,3.0,187.12574850299399,180.54693466607623,160.51230871590153,197.93745841650033,11.200000000000003
