frequency_Hz,diff_2D_re,diff_2D_im,diff_3D_re,diff_3D_im
20000000.0,0.006329063513163646,-0.0011045142255508011,1.6777752923080591e-06,2.402819818003721e-06
20300000.0,0.002606180248740486,-0.002847760172194569,2.1549011852417532e-06,7.454796357997395e-08
20600000.0,0.0007377739881064826,-0.0010716360866869223,5.688716731566679e-07,-1.239728557589359e-06
20900000.0,0.002456668290292896,0.00023462742750623988,-1.1147131942779165e-06,-2.989986944701428e-07
21200000.0,0.004932193468427215,-0.002283633464365664,-7.666985985810282e-07,1.8067988376557764e-06
21500000.0,0.003563297127165299,-0.0075738592635961055,1.7700696061662136e-06,2.5568193868785727e-06
21800000.0,-0.0031983834652820065,-0.01059335413760465,4.269187774241789e-06,3.8257940948582814e-07
22100000.0,-0.011533490470959862,-0.0067908951823305586,3.978355428840841e-06,-3.6147151318832726e-06
22400000.0,-0.014852563178230582,0.0032977080151113114,1.87952741814712e-07,-6.295946498147131e-06
22700000.0,-0.009293021260930345,0.013595263229010612,-4.818667530326337e-06,-5.07065177246524e-06
23000000.0,0.002612200295374123,0.016881427182333653,-7.412084060576252e-06,-2.252634963006983e-07
23300000.0,0.013394394123842801,0.010502055284653977,-5.542466863461826e-06,5.0889373681695105e-06
23600000.0,0.016213088312071022,-0.001386753290262277,-4.5050428171267143e-07,7.285683287561184e-06
23900000.0,0.010006527751784233,-0.010977055329782104,4.320488113052079e-06,5.164209929686692e-06
24200000.0,7.942148400275073e-06,-0.012808732482859853,5.784980841805343e-06,7.387922460466712e-07
24500000.0,-0.006745959679321345,-0.007669319269204777,3.816125191541397e-06,-2.6038457896504497e-06
24800000.0,-0.007086002861242946,-0.0012142288586147743,9.347279486537907e-07,-3.004580386711808e-06
25100000.0,-0.0037311169531619726,0.0013726696507792013,-1.909487474804905e-07,-1.5470373733172949e-06
25400000.0,-0.0019993710961117017,-9.37023280869198e-05,7.23671087554667e-07,-9.231047759516997e-07
25700000.0,-0.004288623600864128,-0.001170754267564078,1.3785441475566707e-06,-2.5476694966997115e-06
26000000.0,-0.007520090735880558,0.0022863211266894723,-6.742244198498781e-07,-4.840805487571487e-06
26300000.0,-0.0061157850218975796,0.009301465102643292,-5.15908309078883e-06,-4.488724258067123e-06
26600000.0,0.0021159056703297097,0.013843472371455334,-8.622259314805536e-06,2.3653761704878207e-07
26900000.0,0.012795400558211156,0.010119828013696264,-7.194320638170826e-06,7.156154435250528e-06
27200000.0,0.01786774188643392,-0.001599776486977511,-3.053758936277795e-07,1.1312723348977372e-05
27500000.0,0.012370244058359958,-0.01415568684028301,8.104846860590431e-06,8.935729849501861e-06
27800000.0,-0.0009073855161858546,-0.01882917049532562,1.2308950797068618e-05,8.618170193042118e-07
28100000.0,-0.01318711884185575,-0.012386895151547117,9.320323448469559e-06,-7.74309939821638e-06
28400000.0,-0.01655601053686695,0.00027215910358829865,1.3328187200567498e-06,-1.1318725240294647e-05
28700000.0,-0.010080475802531907,0.010166832170549478,-6.076603569049599e-06,-8.194180332710133e-06
29000000.0,-3.576685897144216e-05,0.011466429014976187,-8.426703128616708e-06,-1.59063818483407e-06
29300000.0,0.0057517342009560934,0.005742982982308686,-5.645416122135316e-06,3.389280496035596e-06
29600000.0,0.004443623220758752,-0.00020025751000007919,-1.4977289543582906e-06,4.05355204180502e-06
29900000.0,1.600141113300424e-05,-0.0007872783199804889,1.551412998068713e-07,1.980643878796151e-06
30200000.0,-0.0010243514650696284,0.003336635396795018,-1.1450886132635674e-06,9.76941323282965e-07
30500000.0,0.0038902493797152715,0.006158703296567536,-2.2919529819032114e-06,3.0972003423057615e-06
30800000.0,0.01057750451806072,0.002237470833617916,9.272062689857918e-08,6.382197936360967e-06
31100000.0,0.0116438907851375,-0.0075883416916449065,5.894744280865449e-06,6.4869004342549275e-06
31400000.0,0.0034328458089873948,-0.01603307315930369,1.082839736660235e-05,9.235275543195698e-07
31700000.0,-0.009822594730280798,-0.015297740295096673,9.81825315060636e-06,-7.870738488402473e-06
32000000.0,-0.018700041591216632,-0.004128099528845297,1.7358199047023959e-06,-1.371177392606171e-05
32300000.0,-0.01622633102300597,0.010347147776522014,-8.77735600840479e-06,-1.1550704850149529e-05
32600000.0,-0.0039269458218100795,0.018016726012614726,-1.4450670193233428e-05,-2.022446418448176e-06
32900000.0,0.009179498994711821,0.014017439545420451,-1.1188136298689866e-05,8.500831478408521e-06
33200000.0,0.014011644158394176,0.0026392660594138917,-1.5863805674642961e-06,1.2797042115986201e-05
33500000.0,0.008869170230035195,-0.0066086339167297226,7.089981378438637e-06,8.624610573382263e-06
33800000.0,0.0003308003379416391,-0.007334929825773884,8.930775026005922e-06,4.125509052155252e-07
34100000.0,-0.00315353220825898,-0.0015744278424927316,4.198791894727272e-06,-4.77047004332487e-06
34400000.0,0.0008520113934480378,0.00268348971301835,-1.3278834370411552e-06,-3.4551386716152876e-06
34700000.0,0.006618449968605944,-0.0005394825425280025,-1.9132028097890164e-06,1.3565482953614705e-06
35000000.0,0.005881759354657845,-0.009093867865379357,2.7087007096748827e-06,3.302954754924592e-06
35300000.0,-0.0038294454533058797,-0.01422209149545517,7.0397153470458385e-06,-1.0417331935963503e-06
35600000.0,-0.01590196904221841,-0.008614338553402323,5.064593526671324e-06,-8.48833599997878e-06
35900000.0,-0.01976756320694051,0.006193385723113565,-3.670959669743734e-06,-1.174790463165376e-05
36200000.0,-0.010230760233753244,0.020008715694858736,-1.2843379406379807e-05,-6.123711611571991e-06
36500000.0,0.007292607515267946,0.02208042892318307,-1.447244002839021e-05,5.6294322110517214e-06
36800000.0,0.02059355379191885,0.010240381463319181,-6.062553637664614e-06,1.4942653867366928e-05
37100000.0,0.02053792915893382,-0.007005408302438454,6.683723309697243e-06,1.450720726769994e-05
37400000.0,0.008452121445479577,-0.017458899910812065,1.4325872273346363e-05,4.659124481887211e-06
37700000.0,-0.0054486976157903655,-0.0152380911790857,1.1630965852660324e-05,-6.7370040301995004e-06
38000000.0,-0.011109096807430774,-0.005031239992201009,1.971408476575398e-06,-1.1025614579995846e-05
38300000.0,-0.007008713908206232,0.002980511859359325,-5.85631506089257e-06,-6.2001214282680905e-06
38600000.0,-0.0004556263901207558,0.002676612839191961,-5.601685050038441e-06,1.659518470309429e-06
38900000.0,0.0001443833988616916,-0.0027620839394799646,8.979188090840751e-07,4.28030677113167e-06
39200000.0,-0.006315532655236211,-0.004585448003695092,5.681254472533759e-06,-9.542464396439243e-07
39500000.0,-0.012411596354581889,0.002466610684859205,2.370449910027439e-06,-8.423965041526316e-06
39800000.0,-0.009290182936247504,0.014285936744350636,-7.434671801420656e-06,-9.428632519292712e-06
40100000.0,0.004384849039887229,0.020301482785345826,-1.503084830156709e-05,-4.990920178249425e-07
40400000.0,0.019903153705477905,0.012825005615415108,-1.2205632993311788e-05,1.2678717528968875e-05
40700000.0,0.02506058648332754,-0.0053910293697327916,1.0749737389126324e-06,1.9489496279279095e-05
41000000.0,0.01442692773772336,-0.022282228761316247,1.5783753407605516e-05,1.3355293850714212e-05
41300000.0,-0.00551664537677965,-0.025772079109849244,2.0860032964309383e-05,-2.2643219413920335e-06
41600000.0,-0.02106589077749277,-0.013565330718098068,1.2361931369664347e-05,-1.6214422672522488e-05
41900000.0,-0.022135139842589524,0.004943667252863548,-3.1048412053591434e-06,-1.8629261546609932e-05
42200000.0,-0.010132202107627108,0.016445033550253285,-1.3834327500017451e-05,-9.009158370432147e-06
42500000.0,0.003889950104394302,0.014589431089921945,-1.2843992811095717e-05,3.645979059996307e-06
42800000.0,0.009152841533932587,0.004561718879088517,-3.543001804939827e-06,8.920907158094238e-06
43100000.0,0.004328611685600947,-0.0025572686314223603,3.874527775948877e-06,4.213150493148632e-06
43400000.0,-0.002210329046000936,-0.000401587455462149,2.1820266651317866e-06,-3.266769933008007e-06
43700000.0,-0.0011401043514638332,0.006871089800267072,-5.9090352394486345e-06,-3.731675483842345e-06
44000000.0,0.008295099029318465,0.008947118293999523,-1.0243649614882777e-05,5.280533748819316e-06
44300000.0,0.016998173112320103,-0.00016865962431822368,-3.190511760897685e-06,1.5731875214308744e-05
44600000.0,0.014380530825803817,-0.015416369000725183,1.2132741741721631e-05,1.6070425018610557e-05
44900000.0,-0.0012210805281256398,-0.024220687681303588,2.3401796733435454e-05,2.3037586670549004e-06
45200000.0,-0.019757606880219214,-0.017446728387067623,1.958455629558209e-05,-1.70927828849754e-05
45500000.0,-0.027232450164007105,0.0019794713019294363,1.1700648411272496e-06,-2.7408374803195024e-05
45800000.0,-0.017448068975724595,0.020661905571170536,-1.9233291099207683e-05,-1.999062645441363e-05
46100000.0,0.0025322618454026724,0.025456274819156022,-2.687769458020739e-05,1.3795685527284718e-07
46400000.0,0.01809397675259561,0.014165619729961776,-1.6968377225090592e-05,1.8168331637258284e-05
46700000.0,0.019114216052059874,-0.003024260774438403,1.5929615119203433e-06,2.1697058368297384e-05
47000000.0,0.007944201245976501,-0.012582804963635397,1.4071893626232956e-05,1.0729725332669915e-05
47300000.0,-0.003544539323129925,-0.009203833507818615,1.2515153473002805e-05,-3.1432527456409787e-06
47600000.0,-0.005103557718285856,0.00028294069756640283,2.0597166654479082e-06,-7.585041049029684e-06
47900000.0,0.0026155813833383945,0.004056625332552244,-4.619225791424597e-06,-6.771577558684072e-07
48200000.0,0.00909629672384682,-0.0030616505767824265,2.972368703391126e-07,7.704649914064277e-06
48500000.0,0.004418026848711065,-0.014259238259825224,1.1911617689985832e-05,5.717984639996843e-06
48800000.0,-0.010498990285221055,-0.016846137662952287,1.6841800296596432e-05,-8.332447415493327e-06
49100000.0,-0.023584458581389356,-0.004459327495830223,6.09905087400886e-06,-2.3050081220721275e-05
49400000.0,-0.022003026782314805,0.015896905321355348,-1.5178918972402755e-05,-2.357711145317687e-05
49700000.0,-0.004053307899354763,0.028822945736308725,-3.064586730938679e-05,-5.521538986474894e-06
50000000.0,0.01830977428977576,0.0234858460571985,-2.6481528343613725e-05,1.9626694744423467e-05
50300000.0,0.028951587956505875,0.003134883147318135,-3.925084768208187e-06,3.316502366701446e-05
50600000.0,0.020870105827029306,-0.017365703024395884,2.0864370259943144e-05,2.478927006699383e-05
50900000.0,0.0016931738443588529,-0.023890288413575433,2.9971342979662197e-05,1.4262641354623184e-06
51200000.0,-0.013335021458992458,-0.014451076010089992,1.8546380613160274e-05,-1.8667366173175104e-05
51500000.0,-0.01449309788258546,0.0002188555793196656,-1.7152624539606975e-06,-2.1451049155185586e-05
51800000.0,-0.00519189516761287,0.007041529408674307,-1.3424867495670512e-05,-8.603653149363844e-06
52100000.0,0.002446339341759085,0.0023740377049819017,-8.930642532156696e-06,5.1041483175584546e-06
52400000.0,-0.0003299530556759578,-0.005413160026034092,3.4919470969230204e-06,6.0242644730479356e-06
52700000.0,-0.010370996970202384,-0.004705452466794213,8.206124874066134e-06,-5.539331658810376e-06
53000000.0,-0.0155593855953029,0.007457356880781418,-2.321656306536468e-06,-1.5694594737492018e-05
53300000.0,-0.006613676824130721,0.021508830790168076,-1.948735106471755e-05,-1.040279983455239e-05
53600000.0,0.013098338720169522,0.023437429241290886,-2.5775827809826346e-05,1.0248436395410288e-05
53900000.0,0.0290558575853197,0.007777565417640631,-1.113441883715538e-05,3.0413904152926108e-05
54200000.0,0.02758014261818431,-0.016296301128797097,1.64304498420087e-05,3.1752807918450365e-05
54500000.0,0.007889120831450214,-0.03165365711666368,3.6261057351771875e-05,1.006782474877177e-05
54800000.0,-0.016560907768571553,-0.02715696419692648,3.23241639982319e-05,-1.9818497738466334e-05
55100000.0,-0.028838771862460533,-0.006783605353028577,7.186875106590662e-06,-3.5858681877609655e-05
55400000.0,-0.022126745199848585,0.013970512598042717,-1.9882766146617215e-05,-2.715621844440186e-05
55700000.0,-0.004460075625154047,0.021118351094621346,-2.9187370205741026e-05,-2.767978627860046e-06
56000000.0,0.009137030838758164,0.013225292586184878,-1.6927129726673762e-05,1.674391835415623e-05
56300000.0,0.00983495967958703,0.0011027497504869643,2.6927498757434165e-06,1.7353640804906867e-05
56600000.0,0.0018332069843935983,-0.003029136928532239,1.1099832190941683e-05,3.1700097953279993e-06
56900000.0,-0.002880129975025625,0.0031104416818905634,2.3179461197120332e-06,-8.508723286282383e-06
57200000.0,0.003271558205121039,0.01021828951474646,-1.1967192013573325e-05,-3.982632558630073e-06
57500000.0,0.015579074167192175,0.006841866080982584,-1.378468944301936e-05,1.3475448588540218e-05
57800000.0,0.020889087937213446,-0.008777424020834701,3.5043436110715476e-06,2.5975845402315123e-05
58100000.0,0.009975432416752028,-0.025502702787093767,2.744183440306358e-05,1.7455783709263706e-05
58400000.0,-0.01271041365065173,-0.02824006059360329,3.6293208869775384e-05,-1.0333083125591003e-05
58700000.0,-0.031181382994510898,-0.011504242626166672,1.848944557325538e-05,-3.716715883894661e-05
59000000.0,-0.03080356884657931,0.014551904420663675,-1.5577432112445777e-05,-4.073183232078392e-05
59300000.0,-0.010918763610249016,0.03157668572784189,-4.075948925286177e-05,-1.622574712412117e-05
59600000.0,0.014085462361983048,0.027932822444647343,-3.800083897187445e-05,1.8438014733890284e-05
59900000.0,0.02655293058931818,0.008146233375114775,-1.06859507748025e-05,3.725754551198168e-05
60200000.0,0.020002083935892756,-0.011451150874542293,1.8371650732151856e-05,2.8141132920933565e-05
60500000.0,0.0035789574131115387,-0.01697047152597264,2.6974471189378235e-05,2.6605968914683586e-06
60800000.0,-0.007166500262052011,-0.008366717977466465,1.2654391303046353e-05,-1.529688666401796e-05
61100000.0,-0.0045556940302091675,0.0020269319451955425,-6.476721439940825e-06,-1.1581137367211447e-05
61400000.0,0.0049084563251398095,0.0020536687531844677,-9.726743276816663e-06,5.770516966485673e-06
61700000.0,0.007711843803903662,-0.008440266101821692,6.182368855633946e-06,1.5113821912215997e-05
62000000.0,-0.002936300373711731,-0.017457152078890203,2.3832411003787968e-05,2.6961469430375473e-06
62300000.0,-0.019693661797276718,-0.012471166916405707,2.1727105524504964e-05,-2.309214421747363e-05
62600000.0,-0.027041865915187202,0.006941871113674836,-4.508154568427791e-06,-3.8277293240351895e-05
62900000.0,-0.015398775996516179,0.0272442497556753,-3.611059929720106e-05,-2.5098881344831625e-05
63200000.0,0.009367500329851453,0.031930757807181465,-4.646332759894456e-05,1.06744844632356e-05
63500000.0,0.029827214233257848,0.01583019672553121,-2.44548004059153e-05,4.293954716527715e-05
63800000.0,0.0311867121204088,-0.009969078738372161,1.4899133362167305e-05,4.677106321859803e-05
64100000.0,0.013481612618228667,-0.027067690629515084,4.23715932784674e-05,1.9589286122112526e-05
64400000.0,-0.008853502158309823,-0.02484178208106158,3.8871755249081374e-05,-1.667661569593193e-05
64700000.0,-0.019531129034746186,-0.008545290768346092,1.097988124387772e-05,-3.4455063854688106e-05
65000000.0,-0.013918699701363835,0.006422707481661405,-1.5900678694502624e-05,-2.3843623502273203e-05
65300000.0,-0.0016947033747243267,0.008621914597874536,-2.049516836732934e-05,1.884707492294524e-07
65600000.0,0.0032809328700977858,0.00027014786856938144,-4.072766267904093e-06,1.2840435880123735e-05
65900000.0,-0.003670893733719538,-0.0060141105457418575,1.2164221146471199e-05,2.8692046334377608e-06
66200000.0,-0.013748046148783999,-0.0001076385041329786,8.094320716356407e-06,-1.7111472859099308e-05
66500000.0,-0.013315072982337028,0.015146440513674975,-1.536940252588881e-05,-2.2923110751804643e-05
66800000.0,0.002492684302879411,0.025698337010666705,-3.6021538752151194e-05,-2.482802500258785e-06
67100000.0,0.023803066597594125,0.018932703256510308,-3.0522346610051265e-05,3.104914878471199e-05
67400000.0,0.03348182685677159,-0.004124994935978066,3.124529351694605e-06,4.927425931811058e-05
67700000.0,0.021781760777479064,-0.028188888660139355,4.14629511285014e-05,3.342245622461881e-05
68000000.0,-0.004671247971167247,-0.03568213253473118,5.437430348886885e-05,-7.98183423267318e-06
68300000.0,-0.027622047595961874,-0.021157013278582326,3.074659106794275e-05,-4.482402545558095e-05
68600000.0,-0.03179646283405191,0.004265452898650324,-1.1556256215627947e-05,-5.013158204136836e-05
68900000.0,-0.016899035656564365,0.022264152203575804,-4.052133306997607e-05,-2.24869095568625e-05
69200000.0,0.003199597737555848,0.022339711327774125,-3.689738398116038e-05,1.3515958499965564e-05
69500000.0,0.013068165687130318,0.009495081922125337,-9.634631013999417e-06,2.9192900945274047e-05
69800000.0,0.008803310985104673,-0.0018160962043793916,1.368583070604501e-05,1.6608048248434315e-05
70100000.0,5.926914305476316e-05,-0.0016241603369024915,1.2657473628885363e-05,-5.8516897338822815e-06
70400000.0,-0.0004321804041147459,0.006554236791416201,-7.4181782170335e-06,-1.2054510015069297e-05
70700000.0,0.010088703315293657,0.009837853088626503,-2.1324303487002538e-05,6.30437353565938e-06
71000000.0,0.021083020890014126,-0.0006978473002732244,-8.839550008521435e-06,3.098786569410983e-05
71300000.0,0.018461796292235988,-0.020033164087720934,2.436573513386886e-05,3.3955319448608634e-05
71600000.0,-0.0014062483410945958,-0.0322255707195751,4.980616386141001e-05,4.527682539778866e-06
71900000.0,-0.026484091708791624,-0.024249240367495872,4.132992310590389e-05,-3.825988513983525e-05
72200000.0,-0.03799963798464745,0.0016388075939630653,-1.9774053416909965e-07,-6.034053553283236e-05
72500000.0,-0.02609876803648703,0.0283555659000001,-4.5451058026890756e-05,-4.1927207764969054e-05
72800000.0,0.0014725405623678967,0.037363627800814925,-6.052494898478589e-05,4.6357986656087036e-06
73100000.0,0.025396926874428516,0.02356450982730962,-3.536904315526446e-05,4.465865325586904e-05
73400000.0,0.030392087616007757,-0.0010946800880873298,8.244134842350093e-06,5.0121198371444464e-05
73700000.0,0.01694091203619763,-0.018211407600162488,3.606714249060339e-05,2.245053844895928e-05
74000000.0,-0.0007322504487561332,-0.018250367138861634,3.071066098381259e-05,-1.0697395830483458e-05
74300000.0,-0.008112750926350998,-0.0072420379021735926,5.035381390072757e-06,-2.1203626010768417e-05
74600000.0,-0.002997181701580587,0.0005602875168477794,-1.1818549026543224e-05,-5.41146108434809e-06
74900000.0,0.00392983837205918,-0.0031248709322966306,-2.6018417466078247e-06,1.4144076346367385e-05
75200000.0,0.0006374621462086338,-0.012749091322305617,2.157999848129144e-05,1.148980159371149e-05
75500000.0,-0.013568320676604628,-0.01463349749313636,3.182759994702078e-05,-1.6610075546763525e-05
75800000.0,-0.0262460007527352,-0.0008992355319605849,9.660072985417933e-06,-4.559800464720709e-05
76100000.0,-0.02293481314707435,0.021442901580712714,-3.3149446503455415e-05,-4.476212570625471e-05
76400000.0,-0.0011977719590063884,0.035112648517880984,-6.227427622651494e-05,-6.455400251459409e-06
76700000.0,0.025436736787369796,0.02728164108539488,-5.0372772496420914e-05,4.407725447319599e-05
77000000.0,0.03777902609171946,0.0013523062347502446,-2.275215066016578e-06,6.838886833748781e-05
77300000.0,0.026811451222421567,-0.024946110195671167,4.735316850235094e-05,4.736935188520697e-05
77600000.0,0.0011841021542196017,-0.03379272093955876,6.259623690996197e-05,-2.2518784992264784e-06
77900000.0,-0.02019827494055093,-0.02151290361875624,3.605532057016081e-05,-4.2322992208632115e-05
78200000.0,-0.023900599850595228,-0.0005411871758127518,-6.457093330802799e-06,-4.576770093667193e-05
78500000.0,-0.012216055933315317,0.012201586432155409,-2.9931548371942007e-05,-1.8234893923496642e-05
78800000.0,0.0006643237660739487,0.009888020968162436,-2.0809822757872354e-05,9.831706135665641e-06
79100000.0,0.0025233589941606738,0.0004391114531188123,3.1910648216060267e-06,1.252271125840032e-05
79400000.0,-0.005770872693112494,-0.002398023216514389,1.2089091408928887e-05,-7.961791595789691e-06
79700000.0,-0.011858180753010927,0.007043405978279793,-6.718360270219215e-06,-2.4745586251428975e-05
80000000.0,-0.004448804395130068,0.020359002478642196,-3.565410191519458e-05,-1.3066026763652872e-05
80300000.0,0.014830029031914549,0.02257372253583867,-4.287321351592599e-05,2.4456769027292324e-05
80600000.0,0.0313694588617075,0.006422216267722547,-1.2590300681458721e-05,5.7602732981720806e-05
80900000.0,0.029789876560131212,-0.019576151404365305,3.779694127248323e-05,5.440694288494363e-05
81200000.0,0.0078103007678844705,-0.03690436786055784,7.005204821264321e-05,1.0469309195126897e-05
81500000.0,-0.020606495940240777,-0.032100465659468114,5.7056011768419346e-05,-4.4667389076602504e-05
81800000.0,-0.035979695489490204,-0.008125559922078196,6.634804447958054e-06,-7.071440226269488e-05
82100000.0,-0.028888907219624116,0.017898395172949222,-4.404272017022315e-05,-4.989118540810189e-05
82400000.0,-0.007050063533038831,0.02869967264352624,-5.9197525857923594e-05,-1.3298955585661076e-06
82700000.0,0.012053301161678576,0.020490528380193496,-3.3680887392528724e-05,3.607131467653346e-05
83000000.0,0.016262880822775827,0.004544310991732914,4.81381961170424e-06,3.719752817676891e-05
83300000.0,0.008182973618023226,-0.0041813602998104216,2.209595806634823e-05,1.0901135887975144e-05
83600000.0,0.0008844052141672165,-0.0007780191260309266,8.321265815069978e-06,-1.0864980150016024e-05
83900000.0,0.004293158547774567,0.006008803370875171,-1.4645953349323726e-05,-4.486707015249891e-06
84200000.0,0.015091814344129872,0.0033729577015009227,-1.5780643225493662e-05,2.2501527594975812e-05
84500000.0,0.019655442556747005,-0.011881731750293056,1.3753243358061162e-05,3.850747285749634e-05
84800000.0,0.007483181364026592,-0.028590662421677848,4.9894959134877404e-05,1.8597069000092503e-05
85100000.0,-0.017289329402206732,-0.030345461759736736,5.636916974394168e-05,-2.9529448217546772e-05
85400000.0,-0.037347091878189076,-0.010650859042314664,1.8591650106092317e-05,-6.898828501888943e-05
85700000.0,-0.036114883566011,0.01962579380140994,-4.01919885786306e-05,-6.481347852815844e-05
86000000.0,-0.012195966071153919,0.039785799148987167,-7.626001512528457e-05,-1.5442578538360507e-05
86300000.0,0.018537140284189846,0.03581871963451988,-6.196447398687521e-05,4.3951606716108316e-05
86600000.0,0.03541489708067047,0.011716035944999703,-9.380837343697657e-06,7.017812273502066e-05
86900000.0,0.029377786407817297,-0.01425294710986691,4.015917341260167e-05,4.793574699202274e-05
87200000.0,0.00919226935606865,-0.024943991646253494,5.156768500869102e-05,1.2470920776053163e-06
87500000.0,-0.007556601138837493,-0.01783358380298239,2.494396610830396e-05,-2.9465107328929818e-05
87800000.0,-0.010192836676209183,-0.0049967596934976655,-7.645770067399305e-06,-2.3596607370723888e-05
88100000.0,-0.003171235900320646,-0.0003282120013778922,-1.3810581307893699e-05,3.038723128012677e-06
88400000.0,0.0001969839358837433,-0.006226718316199253,8.732389710219834e-06,1.583010701522447e-05
88700000.0,-0.00794930795392279,-0.012062892669575831,3.1071899771917266e-05,-3.860311760917057e-06
89000000.0,-0.021412309122749384,-0.0055495458120304875,2.2020786719978425e-05,-3.9561303635693434e-05
89300000.0,-0.02524758273434191,0.013921411611761414,-2.0210907560658242e-05,-5.424330216019513e-05
89600000.0,-0.010179323789207828,0.03273810440497016,-6.338294097990582e-05,-2.529104338666599e-05
89900000.0,0.017232685856106045,0.03414666825128165,-6.855128976190894e-05,3.229485824141065e-05
90200000.0,0.03833530782359951,0.013259146333282956,-2.5056502471476616e-05,7.60957968477527e-05
90500000.0,0.037251622907955806,-0.017454605080686747,3.8205822679715506e-05,7.14687140521697e-05
90800000.0,0.014118501227116553,-0.03737595873741384,7.56232335649143e-05,2.102266486359028e-05
91100000.0,-0.014779435992306134,-0.033987988498765276,6.221085283142358e-05,-3.733906772396267e-05
91400000.0,-0.03014059576184991,-0.012382733466736795,1.327617447277607e-05,-6.206967758615178e-05
91700000.0,-0.024806832832048542,0.009895863373330371,-3.0254819229358354e-05,-4.185102536702345e-05
92000000.0,-0.008123872612458172,0.017920449445639974,-3.758645990947773e-05,-2.518454412570037e-06
92300000.0,0.003787168476684144,0.011163123410554476,-1.333332206449045e-05,1.8364168897999633e-05
92600000.0,0.0028083692222615753,0.001941097191476615,9.775610727125184e-06,6.097213447464611e-06
92900000.0,-0.004656559657043147,0.002460045280017198,3.6692326644827133e-06,-1.875570267895199e-05
93200000.0,-0.005104643888035554,0.012607606450643516,-2.7147943299166144e-05,-2.151249315973658e-05
93500000.0,0.007806756829719319,0.01988939353852004,-4.8838993860822466e-05,1.1411425226093286e-05
93800000.0,0.025652511143164247,0.011703012547641833,-3.046784457572116e-05,5.632443868019976e-05
94100000.0,0.031797849431475456,-0.011396353488194677,2.4289804761157274e-05,7.140821354445492e-05
94400000.0,0.016574554664254393,-0.03403836353481893,7.609766537919338e-05,3.486719381751158e-05
94700000.0,-0.012693156421871521,-0.03819786440536177,8.218924996000743e-05,-3.2653301449858674e-05
95000000.0,-0.036301150358959866,-0.018720757575053426,3.37673646895742e-05,-8.274278539044388e-05
95300000.0,-0.03787027930219722,0.011594191267832343,-3.500892194485683e-05,-7.900921714698583e-05
95600000.0,-0.01759363954120019,0.03207603598382036,-7.492776164919057e-05,-2.7141045923606555e-05
95900000.0,0.008452071457978327,0.03076725255209567,-6.213651893455241e-05,3.1055008945735096e-05
96200000.0,0.02214004884719145,0.013191235389356848,-1.5796783778110335e-05,5.391111541674931e-05
96500000.0,0.018008249380498498,-0.00397811279414384,2.1680985126226737e-05,3.414904799603491e-05
96800000.0,0.006093687238367451,-0.008241283967066693,2.3203504866092795e-05,1.2980614609858776e-06
97100000.0,0.0009358829041659078,-0.001703570255713771,-4.845219488125441e-07,-8.648946902667376e-06
97400000.0,0.007212213178124927,0.0025800459099798445,-1.4125230966444136e-05,1.2075540168687837e-05
97700000.0,0.015366532634150332,-0.00539894266985641,5.810625114427426e-06,3.601938511232916e-05
98000000.0,0.011334083329906264,-0.02154018258588053,4.597347890997194e-05,2.78274178597826e-05
98300000.0,-0.00865341120946539,-0.030203690553548768,6.628799210170455e-05,-1.931934741028485e-05
98600000.0,-0.03222303456689701,-0.018576509933097896,3.724545444125371e-05,-7.259817112093003e-05
98900000.0,-0.040130381285685246,0.010164836214883621,-2.96183278809814e-05,-8.579247954054736e-05
99200000.0,-0.022948154674502064,0.03734499773753441,-8.713392642402396e-05,-4.0505190165962546e-05
99500000.0,0.009699326445051781,0.04330866398132116,-9.082620203185177e-05,3.4903601453084576e-05
99800000.0,0.03596796407236269,0.023592867375555215,-3.686008802150642e-05,8.681938273857881e-05
100100000.0,0.03909955486720662,-0.007385133834276303,3.422576130933733e-05,8.026548904416231e-05
100400000.0,0.020300257298302427,-0.0283268762551927,7.157111241306614e-05,2.679437303410026e-05
100700000.0,-0.00371144723036565,-0.02816979202897585,5.5772636601801595e-05,-2.776666130843708e-05
101000000.0,-0.015776695264897,-0.013523962340741491,1.1856904004778346e-05,-4.400525879955097e-05
101300000.0,-0.012347936518914082,-0.0005746292899573291,-1.6798168912007805e-05,-2.14272035705676e-05
101600000.0,-0.004314625391366178,0.0005139586907603189,-8.878308158613568e-06,5.595972422778317e-06
101900000.0,-0.00464896112054447,-0.005699440875957862,1.6999286759356025e-05,3.3296441732666437e-06
102200000.0,-0.014830735272781226,-0.0058168860048084525,2.2675863188409418e-05,-2.780412124092635e-05
102500000.0,-0.022899904802478943,0.007790713547720429,-1.03473427995604e-05,-5.293973342679337e-05
102800000.0,-0.015124396597904877,0.02763245831872041,-5.97638285161628e-05,-3.63417929980514e-05
103100000.0,0.009496640842783677,0.036275200883679304,-8.005374673805687e-05,2.201848528660122e-05
103400000.0,0.0356940975943445,0.021939765142448664,-4.3956644370068965e-05,8.142450409520663e-05
103700000.0,0.043465334795257604,-0.009528679823347375,2.980139151270711e-05,9.334907381086666e-05
104000000.0,0.02500826047938176,-0.037624083620400484,8.887379437921838e-05,4.389825213113596e-05
104300000.0,-0.007936493366678121,-0.04318221662902033,9.021087103847081e-05,-3.241670380349504e-05
104600000.0,-0.0331112102364699,-0.0237358895470976,3.595025186164946e-05,-8.068317141640691e-05
104900000.0,-0.03546340227333644,0.005069877443844462,-2.950443024865579e-05,-7.099614376215868e-05
105200000.0,-0.01827587798432262,0.02300264346885683,-5.829582880034767e-05,-2.1290060447043402e-05
105500000.0,0.0015393361466848887,0.021642970364766256,-3.894195192499783e-05,2.181065332917953e-05
105800000.0,0.009125279393742858,0.009471553871506444,-2.1619136799655436e-06,2.5742392636640687e-05
106100000.0,0.00406917747215374,0.0019217226102057339,1.1022345162786662e-05,-5.472635802306058e-07
106400000.0,-0.0012734848203734828,0.006103441689191413,-1.1255028735335237e-05,-1.8506102566373528e-05
106700000.0,0.004667306981929187,0.01431415696225713,-4.089905138821015e-05,7.529566850017488e-07
107000000.0,0.020136046055142742,0.012159996690897401,-3.7391973070843854e-05,4.642419690714661e-05
107300000.0,0.030414633719445305,-0.00631564437328791,1.1575963115240118e-05,7.534650011997712e-05
107600000.0,0.021224495413989075,-0.030692332349744333,7.39370888608315e-05,5.108890989635739e-05
107900000.0,-0.006791072535783371,-0.041434744291152015,9.781731699393115e-05,-1.999149996656513e-05
108200000.0,-0.036051314744987906,-0.02667942387813582,5.664728990706358e-05,-8.91298459477774e-05
108500000.0,-0.04532348669606989,0.006229012405711387,-2.499082152340737e-05,-0.00010386017611452303
108800000.0,-0.02732125450104661,0.035276813204518476,-8.908983554534178e-05,-5.2352868336047464e-05
109100000.0,0.004844690117458583,0.04120039462520708,-9.161465917689737e-05,2.586566011286706e-05
109400000.0,0.028403463227867576,0.022864850416894456,-3.8414620431581614e-05,7.323861409735954e-05
109700000.0,0.029628702556465214,-0.0028729467775434614,2.2260752285396812e-05,6.253222284025028e-05
110000000.0,0.014050932299525698,-0.01652788475377065,4.376937392436275e-05,1.7132651541906796e-05
110300000.0,-0.0005948663637838081,-0.012594262324185479,2.141328140803367e-05,-1.4466627588749503e-05
110600000.0,-0.0017012661467532553,-0.002476972607084349,-7.619276561454669e-06,-5.583770672945576e-06
110900000.0,0.006857815050793192,-0.001626869279888865,-3.677444808558583e-06,2.4450800077069346e-05
111200000.0,0.009763887481341271,-0.013424544052526244,3.451156303968528e-05,3.1351501613485766e-05
111500000.0,-0.0033858860140583147,-0.025230782989851264,6.680103849421304e-05,-8.104879452464075e-06
111800000.0,-0.026122485048830413,-0.020493617601076153,4.9912999520951296e-05,-6.920269369370402e-05
112100000.0,-0.03924531710195822,0.00434451490706067,-1.8567568730087913e-05,-9.807299593678209e-05
112400000.0,-0.027811442148490073,0.034127094142519354,-9.218871393801287e-05,-6.014985003854889e-05
112700000.0,0.0043456105131838285,0.04641211367227527,-0.00011273205332318348,2.571916091920201e-05
113000000.0,0.03603899297762325,0.030384127613857004,-6.027249013118574e-05,9.93526242094589e-05
113300000.0,0.045432704159864556,-0.0034508456341910687,2.8329518941716536e-05,0.0001081066569414979
113600000.0,0.027666582180273736,-0.03153753302443363,8.938015117987419e-05,5.0076668297371896e-05
113900000.0,-0.0018986108505814059,-0.03640840957913838,8.476270248614082e-05,-2.605719607240431e-05
114200000.0,-0.021410027084819205,-0.020023892665562926,3.10575533756241e-05,-6.388074963137313e-05
114500000.0,-0.02083856029631903,2.88116472972888e-05,-1.9375421101530677e-05,-4.6457452833603696e-05
114800000.0,-0.008700474041056339,0.0074162655028828794,-2.711242003350378e-05,-6.294422572050706e-06
115100000.0,-0.0017847332705684948,0.001383005936716586,3.8836632987315767e-07,9.444066117580974e-06
115400000.0,-0.00800596887693672,-0.004386974533233001,2.0010754242849593e-05,-1.4677092476933495e-05
115700000.0,-0.018597508044670974,0.00319471891197054,-2.0551769673859965e-06,-4.7737551625015584e-05
116000000.0,-0.016987939339095703,0.022169584911836182,-5.429304727033735e-05,-4.3277572812527865e-05
116300000.0,0.003949274235750977,0.03563636553332117,-8.735019261085775e-05,1.3191884272512056e-05
116600000.0,0.03262166061512772,0.026901681683398238,-5.935522341626864e-05,8.48757033722336e-05
116900000.0,0.04675844691394815,-0.003955591729592811,2.216359077500396e-05,0.00011223391606263178
117200000.0,0.03233658905078585,-0.0375660222158416,0.00010111674009982696,6.520161654766099e-05
117500000.0,-0.0032942617011570974,-0.049967764695878714,0.00011781332581184412,-2.7632373004848887e-05
117800000.0,-0.036136834576140586,-0.03221623741856661,5.938692085549757e-05,-0.00010011874091553352
118100000.0,-0.04457351515364394,0.0021597214523865205,-2.8867824949374565e-05,-0.00010267688032739031
118400000.0,-0.02640987146664031,0.028506317611629584,-8.179730896396009e-05,-4.244477590997775e-05
118700000.0,0.0007625691804804546,0.03133852108526014,-6.889962729972332e-05,2.5703524917819465e-05
119000000.0,0.01585767702415808,0.015831203854446585,-1.7003312841268325e-05,4.890201950491502e-05
119300000.0,0.012421619820486285,0.0007330952824702308,1.8473973334653948e-05,2.1914931754185574e-05
119600000.0,0.002330526717145176,-0.0002412951511985284,6.7275605823979845e-06,-1.2487795461257889e-05
119900000.0,0.0021967648914795745,0.008929947657222215,-3.018768701479324e-05,-8.067247806664568e-06
120200000.0,0.01570583232607703,0.01164520999719798,-4.055510108824656e-05,3.7545687139761696e-05
120500000.0,0.02893991093310433,-0.003477493235266138,3.978207735233497e-06,7.801598981593827e-05
120800000.0,0.023548439071092275,-0.029190945719875572,7.598100544314867e-05,6.187902418908209e-05
121100000.0,-0.004383018700309549,-0.04401677078752897,0.00011269590590812228,-1.5561419567600154e-05
121400000.0,-0.03778849060824996,-0.031234181544050443,7.245201335082108e-05,-0.00010139495377314844
121700000.0,-0.05144208598346722,0.004727828284082136,-2.4432383638250954e-05,-0.00012768017894737582
122000000.0,-0.03333835681088715,0.039919270694674935,-0.00010886648523777964,-7.031911972132932e-05
122300000.0,0.004410059919393916,0.04986069683716465,-0.0001200069608460197,2.8796741454506503e-05
122600000.0,0.03514555329604718,0.029483302087058405,-5.5773529392677546e-05,9.675089460658981e-05
122900000.0,0.03949252681232451,-0.003446373684020898,2.7783591127539253e-05,9.073116075963839e-05
123200000.0,0.020330605746124775,-0.024224118823930496,6.691217164855878e-05,3.117169044264401e-05
123500000.0,-0.0019416207373978978,-0.022082026936871557,4.4618677922825256e-05,-2.154381895591584e-05
123800000.0,-0.008956957132042476,-0.007499016905327949,5.831000189360225e-07,-2.426040282044184e-05
124100000.0,-0.0006306432094902448,4.220605632809793e-05,-1.1047610149139686e-05,1.0635614573928365e-05
124400000.0,0.006674745873368693,-0.008088509272447197,2.4098714465070614e-05,3.070415669403914e-05
124700000.0,-0.002064314500231035,-0.0210681962372945,6.551767426277166e-05,-2.1460644261672712e-06
125000000.0,-0.0239562155139339,-0.019552117519722856,5.697261846115964e-05,-6.988406118102475e-05
125300000.0,-0.03907679265164177,0.004104354910687391,-1.5978206060918154e-05,-0.00011015879008402507
125600000.0,-0.02872852690684624,0.03577718816896436,-0.00010483863014298933,-7.320733653992662e-05
125900000.0,0.005700452590005511,0.05006349191900483,-0.0001361319414339146,2.796110885405767e-05
126200000.0,0.04131127040240301,0.0325393475625404,-7.629276356890813e-05,0.00012216627919281464
126500000.0,0.05198215747964241,-0.0064485237773723725,3.5506560446263435e-05,0.00013825478647389033
126800000.0,0.030371893175413334,-0.03943582901126774,0.00011801754570384126,6.577677172625584e-05
127100000.0,-0.006073297311075976,-0.044481158545472965,0.00011581367695012723,-3.6592440647797986e-05
127400000.0,-0.030416155877261986,-0.02271034219092627,4.385801141704171e-05,-9.253475217851914e-05
127700000.0,-0.02893075211184737,0.004562334482166364,-3.048286737605821e-05,-7.27259659192292e-05
128000000.0,-0.010964848431726182,0.01585261677148253,-4.9967130438810514e-05,-1.4689372582310511e-05
128300000.0,0.002184234973327648,0.008105298716891696,-1.6617816934072493e-05,1.8056857357340306e-05
128600000.0,-0.0016655582248290557,-0.0028068982179192403,1.6573819335841122e-05,-2.241229383859178e-06
128900000.0,-0.014344453659234091,0.0006126774706913807,1.537741996626707e-06,-4.274723218067322e-05
129200000.0,-0.016216479543999185,0.019063937805519515,-5.50051181178457e-05,-4.460382303506094e-05
129500000.0,0.0033370224158204564,0.03449870577469483,-9.515716524077789e-05,1.6162384811835295e-05
129800000.0,0.03330349664769017,0.026898409524171996,-6.456289826783923e-05,9.923341021966792e-05
130100000.0,0.048787798158173246,-0.005539302565104265,3.206541985556477e-05,0.00013148798638029646
130400000.0,0.03290847232429428,-0.0418480131018697,0.00012720932733456536,7.27806242606377e-05
130700000.0,-0.0068325682322409875,-0.05458624931203815,0.0001450924634514017,-4.348593009151358e-05
131000000.0,-0.04306421830355589,-0.03311286846085437,6.751153893835848e-05,-0.0001337047292166993
131300000.0,-0.05070949307929595,0.006904522955402115,-4.8237174815390915e-05,-0.00013302864117781255
131600000.0,-0.027452877311077373,0.03652889566280493,-0.00011689368436940129,-4.953050963107941e-05
131900000.0,0.005571320952242331,0.03769362719446079,-9.687082777753986e-05,4.4921409925624545e-05
132200000.0,0.02317182075967139,0.016982665569067024,-2.2192927889630454e-05,7.89311026823114e-05
132500000.0,0.017753921535884842,-0.002861470579553327,3.33437841346651e-05,4.2714430611656695e-05
132800000.0,0.0036620346595128694,-0.005179345861485274,2.588819726589975e-05,-9.196128235355872e-06
133100000.0,0.0009260214251582966,0.005593030068126836,-1.9810403690367906e-05,-1.4824628020271291e-05
133400000.0,0.0143531062736173,0.010029980491815138,-3.850160091012356e-05,3.314512185603746e-05
133700000.0,0.02815947815066977,-0.005228859231056759,7.840101349021467e-06,7.930922114018912e-05
134000000.0,0.02156762744330365,-0.03195008104446018,8.764327366472813e-05,5.9998323106214e-05
134300000.0,-0.009288564218238093,-0.04583996206293861,0.00012472569588517501,-3.079848791687212e-05
134600000.0,-0.044361632707435206,-0.02885908739399312,6.94702349250953e-05,-0.00012752253798353763
134900000.0,-0.055365202717723605,0.012256679721357244,-4.977448864496026e-05,-0.00014736737932263821
135200000.0,-0.030661074750113926,0.04915427537875061,-0.00014495182793039518,-6.506354923629942e-05
135500000.0,0.01334146584839857,0.05493961020247795,-0.0001425915373403086,6.0775571006477236e-05
135800000.0,0.04520772679805418,0.026832307979777426,-4.7770070018327004e-05,0.00013588572223000028
136100000.0,0.04462972119422659,-0.012004319452717738,6.087991608882959e-05,0.00011089333956615377
136400000.0,0.01833460851845814,-0.03301594789834894,0.00010111742845397842,2.1305949315486572e-05
136700000.0,-0.00816949655472854,-0.02637814813249406,5.804214599969271e-05,-4.907870932457925e-05
137000000.0,-0.01467625757717883,-0.006965336154856061,-8.768037671913476e-06,-4.650983180853885e-05
137300000.0,-0.003602872726403916,0.0023482054325540958,-2.6902857339194952e-05,5.998729851075524e-06
137600000.0,0.005080023952743318,-0.006490596338259991,1.793149191442467e-05,3.647096982284381e-05
137900000.0,-0.0044203938108040575,-0.01951433599472807,6.920563362244891e-05,-1.602403515210682e-06
138200000.0,-0.02661272038676543,-0.015653735550145598,5.679458712659624e-05,-8.01026413617123e-05
138500000.0,-0.03884045311578177,0.010815521284683882,-3.0765187291059704e-05,-0.00012001184762544526
138800000.0,-0.022994626155693254,0.042035646077536626,-0.00012836655678549747,-6.652510951665747e-05
139100000.0,0.01555968728528967,0.051005695918128424,-0.00014940956764908364,5.4721382699352006e-05
139400000.0,0.049981072020315764,0.0259491449301521,-6.44160222100787e-05,0.00015379118736857933
139700000.0,0.05392336704950651,-0.017684045035764484,6.873198015799886e-05,0.00015223012461618168
140000000.0,0.024120894940537596,-0.048986996039250386,0.0001515240880798352,5.1078637241852576e-05
140300000.0,-0.016672689274528807,-0.047106139842167494,0.00012773024446532943,-6.990973064024963e-05
140600000.0,-0.03912566722127053,-0.01795631953065424,2.8933372873130025e-05,-0.00012134519324846771
140900000.0,-0.0317716575125786,0.012521731938406333,-5.742495994853769e-05,-7.976376592355727e-05
141200000.0,-0.008704211175796672,0.02201935875293337,-6.771877730749054e-05,-2.1263027019102765e-06
141500000.0,0.005767715341249868,0.010685365775715994,-1.6501174435301635e-05,3.2588176924086554e-05
141800000.0,0.0006315354726496025,-0.001813665290533173,2.400527891444071e-05,-5.730387511171386e-07
142100000.0,-0.012304759715988212,0.0025240604057220617,-1.0125284508610832e-06,-5.066054883062776e-05
142400000.0,-0.011593167091490386,0.021202643202343996,-7.15070545687091e-05,-4.411531750592168e-05
142700000.0,0.010876619613540583,0.03299001213138908,-0.00010918275635063424,3.762005313334704e-05
143000000.0,0.0394693947990703,0.018874523502455887,-5.4299408974944896e-05,0.00013185374222479673
143300000.0,0.04761081819070512,-0.01765905172401183,7.010703200638346e-05,0.00014804372306054248
143600000.0,0.022469570773949954,-0.05074535327397989,0.0001698750658070125,5.3104016419780464e-05
143900000.0,-0.021428354014560114,-0.05355123692456054,0.00016008888563368018,-9.149250897433348e-05
144200000.0,-0.05284857141833754,-0.021930602186071013,4.166155110452152e-05,-0.00017785863543506863
144500000.0,-0.049783540225973866,0.02124047099435522,-9.663632830925195e-05,-0.00014333756371898154
144800000.0,-0.01758004866806573,0.04523473142621448,-0.00015367787158382384,-2.311069191440751e-05
145100000.0,0.0168458021955189,0.03702563443168572,-0.00010110423080611497,8.343272753119635e-05
145400000.0,0.029100822194550346,0.010430224251708253,-1.7723256218182826e-06,0.0001011015547767169
145700000.0,0.017619094825491288,-0.008758925921065863,5.321719605344555e-05,4.124652489223557e-05
146000000.0,0.0019878193000835154,-0.007213027103143643,2.908593241679469e-05,-1.7647268989451348e-05
146300000.0,0.0017736158311691952,0.0048683606498221565,-2.517122415701678e-05,-1.0559504545870624e-05
146600000.0,0.01652688778702327,0.006063394563767588,-3.0898265316992024e-05,4.965009205126769e-05
146900000.0,0.026294753923451708,-0.012912657185704557,3.732304091208505e-05,8.57538594007945e-05
147200000.0,0.012245705137573282,-0.037756578418474795,0.00012068371344886586,3.51542509264835e-05
147500000.0,-0.022507720624517447,-0.04275072294082349,0.00012912579957768955,-8.156365778977381e-05
147800000.0,-0.052483065632983994,-0.015612916199732041,2.9848099035501008e-05,-0.0001705184307390084
148100000.0,-0.05133256083145454,0.02851825448329759,-0.00011320271963199957,-0.00014731873387363592
148400000.0,-0.015901941242063344,0.05788810531002575,-0.00018936941874958535,-1.6899788271684812e-05
148700000.0,0.029483120120545436,0.05067900928274671,-0.0001374565778005099,0.0001251485221451798
149000000.0,0.05289756994696404,0.01348352255219254,-1.0397611616141944e-07,0.00017332174771644837
149300000.0,0.04115766889411532,-0.024887983537093872,0.00011395292803761947,0.00010218072444745374
149600000.0,0.009179651843467695,-0.03837613642728899,0.00012516532836404082,-1.6040872513389814e-05
149900000.0,-0.015312802363979472,-0.024711273970403624,4.88262299729314e-05,-8.074131085078484e-05
150200000.0,-0.01693587906970606,-0.004039731554136949,-2.750903737869237e-05,-5.375062521051355e-05
150500000.0,-0.004448383784222187,0.0023367699258383112,-3.104119339969458e-05,1.2193588894593432e-05
150800000.0,0.0008743145444896072,-0.00755923605111164,2.776430219730841e-05,3.157359148153738e-05
151100000.0,-0.011745430131270496,-0.015931817578231033,6.93327255953946e-05,-2.6261859672693788e-05
151400000.0,-0.030686821299894973,-0.0046844003163961645,2.7287083015803404e-05,-0.00010428282053931426
151700000.0,-0.0328025521868085,0.02432791504106646,-8.047385762521841e-05,-0.00011196378505373694
152000000.0,-0.0068577657358019906,0.04825611013226094,-0.00016143384261235738,-1.5717732098741166e-05
152300000.0,0.03296591603567833,0.04326302048291808,-0.00013236688220397141,0.0001209515455378174
152600000.0,0.05707623201658407,0.007288865598418681,1.5611699399897816e-07,0.00018826554166406773
152900000.0,0.04565302343601729,-0.03585457259683977,0.00013915872246528238,0.000127273953198781
153200000.0,0.006264140813172503,-0.055553641542168464,0.00017948888991492495,-1.610270807517189e-05
153500000.0,-0.03221639778412566,-0.03981106929538214,9.845283525233839e-05,-0.0001305855375342002
153800000.0,-0.043980027872066785,-0.004326714410957777,-2.7803656818647937e-05,-0.00013661775198370307
154100000.0,-0.027033947446156503,0.02248884929824868,-9.593177897526672e-05,-5.209098616110186e-05
154400000.0,-0.002108536712626119,0.024451521420864708,-6.759505829689871e-05,3.208543511779016e-05
154700000.0,0.008257320477639496,0.009785854365205182,2.723316837371925e-06,4.106889495347765e-05
155000000.0,0.0004662605036429568,0.0001914249656564948,2.7675754594280733e-05,-1.4913697735208231e-05
155300000.0,-0.00875468673996238,0.008031848662611196,-2.4179367992260836e-05,-5.581451873570842e-05
155600000.0,-0.0009929621514288556,0.02369051003972089,-9.592576914352335e-05,-1.530893186907356e-05
155900000.0,0.023488800242574825,0.025239001017610008,-9.760222923738127e-05,8.790970713257185e-05
156200000.0,0.043668974615457046,0.0012480180133493946,2.5494407891457627e-06,0.00016065961660305383
156500000.0,0.03673261594951782,-0.03525030230250081,0.0001381186973801185,0.00012061675523233895
156800000.0,0.0006824037710657649,-0.05580422160947407,0.00019694455249164022,-2.2036548029014114e-05
157100000.0,-0.04096343486143894,-0.04126521427134833,0.00012090750808946282,-0.000164606303557302
157400000.0,-0.05780054141584401,0.0002826314348922665,-3.8320211454667685e-05,-0.0001974649727324307
157700000.0,-0.03822416117299099,0.0392457564649753,-0.00016085935931453577,-9.9085085200179e-05
158000000.0,0.0010235544604881852,0.04921645179780043,-0.00016152047534800928,4.644186107083392e-05
158300000.0,0.030039730062938474,0.028465153610394367,-6.042774656389582e-05,0.00012575143782145304
158600000.0,0.031605945598073504,-0.0009366373772685677,4.269151713165442e-05,9.563690764813337e-05
158900000.0,0.014088992563188185,-0.014742378216148211,6.44651005838881e-05,1.3668171396141737e-05
159200000.0,0.0003135586868552309,-0.00824078098671066,1.2466078887385379e-05,-2.607728847570101e-05
159500000.0,0.00397736333627563,0.00204918034598478,-3.126774953265965e-05,1.2036976231089014e-05
159800000.0,0.016535133816702796,-0.002632399466449442,8.836073739360017e-07,7.19323588747045e-05
160100000.0,0.01694947745141917,-0.022663332313868523,8.915055497471513e-05,6.571499134888636e-05
160400000.0,-0.005487594087611569,-0.03815923342036598,0.00014159848784700557,-3.256067587636968e-05
160700000.0,-0.03774638316075141,-0.028041699654323793,8.40469366854002e-05,-0.00015178644913488304
161000000.0,-0.05271507379411844,0.008047537997256882,-6.164739785541329e-05,-0.00018389591107531578
161300000.0,-0.033619226415197545,0.046248288432373386,-0.00018755739151954387,-8.441079601939627e-05
161600000.0,0.009407857840201928,0.05764138229788074,-0.00019172279613188792,8.101199970694806e-05
161900000.0,0.0463691622989586,0.03307907097207874,-6.858211791538338e-05,0.00018919070734957355
162200000.0,0.05217101526451984,-0.008841049314526117,8.534611733468367e-05,0.00016450909275878
162500000.0,0.026947571061441522,-0.03785257731701108,0.000155824949944261,4.1257641662323374e-05
162800000.0,-0.0060140333259255385,-0.03743414569649417,0.00010808200162104598,-7.231700105420069e-05
163100000.0,-0.02206247171261566,-0.016699159568915434,8.966475723237721e-06,-9.316040800685932e-05
163400000.0,-0.016211655313654205,0.001123398025526967,-4.316040744267724e-05,-3.349117660602849e-05
163700000.0,-0.004414559595701917,0.001750106234325699,-1.2491326824015658e-05,2.13123030518899e-05
164000000.0,-0.0050942647317526735,-0.007609273420754903,4.5094036140724825e-05,2.646913722363642e-06
164300000.0,-0.019449659453044887,-0.007638296322411975,4.3615565862964445e-05,-7.13122788170012e-05
164600000.0,-0.02976042808126067,0.011490044386533782,-4.1683427062899625e-05,-0.00011309149222143988
164900000.0,-0.017409745175726243,0.03768808424625547,-0.00014258574195569196,-5.417807039390099e-05
165200000.0,0.016734662841926706,0.04635107967590102,-0.00015824253750640338,8.09706403256949e-05
165500000.0,0.04959794655982819,0.02339649213755024,-5.202103718282558e-05,0.00018784003902602708
165800000.0,0.05452927574684452,-0.01958810128999744,0.00010684207919631206,0.0001727820722048634
166100000.0,0.024862976095505473,-0.052887992788768656,0.0001982688937212096,3.8900315912304695e-05
166400000.0,-0.019145880191715037,-0.052957013605961833,0.00015469399349576918,-0.00011311350873141612
166700000.0,-0.04675376560560096,-0.021938794787999427,1.8777497901467655e-05,-0.00017135284848890375
167000000.0,-0.04204149744462882,0.015032577864829477,-9.705275142302128e-05,-0.00010797959595848505
167300000.0,-0.015567850118571869,0.03205838159710339,-0.00011141012456628019,3.037936489758142e-06
167600000.0,0.007533663184233319,0.023878012471570287,-4.1955514251235115e-05,6.010133821643393e-05
167900000.0,0.01124961811589742,0.00729099739402983,2.1042371389778936e-05,2.906479647413196e-05
168200000.0,0.0018821840097160702,0.0023545509447515656,8.010592106977299e-06,-3.0427668836596755e-05
168500000.0,-0.0011133763267281438,0.012008681064763493,-6.042023860075574e-05,-3.0909049953231627e-05
168800000.0,0.013000192564632584,0.019852958651661368,-9.513744641154176e-05,4.9768907053215905e-05
169100000.0,0.033469956707293136,0.00804419758017616,-3.0743627028595455e-05,0.00013990502551713968
169400000.0,0.03735679424529792,-0.02237481224373994,0.00010163487918246616,0.00014002105699673084
169700000.0,0.012425056595986916,-0.04910604537894869,0.0001938278132382898,2.1696252914815695e-05
170000000.0,-0.02844422998158791,-0.04755663584246861,0.0001573759043393963,-0.0001362249037492047
