weak_strong_ratio,deleted_traces,whole_D,weak_event_D,weak_max_trace_D
0.01,1,0.0006249687523435549,0.062499999999999965,1.0
0.01,4,0.0012499375046871098,0.12499999999999993,1.0
0.01,16,0.0024998750093742196,0.24999999999999986,1.0
0.01,256,0.009999500037496882,1.0,1.0
0.1,1,0.006218982438812435,0.062499999999999965,1.0
0.1,4,0.01243796487762487,0.12499999999999993,1.0
0.1,16,0.02487592975524974,0.24999999999999986,1.0
0.1,256,0.09950371902099887,1.0,1.0
0.5,1,0.02795084971874738,0.062499999999999965,1.0
0.5,4,0.05590169943749476,0.12499999999999993,1.0
0.5,16,0.11180339887498952,0.24999999999999986,1.0
0.5,256,0.447213595499958,1.0,1.0
