frequency_Hz,covered_re,covered_im,COVER_re,COVER_im
2.000000000000000000e+07,4.444806436272893180e+00,3.421614465168268282e+00,4.444660605049506330e+00,3.421570946358329479e+00
2.030000000000000000e+07,5.029317520247063911e+00,2.540583821937682174e+00,5.029194662674036920e+00,2.540540211428217177e+00
2.060000000000000000e+07,5.439465769754806779e+00,1.562557818801870724e+00,5.439316943954423778e+00,1.562501640502439670e+00
2.090000000000000000e+07,5.660044565055208921e+00,5.219675334247234622e-01,5.659848939983582738e+00,5.219450574161186296e-01
2.120000000000000000e+07,5.682611312499770584e+00,-5.446615508667008720e-01,5.682406157034016303e+00,-5.446162933903622161e-01
2.150000000000000000e+07,5.505675039911276158e+00,-1.600021610599392075e+00,5.505500456473569670e+00,-1.599925941614740665e+00
2.180000000000000000e+07,5.134637042427253384e+00,-2.607311128543888135e+00,5.134494364506664965e+00,-2.607195426115039183e+00
2.210000000000000000e+07,4.581506392597768595e+00,-3.531456924867375946e+00,4.581381426438014159e+00,-3.531327037913831290e+00
2.240000000000000000e+07,3.864418255824849435e+00,-4.340235809380662779e+00,3.864310202892347945e+00,-4.340085757078719908e+00
2.270000000000000000e+07,3.006985630121949526e+00,-5.005271728685081634e+00,3.006899394474814358e+00,-5.005102131745386984e+00
2.300000000000000000e+07,2.037514733830188884e+00,-5.502892936318323436e+00,2.037452420927550634e+00,-5.502703218552413844e+00
2.330000000000000000e+07,9.881115734577639031e-01,-5.814840445592042606e+00,9.880845130809703392e-01,-5.814628084863530333e+00
2.360000000000000000e+07,-1.062967096554553459e-01,-5.928823277444947415e+00,-1.062715215091287746e-01,-5.928602982410625444e+00
2.390000000000000000e+07,-1.209006128166302485e+00,-5.838917693234916939e+00,-1.208933601217871967e+00,-5.838717972753901364e+00
2.420000000000000000e+07,-2.282629196205822275e+00,-5.545807073960824063e+00,-2.282537341484299986e+00,-5.545635222832009603e+00
2.450000000000000000e+07,-3.290221932764104462e+00,-5.056857137736174401e+00,-3.290122351076973928e+00,-5.056690029117106633e+00
2.480000000000000000e+07,-4.196428013156005221e+00,-4.386018804813801353e+00,-4.196297091396282042e+00,-4.385842984742462036e+00
2.510000000000000000e+07,-4.968620187815871780e+00,-3.553549343257901949e+00,-4.968435792523330008e+00,-3.553389146524480680e+00
2.540000000000000000e+07,-5.578013910393623043e+00,-2.585542484165622490e+00,-5.577791015057485424e+00,-2.585430195242651052e+00
2.570000000000000000e+07,-6.000721977023090403e+00,-1.513260749689618212e+00,-6.000491963237635673e+00,-1.513196505758065413e+00
2.600000000000000000e+07,-6.218712965487764421e+00,-3.722686756816310227e-01,-6.218482720585797097e+00,-3.722312638351876757e-01
2.630000000000000000e+07,-6.220631552377087203e+00,7.986261229523448080e-01,-6.220385152445949473e+00,7.986409272099894707e-01
2.660000000000000000e+07,-6.002436470815863956e+00,1.958606496574256228e+00,-6.002168274154968231e+00,1.958580382288015898e+00
2.690000000000000000e+07,-5.567812810416391756e+00,3.066224302462674522e+00,-5.567537622966135302e+00,3.066142410456432543e+00
2.720000000000000000e+07,-4.928320068658138986e+00,4.080881932673610990e+00,-4.928054980949490016e+00,4.080744309455998753e+00
2.750000000000000000e+07,-4.103245944031871595e+00,4.964363341027808296e+00,-4.103001050553601203e+00,4.964173617453546683e+00
2.780000000000000000e+07,-3.119148001057927111e+00,5.682351766799464521e+00,-3.118933510191858716e+00,5.682112363489574491e+00
2.810000000000000000e+07,-2.009080337223195123e+00,6.205865283191926984e+00,-2.008906458037841958e+00,6.205583350768945294e+00
2.840000000000000000e+07,-8.115192345218465997e-01,6.512539298573944535e+00,-8.113892450420436830e-01,6.512222495705662695e+00
2.870000000000000000e+07,4.309807325569628422e-01,6.587687693528110344e+00,4.310630864734861234e-01,6.587334823066788303e+00
2.900000000000000000e+07,1.673351846920452690e+00,6.425081495362881867e+00,1.673368959112458754e+00,6.424691960048989792e+00
2.930000000000000000e+07,2.869736525769108315e+00,6.027395600289794153e+00,2.869666110254875946e+00,6.026988202481000201e+00
2.960000000000000000e+07,3.975293885859719545e+00,5.406289423431135610e+00,3.975132807812578051e+00,5.405896812064854728e+00
2.990000000000000000e+07,4.948007141660057506e+00,4.582105557438424626e+00,4.947771827109534115e+00,4.581747998441538350e+00
3.020000000000000000e+07,5.750406521932943882e+00,3.583190391117697438e+00,5.750107433909775523e+00,3.582869487556616939e+00
3.050000000000000000e+07,6.351124620358181261e+00,2.444860875469880845e+00,6.350755512667745961e+00,2.444582825228618361e+00
3.080000000000000000e+07,6.726208384673532770e+00,1.208060871368984213e+00,6.725766843803043571e+00,1.207850959195380769e+00
3.110000000000000000e+07,6.860123902840409293e+00,-8.223253690058714149e-02,6.859629436031454475e+00,-8.234653888184118031e-02
3.140000000000000000e+07,6.746406028863780158e+00,-1.378778890393361989e+00,6.745889429688446626e+00,-1.378786843319958599e+00
3.170000000000000000e+07,6.387923674131671170e+00,-2.633937404520697800e+00,6.387408311664749760e+00,-2.633842580702036251e+00
3.200000000000000000e+07,5.796752013642031187e+00,-3.801536192028276417e+00,5.796254036794799447e+00,-3.801340844465109114e+00
3.230000000000000000e+07,4.993663522131372545e+00,-4.838661858524988091e+00,4.993202021420430015e+00,-4.838366677622365053e+00
3.260000000000000000e+07,4.007269230990837983e+00,-5.707290047234702790e+00,4.006866149040554603e+00,-5.706901750642456861e+00
3.290000000000000000e+07,2.872858533692007388e+00,-6.375688501350040838e+00,2.872532952238238124e+00,-6.375219460829717022e+00
3.320000000000000000e+07,1.630999117608304516e+00,-6.819538905351056002e+00,1.630768532085298261e+00,-6.819003956931220856e+00
3.350000000000000000e+07,3.259673280950114993e-01,-7.022740943833362337e+00,3.258487648474002185e-01,-7.022161701277182644e+00
3.380000000000000000e+07,-9.959169577430898590e-01,-6.977880260124472933e+00,-9.959155299688120522e-01,-6.977287086262502491e+00
3.410000000000000000e+07,-2.287978033320881011e+00,-6.686359823064743857e+00,-2.287863502708027852e+00,-6.685780701884319832e+00
3.440000000000000000e+07,-3.504827338447271678e+00,-6.158210220270574631e+00,-3.504611010692904927e+00,-6.157660771108600883e+00
3.470000000000000000e+07,-4.603903561766509611e+00,-5.411607430738418323e+00,-4.603588799874081872e+00,-5.411099109726402290e+00
3.500000000000000000e+07,-5.546863197167778203e+00,-4.472135903495147780e+00,-5.546451790720503539e+00,-4.471689579451757268e+00
3.530000000000000000e+07,-6.300787278014825965e+00,-3.371839965535893047e+00,-6.300294690870245518e+00,-3.371481283686923902e+00
3.560000000000000000e+07,-6.839181939499161089e+00,-2.148107890380733576e+00,-6.838635919256240925e+00,-2.147850331855110984e+00
3.590000000000000000e+07,-7.142760713512417148e+00,-8.424310404918212702e-01,-7.142184602892029943e+00,-8.422727153177600457e-01
3.620000000000000000e+07,-7.200004193135004726e+00,5.009236134010034425e-01,-7.199409939369459721e+00,5.009861812595399755e-01
3.650000000000000000e+07,-7.007497534950565488e+00,1.836294349243920987e+00,-7.006895557765275839e+00,1.836257859175577600e+00
3.680000000000000000e+07,-6.570048331497067906e+00,3.118030419710329681e+00,-6.569455421514213356e+00,3.117891557058395158e+00
3.710000000000000000e+07,-5.900587298536048131e+00,4.301897484870631061e+00,-5.900021855430019002e+00,4.301659875049365311e+00
3.740000000000000000e+07,-5.019852967491745588e+00,5.346458817281888543e+00,-5.019329123988555352e+00,5.346129883516254289e+00
3.770000000000000000e+07,-3.955860336375550457e+00,6.214407208626740342e+00,-3.955389821845969323e+00,6.213993843819627827e+00
3.800000000000000000e+07,-2.743153393090874914e+00,6.873819268692013651e+00,-2.742747790310986034e+00,6.873329292478841168e+00
3.830000000000000000e+07,-1.421843559071044760e+00,7.299299198873293371e+00,-1.421512149827620419e+00,7.298741655335865275e+00
3.860000000000000000e+07,-3.644101402976122200e-02,7.472974224971200563e+00,-3.619181759098921702e-02,7.472355508579386907e+00
3.890000000000000000e+07,1.365506316620153093e+00,7.385299947951805777e+00,1.365660284825473525e+00,7.384625053261700600e+00
3.920000000000000000e+07,2.734940979017912888e+00,7.035632159920838014e+00,2.734981533256451769e+00,7.034913291766004662e+00
3.950000000000000000e+07,4.022954237747117467e+00,6.432523213894613789e+00,4.022867648372546512e+00,6.431782673525688665e+00
3.980000000000000000e+07,5.182524634205325498e+00,5.593706509174436903e+00,5.182307059993924270e+00,5.592967862304362825e+00
4.010000000000000000e+07,6.170275481758157987e+00,4.545742280153485915e+00,6.169925544121561245e+00,4.545023749485956444e+00
4.040000000000000000e+07,6.948180563170779145e+00,3.323311382444269046e+00,6.947692017545207932e+00,3.322632657376869858e+00
4.070000000000000000e+07,7.485141496315387499e+00,1.968160417329317458e+00,7.484509512408692444e+00,1.967551776620414472e+00
4.100000000000000000e+07,7.758358968504816211e+00,5.277201993826196036e-01,7.757591496184666369e+00,5.272187919468844797e-01
4.130000000000000000e+07,7.754423887714446018e+00,-9.465611377464732135e-01,7.753542275650495696e+00,-9.469225578564604007e-01
4.160000000000000000e+07,7.470063589602750298e+00,-2.401110702249463991e+00,7.469094679357105804e+00,-2.401307326449353852e+00
4.190000000000000000e+07,6.912492242007574283e+00,-3.782273364310179797e+00,6.911465533967160013e+00,-3.782283922966323431e+00
4.220000000000000000e+07,6.099332746653193027e+00,-5.038416248617121340e+00,6.098284283039753007e+00,-5.038222259687131555e+00
4.250000000000000000e+07,5.058098636625950384e+00,-6.121999744788738873e+00,5.057072014660214165e+00,-6.121590586689082514e+00
4.280000000000000000e+07,3.825247329577590172e+00,-6.991517652279312323e+00,3.824289692073058688e+00,-6.990893619087243493e+00
4.310000000000000000e+07,2.444839088795487392e+00,-7.613213005491373586e+00,2.443998463799957221e+00,-7.612384883884965703e+00
4.340000000000000000e+07,9.668575992293381161e-01,-7.962485801139211006e+00,9.661817704905715232e-01,-7.961476423263627922e+00
4.370000000000000000e+07,-5.547333038177392206e-01,-8.024923739427178404e+00,-5.552019687609117682e-01,-8.023770185000623556e+00
4.400000000000000000e+07,-2.064107805141250918e+00,-7.796906272913993519e+00,-2.064339181256471534e+00,-7.795655989791095308e+00
4.430000000000000000e+07,-3.505773047362368722e+00,-7.285754488244706728e+00,-3.505749452253134280e+00,-7.284457831451584653e+00
4.460000000000000000e+07,-4.826739384919484621e+00,-6.509423145717969206e+00,-4.826450870332770648e+00,-6.508132004465814191e+00
4.490000000000000000e+07,-5.978567260987706078e+00,-5.495754959058110956e+00,-5.978012688509984685e+00,-5.494526867255238756e+00
4.520000000000000000e+07,-6.919200607631091238e+00,-4.281339292758013393e+00,-6.918395373977425322e+00,-4.280235624100821923e+00
4.550000000000000000e+07,-7.614510410914618888e+00,-2.910036386871827752e+00,-7.613488958241539706e+00,-2.909111823406686170e+00
4.580000000000000000e+07,-8.039489879611130263e+00,-1.431242737059334580e+00,-8.038297917463715692e+00,-1.430537453451460550e+00
4.610000000000000000e+07,-8.179063093888995439e+00,1.020175272448889670e-01,-8.177749493567624484e+00,1.024757781191176775e-01
4.640000000000000000e+07,-8.028490470316187455e+00,1.635086945003179082e+00,-8.027107110473437501e+00,1.635278701862077355e+00
4.670000000000000000e+07,-7.593375186797011622e+00,3.113668568163073580e+00,-7.591978997558562980e+00,3.113584891824892509e+00
4.700000000000000000e+07,-6.889293299726027442e+00,4.485740471260198703e+00,-6.887942461848197695e+00,4.485387329798228961e+00
4.730000000000000000e+07,-5.941085363742658387e+00,5.703323342458181067e+00,-5.939832591523654060e+00,5.702720693238823912e+00
4.760000000000000000e+07,-4.781858058206824857e+00,6.724047508170437837e+00,-4.780747611217357473e+00,6.723224855934965660e+00
4.790000000000000000e+07,-3.451750279727463067e+00,7.512480741856738753e+00,-3.450817618454067315e+00,7.511474510216487488e+00
4.820000000000000000e+07,-1.996519582065656939e+00,8.041192694842630218e+00,-1.995789779822992216e+00,8.040044165678935428e+00
4.850000000000000000e+07,-4.660024645226155671e-01,8.291544395613840379e+00,-4.654896114899855775e-01,8.290295217948077777e+00
4.880000000000000000e+07,1.087503024609800528e+00,8.254201013017887334e+00,1.087792326520336417e+00,8.252889708876487873e+00
4.910000000000000000e+07,2.610890199875446349e+00,7.929372502986356430e+00,2.610953443135606733e+00,7.928035819548643559e+00
4.940000000000000000e+07,4.051896133038244585e+00,7.326789963347412282e+00,4.051736393987411589e+00,7.325464724518472082e+00
4.970000000000000000e+07,5.360722243371212947e+00,6.465426151103597086e+00,5.360350237060231393e+00,6.464145935130545695e+00
5.000000000000000000e+07,6.491594307285972754e+00,5.372967736241113457e+00,6.491024385073352221e+00,5.371758465091783563e+00
5.030000000000000000e+07,7.404233059144548434e+00,4.085045775863560991e+00,7.403476573976575992e+00,4.083928089637929304e+00
5.060000000000000000e+07,8.065204185390284053e+00,2.644230903168340419e+00,8.064269123636755410e+00,2.643227222803027132e+00
5.090000000000000000e+07,8.449112596451925583e+00,1.098801933575911383e+00,8.448009325572108708e+00,1.097939002323457203e+00
5.120000000000000000e+07,8.539601564337679918e+00,-4.986983134159566067e-01,8.538346066578952787e+00,-4.993930392091385784e-01
5.150000000000000000e+07,8.330114016412441202e+00,-2.093098030131716136e+00,8.328725840679837233e+00,-2.093598720713423234e+00
5.180000000000000000e+07,7.824372343879084646e+00,-3.628389532363142322e+00,7.822873538293762863e+00,-3.628669733225589056e+00
5.210000000000000000e+07,7.036535656767738622e+00,-5.049635205348486977e+00,7.034954237824109669e+00,-5.049666352374412526e+00
5.240000000000000000e+07,5.991000232180615725e+00,-6.304928098859493346e+00,5.989373830074285365e+00,-6.304682526501125039e+00
5.270000000000000000e+07,4.721820177307161970e+00,-7.347337197078918081e+00,4.720196223888414977e+00,-7.346792396796349323e+00
5.300000000000000000e+07,3.271740722419767877e+00,-8.136758292883241594e+00,3.270175510211792869e+00,-8.135899626094545312e+00
5.330000000000000000e+07,1.690855204681001700e+00,-8.641586375424084920e+00,1.689413416251959177e+00,-8.640410335022323807e+00
5.360000000000000000e+07,3.491740405188933916e-02,-8.840125535659703715e+00,3.366927109973261167e-02,-8.838644342823773314e+00
5.390000000000000000e+07,-1.636638138165213308e+00,-8.721658189135487405e+00,-1.637622778371564891e+00,-8.719901910903498532e+00
5.420000000000000000e+07,-3.262895559264431089e+00,-8.287106971183305859e+00,-3.263551972327910278e+00,-8.285121836036623222e+00
5.450000000000000000e+07,-4.783787991742341816e+00,-7.549239514658747652e+00,-4.784058208400686851e+00,-7.547086947092729758e+00
5.480000000000000000e+07,-6.142457721755122613e+00,-6.532387534178883293e+00,-6.142293912940949951e+00,-6.530146030306433147e+00
5.510000000000000000e+07,-7.287538608073087509e+00,-5.271675882565689975e+00,-7.286911043071818028e+00,-5.269440467042770138e+00
5.540000000000000000e+07,-8.175252955582323011e+00,-3.811782908876030884e+00,-8.174157189961640313e+00,-3.809657914523022271e+00
5.570000000000000000e+07,-8.771221374487302214e+00,-2.205278784394423930e+00,-8.769678956455194907e+00,-2.203368347619239387e+00
5.600000000000000000e+07,-9.051896803081845633e+00,-5.106117197360269255e-01,-9.049952260196320708e+00,-5.090142801177464094e-01
5.630000000000000000e+07,-9.005552104640763389e+00,1.210168451979332094e+00,-9.003272111184358550e+00,1.211363090118197761e+00
5.660000000000000000e+07,-8.632773325645656470e+00,2.893845377917859452e+00,-8.630247192406258705e+00,2.894561784336467269e+00
5.690000000000000000e+07,-7.946436344800431151e+00,4.478517651198512084e+00,-7.943772553070211018e+00,4.478702902035337274e+00
5.720000000000000000e+07,-6.971171541363093915e+00,5.906012623102819603e+00,-6.968489854907517156e+00,5.905641673616720766e+00
5.750000000000000000e+07,-5.742347452940330221e+00,7.124123631679405655e+00,-5.739770822211298196e+00,7.123200483565199193e+00
5.780000000000000000e+07,-4.304628394517401979e+00,8.088573175406441607e+00,-4.302276165091406313e+00,8.087130626889212692e+00
5.810000000000000000e+07,-2.710181062999921231e+00,8.764621500668395626e+00,-2.708161620114452717e+00,8.762719952104468746e+00
5.840000000000000000e+07,-1.016619955485511539e+00,9.128261177268196747e+00,-1.015023353912418713e+00,9.125984360678444318e+00
5.870000000000000000e+07,7.152098859544712139e-01,9.166961867011876208e+00,7.163163615153891328e-01,9.164410248862296271e+00
5.900000000000000000e+07,2.423512078634231237e+00,8.879953819574247120e+00,2.424085780231763465e+00,8.877238877853713461e+00
5.930000000000000000e+07,4.047783381128509106e+00,8.278061808867597904e+00,4.047808601350858737e+00,8.275300877526348131e+00
5.960000000000000000e+07,5.530936336374937312e+00,7.383121561833471347e+00,5.530426230173873137e+00,7.380429989958969372e+00
5.990000000000000000e+07,6.821226773129928311e+00,6.227026873595382206e+00,6.820220558861869620e+00,6.224508412817982617e+00
6.020000000000000000e+07,7.873929337316731392e+00,4.850466674482984963e+00,7.872484650978989862e+00,4.848207527781667636e+00
6.050000000000000000e+07,8.652721591451957295e+00,3.301417023901616954e+00,8.650907436571401377e+00,3.299485368892213444e+00
6.080000000000000000e+07,9.130753751258900763e+00,1.633453674785728005e+00,9.128646949680046419e+00,1.631900223516609572e+00
6.110000000000000000e+07,9.291395353574731786e+00,-9.605263403722499871e-02,9.289077086123334936e+00,-9.719602543020755547e-02
6.140000000000000000e+07,9.128661046122205747e+00,-1.827802321211368763e+00,9.126210625502842788e+00,-1.828522892182839144e+00
6.170000000000000000e+07,8.647324814072023358e+00,-3.502446301002521523e+00,8.644813739205908121e+00,-3.502746230068019884e+00
6.200000000000000000e+07,7.862735494632856259e+00,-5.062437581741004777e+00,7.860225705152622311e+00,-5.062327757208521462e+00
6.230000000000000000e+07,6.800347144181858816e+00,-6.453819881684028203e+00,6.797892485622703873e+00,-6.453315585831006729e+00
6.260000000000000000e+07,5.494976920190599579e+00,-7.627921214698809571e+00,5.492624858326585979e+00,-7.627039702514707642e+00
6.290000000000000000e+07,3.989802062125194837e+00,-8.542920797103297659e+00,3.987595712209277110e+00,-8.541679085366006063e+00
6.320000000000000000e+07,2.335107724876607893e+00,-9.165255554879903954e+00,2.333089417994109738e+00,-9.163669406907899884e+00
6.350000000000000000e+07,5.867999960192723519e-01,-9.470828859712659309e+00,5.850147629422579598e-01,-9.468914526623159134e+00
6.380000000000000000e+07,-1.195295889755852325e+00,-9.445980202624449262e+00,-1.196799044053712180e+00,-9.443757474053924739e+00
6.410000000000000000e+07,-2.949323234774531954e+00,-9.088171836466800713e+00,-2.950491102124694009e+00,-9.085666378757835560e+00
6.440000000000000000e+07,-4.613426975746012459e+00,-8.406348450091602587e+00,-4.614201359819041670e+00,-8.403594784295250975e+00
6.470000000000000000e+07,-6.127878515051966346e+00,-7.420929865380258228e+00,-6.128197069810461528e+00,-7.417976875660698965e+00
6.500000000000000000e+07,-7.437225288863026584e+00,-6.163405292830217874e+00,-7.437027011273805499e+00,-6.160321708319131062e+00
6.530000000000000000e+07,-8.492386331902388008e+00,-4.675510976112576600e+00,-8.491619994547612293e+00,-4.672386514492984588e+00
6.560000000000000000e+07,-9.252606613001917779e+00,-3.007990616462294486e+00,-9.251237592719746772e+00,-3.004933018561210645e+00
6.590000000000000000e+07,-9.687179139078759604e+00,-1.218958740279642461e+00,-9.685193945809317029e+00,-1.216090445678091214e+00
6.620000000000000000e+07,-9.776845801024830251e+00,6.280903467951468588e-01,-9.774257363649276442e+00,6.306352577936067405e-01
6.650000000000000000e+07,-9.514796176803960392e+00,2.466562978699896824e+00,-9.511650341339709769e+00,2.468644883826073055e+00
6.680000000000000000e+07,-8.907197942592585349e+00,4.229250450994779698e+00,-8.903577478653360799e+00,4.230734472928155299e+00
6.710000000000000000e+07,-7.973212522508275946e+00,5.850915108609780368e+00,-7.969236220348527411e+00,5.851682477089710233e+00
6.740000000000000000e+07,-6.744473969163001570e+00,7.270864685678414929e+00,-6.740292401908931197e+00,7.270822501154725614e+00
6.770000000000000000e+07,-5.264036244757266836e+00,8.435396432514272291e+00,-5.259825756658379703e+00,8.434486271912717825e+00
6.800000000000000000e+07,-3.584822233324115981e+00,9.299994680235741384e+00,-3.580776269106536347e+00,9.298200356050017490e+00
6.830000000000000000e+07,-1.767635013237445651e+00,9.831174778429522476e+00,-1.763952498098625199e+00,9.828527291625718476e+00
6.860000000000000000e+07,1.211837491152520097e-01,1.000788235452772135e+01,1.243108700234358821e-01,1.000446082991844321e+01
6.890000000000000000e+07,2.012343674966524887e+00,9.822378636711549760e+00,2.014742291994664924e+00,9.818308450622382111e+00
6.920000000000000000e+07,3.836325442046922607e+00,9.280568770748157448e+00,3.837853389833867368e+00,9.276017320864966109e+00
6.950000000000000000e+07,5.526105261679505887e+00,8.401758926510815684e+00,5.526663318337583064e+00,8.396927101371275626e+00
6.980000000000000000e+07,7.019759502777644045e+00,7.217857604292767348e+00,7.019299872692908338e+00,7.212966403626708711e+00
7.010000000000000000e+07,8.262832889687514282e+00,5.772064920080916650e+00,8.261361809989924865e+00,5.767340618480687908e+00
7.040000000000000000e+07,9.210368437429758970e+00,4.117118863755692360e+00,9.207944737564357496e+00,4.112779973349717011e+00
7.070000000000000000e+07,9.828517645313546325e+00,2.313187913509880733e+00,9.825249761315735242e+00,2.309433177939922643e+00
7.100000000000000000e+07,1.009567388880041783e+01,4.255136620352645838e-01,1.009171418399752085e+01,4.225094234352440026e-01
7.130000000000000000e+07,1.000309856016485988e+01,-1.478085528070520960e+00,9.998632594541387419e+00,-1.480216622926462833e+00
7.160000000000000000e+07,9.555036288479179518e+00,-3.329738583583337075e+00,9.550268364813739197e+00,-3.330923832027053777e+00
7.190000000000000000e+07,8.768340527226202497e+00,-5.063968723507447756e+00,8.763479387165190815e+00,-5.064185971148916110e+00
7.220000000000000000e+07,7.671652166445817933e+00,-6.619970858544799164e+00,7.666898542060483379e+00,-6.619245681446372487e+00
7.250000000000000000e+07,6.304190246180576551e+00,-7.943643327179447766e+00,6.299725644624565746e+00,-7.942043742147376406e+00
7.280000000000000000e+07,4.714224515276748129e+00,-8.989316844791657601e+00,4.710201804274653625e+00,-8.986944799781355186e+00
7.310000000000000000e+07,2.957304336660343758e+00,-9.721142982545080358e+00,2.953842100107564761e+00,-9.718123365465615393e+00
7.340000000000000000e+07,1.094317789328889567e+00,-1.011412259155894589e+01,1.091498867756268254e+00,-1.011059217179599301e+01
7.370000000000000000e+07,-8.105501521309121937e-01,-1.015476982958958985e+01,-8.126772165622249133e-01,-1.015086725266679935e+01
7.400000000000000000e+07,-2.691899247667601802e+00,-9.841418839791746365e+00,-2.693316082929154476e+00,-9.837275484876187193e+00
7.430000000000000000e+07,-4.485183157789707664e+00,-9.184187329439096104e+00,-4.485894046314644612e+00,-9.179920357762014760e+00
7.460000000000000000e+07,-6.128722106471785835e+00,-8.204614635101606268e+00,-6.128744602524342611e+00,-8.200324691756719631e+00
7.490000000000000000e+07,-7.565621264961643000e+00,-6.934992281272826631e+00,-7.564978497750011854e+00,-6.930765789898686080e+00
7.520000000000000000e+07,-8.745560523936376285e+00,-5.417403922672515471e+00,-8.744276689229703692e+00,-5.413317087559349261e+00
7.550000000000000000e+07,-9.626421746571407922e+00,-3.702490487122017448e+00,-9.624519255531509998e+00,-3.698613410413557290e+00
7.580000000000000000e+07,-1.017571747783505565e+01,-1.847956813742647642e+00,-1.017321515216261574e+01,-1.844358926360399664e+00
7.610000000000000000e+07,-1.037178149172639685e+01,8.316071597079990885e-02,-1.036869600396159896e+01,8.640362501813569907e-02
7.640000000000000000e+07,-1.020467796428193985e+01,2.024439495214610307e+00,-1.020102997219994023e+01,2.027239599980589446e+00
7.670000000000000000e+07,-9.676784106894523063e+00,3.908193002252495329e+00,-9.672606997189753031e+00,3.910449098265530665e+00
7.700000000000000000e+07,-8.803002318778927915e+00,5.667721613890621235e+00,-8.798350505000197330e+00,5.669321930175954094e+00
7.730000000000000000e+07,-7.610563503072239833e+00,7.239629531168618293e+00,-7.605519451771186823e+00,7.240457188262269028e+00
7.760000000000000000e+07,-6.138393776894107923e+00,8.566131837956724837e+00,-6.133073876276540659e+00,8.566072988868839388e+00
7.790000000000000000e+07,-4.436032376790811860e+00,9.597264287323973520e+00,-4.430590214711305208e+00,9.596219387683163404e+00
7.820000000000000000e+07,-2.562108433382213502e+00,1.029290092296438885e+01,-2.556733630485691577e+00,1.029079770084780421e+01
7.850000000000000000e+07,-5.824071831439143754e-01,1.062448256528027812e+01,-5.773197576639432782e-01,1.062128849275829623e+01
7.880000000000000000e+07,1.432419629085338375e+00,1.057636350963098160e+01,1.436978571027381690e+00,1.057209690962214665e+01
7.910000000000000000e+07,3.409420915003602115e+00,1.014669488142427944e+01,3.413202507257995677e+00,1.014143407010929820e+01
7.940000000000000000e+07,5.276091978944453587e+00,9.347780707882611395e+00,5.278857024049486313e+00,9.341668927886971119e+00
7.970000000000000000e+07,6.963183687919918263e+00,8.205866020600328881e+00,6.964721783026984525e+00,8.199109897954741655e+00
8.000000000000000000e+07,8.407449955032831213e+00,6.760343787037623287e+00,8.407597014839277350e+00,6.753205809516273916e+00
8.030000000000000000e+07,9.554205663047602215e+00,5.062397374518361026e+00,9.552858817219204823e+00,5.055184432876558276e+00
8.060000000000000000e+07,1.035957214673857685e+01,3.173125529106274101e+00,1.035670248956759565e+01,3.166173802062616005e+00
8.090000000000000000e+07,1.079230000645901733e+01,1.161225387275354626e+00,1.078796180556438600e+01,1.154880521994826381e+00
8.120000000000000000e+07,1.083507867371350919e+01,-8.996661859736555522e-01,1.082941194209168856e+01,-9.050724550505719890e-01
8.150000000000000000e+07,1.048526759440556511e+01,-2.933853384123092489e+00,1.047849278601786338e+01,-2.938026458063333735e+00
8.180000000000000000e+07,9.755013499818156575e+00,-4.866552461757433612e+00,9.747419988475638064e+00,-4.869255085676456929e+00
8.210000000000000000e+07,8.670750044399982315e+00,-6.626816456058741700e+00,8.662680092344736238e+00,-6.627885342836847826e+00
8.240000000000000000e+07,7.272107974260599406e+00,-8.150280634891831966e+00,7.263936397566755687e+00,-8.149638908945348703e+00
8.270000000000000000e+07,5.610293806779169223e+00,-9.381606999582585260e+00,5.602404108891181345e+00,-9.379270527475028985e+00
8.300000000000000000e+07,3.746020755112546841e+00,-1.027652444878497562e+01,3.738780335666159971e+00,-1.027260071267428998e+01
8.330000000000000000e+07,1.747095636642874039e+00,-1.080338506166941315e+01,1.740832703533756742e+00,-1.079806518051115916e+01
8.360000000000000000e+07,-3.142214693440819051e-01,-1.094418457450581172e+01,-3.192379255260089366e-01,-1.093772949022356045e+01
8.390000000000000000e+07,-2.363962664224570798e+00,-1.069502441333665566e+01,-2.367538362148062348e+00,-1.068774570141509628e+01
8.420000000000000000e+07,-4.329182900036831150e+00,-1.006602141247404347e+01,-4.331206902112215928e+00,-1.005825822303765449e+01
8.450000000000000000e+07,-6.140565311826662764e+00,-9.080697497423678044e+00,-6.141010761683849850e+00,-9.072792952676920208e+00
8.480000000000000000e+07,-7.734805747919484276e+00,-7.774903347742765369e+00,-7.733724134587804500e+00,-7.767183310531464713e+00
8.510000000000000000e+07,-9.056700205616527555e+00,-6.195346075543895381e+00,-9.054210882882138378e+00,-6.188101010540307811e+00
8.540000000000000000e+07,-1.006088009890362400e+01,-4.397800585593279799e+00,-1.005715531340420554e+01,-4.391270998480194976e+00
8.570000000000000000e+07,-1.071316145397110020e+01,-2.445087556229768921e+00,-1.070840736760161072e+01,-2.439455198442232131e+00
8.600000000000000000e+07,-1.099149332803760792e+01,-4.048986255436768378e-01,-1.098593003728355910e+01,-4.002854323490083743e-01
8.630000000000000000e+07,-1.088650647332142185e+01,1.652457293772474634e+00,-1.088035093196006109e+01,1.655983412927881204e+00
8.660000000000000000e+07,-1.040167462285867650e+01,3.656321888504858730e+00,-1.039512820510330648e+01,3.658737220618178299e+00
8.690000000000000000e+07,-9.553107574705045124e+00,5.537914768278663580e+00,-9.546348134760798132e+00,5.539227783012464101e+00
8.720000000000000000e+07,-8.368998032312143565e+00,7.232474393650281996e+00,-8.362176811609325355e+00,7.232712370623517018e+00
8.750000000000000000e+07,-6.888744073225789855e+00,8.681273257584596337e+00,-6.881988366059120565e+00,8.680469396281552008e+00
8.780000000000000000e+07,-5.161767730045225377e+00,9.833471308619314399e+00,-5.155188656167365657e+00,9.831655134713884081e+00
8.810000000000000000e+07,-3.246049183622262468e+00,1.064777175375598794e+01,-3.239752245248165519e+00,1.064496455621865323e+01
8.840000000000000000e+07,-1.206397043721121554e+00,1.109384101517089505e+01,-1.200493349415038047e+00,1.109005644812746993e+01
8.870000000000000000e+07,8.875207398295952288e-01,1.115345100717815896e+01,8.929041589097339582e-01,1.114870088336037668e+01
8.900000000000000000e+07,2.963353120818594810e+00,1.082129869719571502e+01,2.968066131834649291e+00,1.081560391382122077e+01
8.930000000000000000e+07,4.948406075054005981e+00,1.010545686940954191e+01,4.952273952929099110e+00,1.009886168744957047e+01
8.960000000000000000e+07,6.772089769590969865e+00,9.027412690336319656e+00,6.774918215115576459e+00,9.019999177211772690e+00
8.990000000000000000e+07,8.368401433166132719e+00,7.621658208473776952e+00,8.369986986308969534e+00,7.613558555777544257e+00
9.020000000000000000e+07,9.678358938676854706e+00,5.934809805812653494e+00,9.678503923331437164e+00,5.926215650263628731e+00
9.050000000000000000e+07,1.065228933715393644e+01,4.024251639263829006e+00,1.065082130952750106e+01,4.015418898218698018e+00
9.080000000000000000e+07,1.125187050901658026e+01,1.956320339577780620e+00,1.124866487966633599e+01,1.947566854429538807e+00
9.110000000000000000e+07,1.145182416269289405e+01,-1.959268557446340320e-01,1.144682635004950555e+01,-2.042323788089248637e-01
9.140000000000000000e+07,1.124116548494314927e+01,-2.355292730413369728e+00,1.123440894049679528e+01,-2.362749281494544107e+00
9.170000000000000000e+07,1.062392903181463666e+01,-4.443277496870874366e+00,1.061554749725923763e+01,-4.449475569125482366e+00
9.200000000000000000e+07,9.619311449509760692e+00,-6.383060432786352933e+00,9.609544608090692108e+00,-6.387609692931007999e+00
9.230000000000000000e+07,8.261198192113972993e+00,-8.102498154444932155e+00,8.250389141335311649e+00,-8.105057622273662332e+00
9.260000000000000000e+07,6.597071887637587118e+00,-9.537003927810344450e+00,6.585655080619069679e+00,-9.537311738202490119e+00
9.290000000000000000e+07,4.686332347709822876e+00,-1.063217240562087795e+01,4.674812492520510787e+00,-1.063007160317089017e+01
9.320000000000000000e+07,2.598090174593304269e+00,-1.134602249835838883e+01,2.587013952678439921e+00,-1.134148038534426917e+01
9.350000000000000000e+07,4.085252362095861955e-01,-1.165074743078346664e+01,3.984476677649659848e-01,-1.164386679250259249e+01
9.380000000000000000e+07,-1.802074131746012053e+00,-1.153388448143131484e+01,-1.810626465761863813e+00,-1.152490487205696468e+01
9.410000000000000000e+07,-3.952457236419657516e+00,-1.099884598718050910e+01,-3.959022602956963510e+00,-1.098813396823250343e+01
9.440000000000000000e+07,-5.963598174432251042e+00,-1.006478602735447225e+01,-5.967811933954145331e+00,-1.005281529278347818e+01
9.470000000000000000e+07,-7.761777943269537516e+00,-8.765811602606328634e+00,-7.763398277821561777e+00,-8.753135106283551181e+00
9.500000000000000000e+07,-9.281422291635690769e+00,-7.149580787419681727e+00,-9.280347990681192982e+00,-7.136796549591920780e+00
9.530000000000000000e+07,-1.046757105080913597e+01,-5.275361002399868937e+00,-1.046384926308696706e+01,-5.263073310029639629e+00
9.560000000000000000e+07,-1.127787665556640739e+01,-3.211646186213463317e+00,-1.127169861640808435e+01,-3.200425659618787222e+00
9.590000000000000000e+07,-1.168405687613896227e+01,-1.033450596873868754e+00,-1.167574189897871406e+01,-1.023797846765944541e+00
9.620000000000000000e+07,-1.167275738494099002e+01,1.180591881558922696e+00,-1.166272774078433727e+01,1.188275564565060449e+00
9.650000000000000000e+07,-1.124581137793855312e+01,3.351191190137269960e+00,-1.123456086864260328e+01,3.356624636225561176e+00
9.680000000000000000e+07,-1.041991372527618154e+01,5.401300780996606044e+00,-1.040797205716117269e+01,5.404334072107232601e+00
9.710000000000000000e+07,-9.225753880475227930e+00,7.258839404969318565e+00,-9.213649685184680749e+00,7.259453896290892772e+00
9.740000000000000000e+07,-7.706673263193256851e+00,8.859138926381389112e+00,-7.694899890541174514e+00,8.857436002885620496e+00
9.770000000000000000e+07,-5.916927852927230447e+00,1.014704385023595812e+01,-5.905915693304645941e+00,1.014322452192938329e+01
9.800000000000000000e+07,-3.919644801308323157e+00,1.107861149019073288e+01,-3.909742258064959231e+00,1.107294989511831318e+01
9.830000000000000000e+07,-1.784563258300341015e+00,1.162238421841779434e+01,-1.776027438639683709e+00,1.161519797693598832e+01
9.860000000000000000e+07,4.143547000068378838e-01,1.176022507536212380e+01,4.213569644619106214e-01,1.175184585436517182e+01
9.890000000000000000e+07,2.601365589745531892e+00,1.148772374336621915e+01,2.606747246907534787e+00,1.147847191086493979e+01
9.920000000000000000e+07,4.701371670221972110e+00,1.081419075731283286e+01,4.705108262141084907e+00,1.080435714642678136e+01
9.950000000000000000e+07,6.642277755378949600e+00,9.762263866776722310e+00,6.644386823960854116e+00,9.752099772161528790e+00
9.980000000000000000e+07,8.357230980038428569e+00,8.367152453147392421e+00,8.357750743688338702e+00,8.356868084094742244e+00
1.001000000000000000e+08,9.786703220981310736e+00,6.675545220449437878e+00,9.785673366019931763e+00,6.665316748195010632e+00
1.004000000000000000e+08,1.088037882025392200e+01,4.744204762060298286e+00,1.087782712264557006e+01,4.734188826380616888e+00
1.007000000000000000e+08,1.159880992307530967e+01,2.638271862455630945e+00,1.159474765674142560e+01,2.628624109059813918e+00
1.010000000000000000e+08,1.191479903664531292e+01,4.293040807974432549e-01,1.190922556510374619e+01,4.201972982795609823e-01
1.013000000000000000e+08,1.181446482676710019e+01,-1.806921679908503720e+00,1.180737991554183708e+01,-1.815283047046719389e+00
1.016000000000000000e+08,1.129794450883099088e+01,-3.992803954479080542e+00,1.128936671142130876e+01,-4.000174989567298667e+00
1.019000000000000000e+08,1.037968629264099008e+01,-6.051457863951407390e+00,1.036967560605304328e+01,-6.057552311387027544e+00
1.022000000000000000e+08,9.088289759898337650e+00,-7.909337132278939642e+00,9.076971327467354911e+00,-7.913836464775016566e+00
1.025000000000000000e+08,7.465861804978187521e+00,-9.498856493335665618e+00,7.453446287906700718e+00,-9.501429046311486104e+00
1.028000000000000000e+08,5.566871161901939757e+00,-1.076092061275364387e+01,5.553668069362188930e+00,-1.076124883821780998e+01
1.031000000000000000e+08,3.456505107335726468e+00,-1.164725591650879188e+01,3.442926701862539574e+00,-1.164506899585732924e+01
1.034000000000000000e+08,1.208556473967930645e+00,-1.212243748894196216e+01,1.195110522413472154e+00,-1.211754623276500809e+01
1.037000000000000000e+08,-1.097104160978838339e+00,-1.216550583326359281e+01,-1.109833765371256220e+00,-1.215783591996213886e+01
1.040000000000000000e+08,-3.377389512625102785e+00,-1.177107848304213533e+01,-3.388773383125688099e+00,-1.176069759838098605e+01
1.043000000000000000e+08,-5.549083842394926691e+00,-1.094987918426536311e+01,-5.558486332475212066e+00,-1.093701456666023830e+01
1.046000000000000000e+08,-7.532032571344627669e+00,-9.728631871487959160e+00,-7.538856537621605014e+00,-9.713676177791242594e+00
1.049000000000000000e+08,-9.252294019995824570e+00,-8.149296520165833613e+00,-9.256027916252413945e+00,-8.132800367993453960e+00
1.052000000000000000e+08,-1.064510855897925090e+01,-6.267657235056039333e+00,-1.064537163721491453e+01,-6.250307179783675338e+00
1.055000000000000000e+08,-1.165754366334877190e+01,-4.151307356669917681e+00,-1.165412407318235921e+01,-4.133890059798744687e+00
1.058000000000000000e+08,-1.225068538167518284e+01,-1.877109517790553905e+00,-1.224356678917535390e+01,-1.860465306800293206e+00
1.061000000000000000e+08,-1.240126699388520315e+01,4.717618986634375955e-01,-1.239064144017054048e+01,4.867919791729633516e-01
1.064000000000000000e+08,-1.210265294118547352e+01,2.809064675295106284e+00,-1.208891878412193677e+01,2.821694576690788381e+00
1.067000000000000000e+08,-1.136512873220854836e+01,5.048871505019479677e+00,-1.134887276236879927e+01,5.058424636107815786e+00
1.070000000000000000e+08,-1.021548332183032137e+01,7.108936330910654355e+00,-1.019744732690391231e+01,7.114893708692051177e+00
1.073000000000000000e+08,-8.695907037806748008e+00,8.913890538193935953e+00,-8.676941425745965830e+00,8.915927652775650358e+00
1.076000000000000000e+08,-6.862263042447390049e+00,1.039812580901713801e+01,-6.843271809504855696e+00,1.039613485268388615e+01
1.079000000000000000e+08,-4.781821226636473909e+00,1.150823927947072178e+01,-4.763702843426671052e+00,1.150233507567898528e+01
1.082000000000000000e+08,-2.530568306609257245e+00,1.220494233713531962e+01,-2.514157300289404873e+00,1.219545128305735204e+01
1.085000000000000000e+08,-1.902251629435992020e-01,1.246436504292242731e+01,-1.762396393605882849e-01,1.245179773314623617e+01
1.088000000000000000e+08,2.154888834190075819e+00,1.227872145957919869e+01,2.165888815507557297e+00,1.226373180116279116e+01
1.091000000000000000e+08,4.421004888240437580e+00,1.165633464576446165e+01,4.428644753475595053e+00,1.163966973396175320e+01
1.094000000000000000e+08,6.527936064999581234e+00,1.062105128996770986e+01,6.532038247043537638e+00,1.060349662338836652e+01
1.097000000000000000e+08,8.401875263704141616e+00,9.211102738774640031e+00,8.402453990915418558e+00,9.193427646150340138e+00
1.100000000000000000e+08,9.977865319597745142e+00,7.477489827419733892e+00,9.975105355614253710e+00,7.460398668915388498e+00
1.103000000000000000e+08,1.120187084756178919e+01,5.481982416431561589e+00,1.119609340306140410e+01,5.466076824407878121e+00
1.106000000000000000e+08,1.203240638141962648e+01,3.294830619674361749e+00,1.202402736303525899e+01,3.280585933147278865e+00
1.109000000000000000e+08,1.244169880389421579e+01,9.922839185019097785e-01,1.243118461852272105e+01,9.800405669572853640e-01
1.112000000000000000e+08,1.241638207936382265e+01,-1.345992040303472637e+00,1.240420756687630188e+01,-1.356022711030277605e+00
1.115000000000000000e+08,1.195773758520510377e+01,-3.639521355437325134e+00,1.194435069287974471e+01,-3.647238244268521612e+00
1.118000000000000000e+08,1.108150334680860993e+01,-5.809578764378557025e+00,1.106730098049892774e+01,-5.814962475892897942e+00
1.121000000000000000e+08,9.817280499168676400e+00,-7.781649279572384614e+00,9.802598209526323103e+00,-7.784729217070548657e+00
1.124000000000000000e+08,8.207566362717573227e+00,-9.487739665450554583e+00,8.192681825166111764e+00,-9.488562494623906218e+00
1.127000000000000000e+08,6.306442241046196884e+00,-1.086850088144709936e+01,6.291590522689602949e+00,-1.086710509536848690e+01
1.130000000000000000e+08,4.177942323594955987e+00,-1.187512294107800770e+01,4.163339791032122150e+00,-1.187152327620697179e+01
1.133000000000000000e+08,1.894129773015440721e+00,-1.247096268840800093e+01,1.880002285013972596e+00,-1.246514717786503468e+01
1.136000000000000000e+08,-4.670912960497329847e-01,-1.263286193868484375e+01,-4.804813786290509370e-01,-1.262480245020437053e+01
1.139000000000000000e+08,-2.824392793472791485e+00,-1.235210997474265326e+01,-2.836726100945874407e+00,-1.234178464081149684e+01
1.142000000000000000e+08,-5.095623059421322765e+00,-1.163500248896700739e+01,-5.106513199516307111e+00,-1.162242679801171619e+01
1.145000000000000000e+08,-7.200531585875649121e+00,-1.050295058844878682e+01,-7.209528402374097311e+00,-1.048821304765540674e+01
1.148000000000000000e+08,-9.063543574136012637e+00,-8.992099925979431418e+00,-9.070151372720943073e+00,-8.975397198348716188e+00
1.151000000000000000e+08,-1.061649466155609289e+01,-7.152432233440850773e+00,-1.062020499728058809e+01,-7.134097739620273160e+00
1.154000000000000000e+08,-1.180122334633813352e+01,-5.046339584460315386e+00,-1.180155915776289532e+01,-5.026860083917966904e+00
1.157000000000000000e+08,-1.257191036176501520e+01,-2.746684850276519541e+00,-1.256847652114672087e+01,-2.726701578500708933e+00
1.160000000000000000e+08,-1.289705229878608073e+01,-3.343885488381984072e-01,-1.288958740741318110e+01,-3.146814571504563673e-01
1.163000000000000000e+08,-1.276096236803466333e+01,2.104389431574130498e+00,-1.274938650217619340e+01,2.122934699510580003e+00
1.166000000000000000e+08,-1.216470481920573476e+01,4.481377312000173418e+00,-1.214915739399491201e+01,4.497818618178527572e+00
1.169000000000000000e+08,-1.112639089847690066e+01,6.709508038266285723e+00,-1.110725301331864756e+01,6.722908538292642788e+00
1.172000000000000000e+08,-9.680792266113652289e+00,8.706286384217541752e+00,-9.658689705339298825e+00,8.715783213408172969e+00
1.175000000000000000e+08,-7.878260808033029861e+00,1.039705673867707070e+01,-7.854046275666846100e+00,1.040193027897451827e+01
1.178000000000000000e+08,-5.782979561402044055e+00,1.171801932120188638e+01,-5.757694480514118140e+00,1.171775685902747455e+01
1.181000000000000000e+08,-3.470605552429108620e+00,1.261884941914856562e+01,-3.445423314981042040e+00,1.261319706084148606e+01
1.184000000000000000e+08,-1.025399157550212603e+00,1.306479024758253971e+01,-1.001553816284385334e+00,1.305378745678902419e+01
1.187000000000000000e+08,1.463036274612410592e+00,1.303811435607945768e+01,1.484329992327275249e+00,1.302210714018566762e+01
1.190000000000000000e+08,3.903258461142879110e+00,1.253887965589099984e+01,3.920887199983042137e+00,1.251851060300903384e+01
1.193000000000000000e+08,6.205573858833909995e+00,1.158494210984853190e+01,6.218603040182429709e+00,1.156111724816450703e+01
1.196000000000000000e+08,8.285544412347078946e+00,1.021122553992067061e+01,8.293284117792040888e+00,1.018505977827258846e+01
1.199000000000000000e+08,1.006725400851814278e+01,8.468287296519358520e+00,1.006930688012847952e+01,8.441032642749320303e+00
1.202000000000000000e+08,1.148618980877052032e+01,6.420254133052066159e+00,1.148247644692713720e+01,6.393217171469018467e+00
1.205000000000000000e+08,1.249161644017164363e+01,4.142233168609236849e+00,1.248237644727967677e+01,4.116689104157757129e+00
1.208000000000000000e+08,1.304835040705546767e+01,1.717326314632453776e+00,1.303411926378436192e+01,1.694436586926698851e+00
1.211000000000000000e+08,1.313787584965165678e+01,-7.666084485489691458e-01,1.311943940015102328e+01,-7.858681111324514745e-01
1.214000000000000000e+08,1.275877841183542039e+01,-3.220299788475530001e+00,1.273710893083081430e+01,-3.235194181462006213e+00
1.217000000000000000e+08,1.192650886317810510e+01,-5.556364038963035767e+00,1.190268924640874104e+01,-5.566431061880891207e+00
1.220000000000000000e+08,1.067251974998103847e+01,-7.692430753611428251e+00,1.064766380553895431e+01,-7.697489607503165132e+00
1.223000000000000000e+08,9.042844586164687115e+00,-9.553977924758642715e+00,9.018021180938447401e+00,-9.554113591395704930e+00
1.226000000000000000e+08,7.096208375860896922e+00,-1.107678580635646348e+01,7.072376356355249527e+00,-1.107231255784087409e+01
1.229000000000000000e+08,4.901769767752719886e+00,-1.220894457765939478e+01,4.879729676015585937e+00,-1.220035325824264305e+01
1.232000000000000000e+08,2.536598892961440033e+00,-1.291237735839836986e+01,2.516965685979329237e+00,-1.290027321795757587e+01
1.235000000000000000e+08,8.299177556941682299e-02,-1.316386401887189805e+01,6.618985058392468090e-02,-1.314890302419772894e+01
1.238000000000000000e+08,-2.374286319818604607e+00,-1.295557098282379727e+01,-2.388007359832826637e+00,-1.293840216723906877e+01
1.241000000000000000e+08,-4.750748078351150205e+00,-1.229510666606184977e+01,-4.761280713244602225e+00,-1.227632693001606157e+01
1.244000000000000000e+08,-6.964854241874326668e+00,-1.120513104014317207e+01,-6.972189138531405206e+00,-1.118525741236115323e+01
1.247000000000000000e+08,-8.940550857243330540e+00,-9.722551626477939024e+00,-8.944729305075057368e+00,-9.702013638512482885e+00
1.250000000000000000e+08,-1.060962699978998636e+01,-7.897338324959763511e+00,-1.061069773173485942e+01,-7.876489785405084376e+00
1.253000000000000000e+08,-1.191385169631633723e+01,-5.790987690260935850e+00,-1.191183885703053136e+01,-5.770134119900731662e+00
1.256000000000000000e+08,-1.280685030373758870e+01,-3.474665616201264573e+00,-1.280173721480515781e+01,-3.454101861560566533e+00
1.259000000000000000e+08,-1.325567898339063255e+01,-1.027057754180975335e+00,-1.324741047362719826e+01,-1.007109258147082187e+00
1.262000000000000000e+08,-1.324205258042933941e+01,1.468039217083365822e+00,-1.323055646954887266e+01,1.486978976579599987e+00
1.265000000000000000e+08,-1.276317808203130433e+01,3.924344449521541378e+00,-1.274840324837023786e+01,3.941788014112042049e+00
1.268000000000000000e+08,-1.183214495005991296e+01,6.255885037499926860e+00,-1.181411030773318771e+01,6.271242551887816319e+00
1.271000000000000000e+08,-1.047782687454219541e+01,8.379885714528374052e+00,-1.045667390145455045e+01,8.392477174787423166e+00
1.274000000000000000e+08,-8.744258242273501125e+00,1.021967244030007471e+01,-8.720299370588051602e+00,1.022876103062863251e+01
1.277000000000000000e+08,-6.689463495686472250e+00,1.170749109954821776e+01,-6.663218875677017650e+00,1.171233569844329736e+01
1.280000000000000000e+08,-4.383738355882242033e+00,1.278713071846414806e+01,-4.355954174361841069e+00,1.278705305112872992e+01
1.283000000000000000e+08,-1.907407540016187619e+00,1.341623421693118523e+01,-1.879050969535498439e+00,1.341069366801289675e+01
1.286000000000000000e+08,6.518876698170320561e-01,1.356818046103676600e+01,6.796589197681441874e-01,1.355684821521080607e+01
1.289000000000000000e+08,3.202289157162393707e+00,1.323343029211758903e+01,3.228181910736154236e+00,1.321625439170549043e+01
1.292000000000000000e+08,5.651098458123596124e+00,1.242024651644596744e+01,5.673760501649468324e+00,1.239749991390506523e+01
1.295000000000000000e+08,7.908296106239718348e+00,1.115472294324404601e+01,7.926408117897253192e+00,1.112702765970800556e+01
1.298000000000000000e+08,9.890053178097968356e+00,9.480089088908156825e+00,9.902427920662304928e+00,9.448411871675801876e+00
1.301000000000000000e+08,1.152207597583656451e+01,7.455293121425691893e+00,1.152775542524598507e+01,7.420911205564600266e+00
1.304000000000000000e+08,1.274262582462132087e+01,5.152903558548786123e+00,1.274096727349018465e+01,5.117342079843197666e+00
1.307000000000000000e+08,1.350506680122382797e+01,2.656407491361089335e+00,1.349580977875437782e+01,2.621352355625944597e+00
1.310000000000000000e+08,1.377981442198033513e+01,5.701702008530283583e-02,1.376312121242436604e+01,2.420934168375765694e-02
1.313000000000000000e+08,1.355558675518785350e+01,-2.549876281310826887e+00,1.353205126268258596e+01,-2.578755535031312718e+00
1.316000000000000000e+08,1.283989430346938931e+01,-5.068438745581623550e+00,1.281051730080399409e+01,-5.091883695946620492e+00
1.319000000000000000e+08,1.165874405284915483e+01,-7.406152695097379279e+00,1.162487635351170923e+01,-7.422937002385587846e+00
1.322000000000000000e+08,1.005557371413033785e+01,-9.477423161884363623e+00,1.001883152251835440e+01,-9.486685053700519177e+00
1.325000000000000000e+08,8.089471668976853991e+00,-1.120687041694805508e+01,8.051630655498129840e+00,-1.120817074018313875e+01
1.328000000000000000e+08,5.832773835736876578e+00,-1.253216419910769019e+01,5.795650778566383110e+00,-1.252551191869750369e+01
1.331000000000000000e+08,3.368158227131069715e+00,-1.340628235013416614e+01,3.333490708965115346e+00,-1.339212505581928170e+01
1.334000000000000000e+08,7.853794922135849399e-01,-1.379910949004607090e+01,7.547143615515352622e-01,-1.377829008015968171e+01
1.337000000000000000e+08,-1.822202041283902840e+00,-1.369832795947747073e+01,-1.847601755526852685e+00,-1.367201181060911708e+01
1.340000000000000000e+08,-4.361139891461152551e+00,-1.310959080963522716e+01,-4.380361551648775276e+00,-1.307917046095180424e+01
1.343000000000000000e+08,-6.741319673348557195e+00,-1.205600239898119419e+01,-6.753835452516312898e+00,-1.202298925049850808e+01
1.346000000000000000e+08,-8.879141744580001827e+00,-1.057696364261379607e+01,-8.884808844519128002e+00,-1.054287771193895296e+01
1.349000000000000000e+08,-1.070035604182262112e+01,-8.726464101187183076e+00,-1.069938464708346260e+01,-8.692732721695094256e+00
1.352000000000000000e+08,-1.214246332770905745e+01,-6.570920510293253081e+00,-1.213535745698419532e+01,-6.538795326638183525e+00
1.355000000000000000e+08,-1.315662517712619106e+01,-4.186670479827767188e+00,-1.314410405793272218e+01,-4.157170026154375364e+00
1.358000000000000000e+08,-1.370905222285897018e+01,-1.657231259374235766e+00,-1.369196201285851089e+01,-1.631113784041534842e+00
1.361000000000000000e+08,-1.378186416225374877e+01,9.295721708575823694e-01,-1.376109122199930823e+01,9.518047532321567417e-01
1.364000000000000000e+08,-1.337343409823384199e+01,3.484516026421696555e+00,-1.334983052714486007e+01,3.502586575324848184e+00
1.367000000000000000e+08,-1.249824304908852568e+01,5.919843314425337510e+00,-1.247257277626934524e+01,5.933647329611972054e+00
1.370000000000000000e+08,-1.118627791340369981e+01,8.152019409479073886e+00,-1.115918849022928327e+01,8.161561419391919259e+00
1.373000000000000000e+08,-9.482008694504390434e+00,1.010432281969084300e+01,-9.454030669141516796e+00,1.010965144551872541e+01
1.376000000000000000e+08,-7.442979960250911020e+00,1.170922494628686295e+01,-7.414552011649050201e+00,1.171037707274192030e+01
1.379000000000000000e+08,-5.138049363774920053e+00,1.291051717738045213e+01,-5.109563466058659742e+00,1.290748039156863669e+01
1.382000000000000000e+08,-2.645304693960024878e+00,1.366514428637194811e+01,-2.617162472382858596e+00,1.365784375874671142e+01
1.385000000000000000e+08,-4.969220352063254825e-02,1.394470084081796202e+01,-2.236219433602570916e-02,1.393301307511698894e+01
1.388000000000000000e+08,2.559605872490167133e+00,1.373654386402540517e+01,2.585540500020144350e+00,1.372033596919434117e+01
1.391000000000000000e+08,5.091997208554928100e+00,1.304447241786404810e+01,5.115809995213311367e+00,1.302366189725914225e+01
1.394000000000000000e+08,7.458447952978833229e+00,1.188892522061322232e+01,7.479266701981089227e+00,1.186355181008252657e+01
1.397000000000000000e+08,9.574517353865127589e+00,1.030665269164345865e+01,9.591351348215482631e+00,1.027695159715849726e+01
1.400000000000000000e+08,1.136336541087883134e+01,8.349831120313782051e+00,1.137516160839582824e+01,8.316296680761524840e+00
1.403000000000000000e+08,1.275862590058024715e+01,6.084604361175756537e+00,1.276434989104856754e+01,6.048034015267813146e+00
1.406000000000000000e+08,1.370702672386313203e+01,3.589062029087821237e+00,1.370576112617446540e+01,3.550572138145014378e+00
1.409000000000000000e+08,1.417063546683095332e+01,9.506912176932525993e-01,1.416168546752349755e+01,9.116989431348159201e-01
1.412000000000000000e+08,1.412861191115629644e+01,-1.736630791330862955e+00,1.411160585998803185e+01,-1.774461367945001200e+00
1.415000000000000000e+08,1.357836177216310602e+01,-4.376005060652906842e+00,1.355333485550370654e+01,-4.410849857442931565e+00
1.418000000000000000e+08,1.253600711505390208e+01,-6.871115552736998922e+00,1.250345783000338429e+01,-6.901104093821253116e+00
1.421000000000000000e+08,1.103611777533221705e+01,-9.129922470539524326e+00,1.099702933354501511e+01,-9.153269068869205327e+00
1.424000000000000000e+08,9.130682998558475205e+00,-1.106828275514507176e+01,9.086504629322789128e+00,-1.108342390028000679e+01
1.427000000000000000e+08,6.887341130670049161e+00,-1.261333095365159984e+01,6.839928085718142370e+00,-1.261905606763659904e+01
1.430000000000000000e+08,4.386924864301411375e+00,-1.370645861307388280e+01,4.338440278492910807e+00,-1.370202137608388604e+01
1.433000000000000000e+08,1.720417463378970169e+00,-1.430574546642733758e+01,1.673203108887747703e+00,-1.429094461941545369e+01
1.436000000000000000e+08,-1.014551178452382851e+00,-1.438772022432620723e+01,-1.058125191625123307e+00,-1.436294129446340051e+01
1.439000000000000000e+08,-3.717513259636922918e+00,-1.394836130687582454e+01,-3.755207506455420230e+00,-1.391457390514606729e+01
1.442000000000000000e+08,-6.289103486085553030e+00,-1.300328627206143395e+01,-6.318963185783758263e+00,-1.296199567637578909e+01
1.445000000000000000e+08,-8.634950511817423902e+00,-1.158712049290863888e+01,-8.655440798212566733e+00,-1.154027670318930099e+01
1.448000000000000000e+08,-1.066934182945164622e+01,-9.752078020319412843e+00,-1.067945246642086943e+01,-9.701949505383556271e+00
1.451000000000000000e+08,-1.231849807892863247e+01,-7.565827702955955303e+00,-1.231780834182787032e+01,-7.514850143631367274e+00
1.454000000000000000e+08,-1.352331574515532786e+01,-5.108752842857834153e+00,-1.351201339379832689e+01,-5.059365672605137476e+00
1.457000000000000000e+08,-1.424146798116154145e+01,-2.470740638382235677e+00,-1.422032044364696901e+01,-2.425225918130300862e+00
1.460000000000000000e+08,-1.444878954771747637e+01,2.523433450176098547e-01,-1.441907044756102607e+01,2.920050909101710168e-01
1.463000000000000000e+08,-1.413991092231527169e+01,2.962331469867025557e+00,-1.410328967163515301e+01,2.994575799313773157e+00
1.466000000000000000e+08,-1.332814563213088910e+01,5.562418165853752150e+00,-1.328655118707203542e+01,5.586172255248593288e+00
1.469000000000000000e+08,-1.204467100151832604e+01,7.960659906350230131e+00,-1.200014313892565099e+01,7.975373389173077143e+00
1.472000000000000000e+08,-1.033707329139105191e+01,1.007317813698043452e+01,-1.029161611918306107e+01,1.007880795710974908e+01
1.475000000000000000e+08,-8.267351728860244719e+00,1.182695749847010092e+01,-8.222804043855788336e+00,1.182391056650015670e+01
1.478000000000000000e+08,-5.909491030311174953e+00,1.316216045098633636e+01,-5.867425897451084893e+00,1.315120275004335326e+01
1.481000000000000000e+08,-3.346718450317848426e+00,1.403390894693900215e+01,-3.308380527969930540e+00,1.401605327567553694e+01
1.484000000000000000e+08,-6.685597990688546544e-01,1.441351147005487121e+01,-6.348443280501925301e-01,1.438989794488646545e+01
1.487000000000000000e+08,2.032199253935309091e+00,1.428913734905222555e+01,2.060726839878469718e+00,1.426092133145730045e+01
1.490000000000000000e+08,4.662552823435443194e+00,1.366595825544750475e+01,4.685602834812385709e+00,1.363421910922845903e+01
1.493000000000000000e+08,7.132236171786965784e+00,1.256578858334672510e+01,7.149716797385792688e+00,1.253146943688818382e+01
1.496000000000000000e+08,9.356543674517238784e+00,1.102626230786610328e+01,9.368472631665909489e+00,1.099014634507895494e+01
1.499000000000000000e+08,1.125894991162114422e+01,9.099585120755568468e+00,1.126536979897943525e+01,9.062308846451813338e+00
1.502000000000000000e+08,1.277348822343019030e+01,6.850898996683703501e+00,1.277439909153653730e+01,6.812997995436640863e+00
1.505000000000000000e+08,1.384684458488842651e+01,4.356294040722640482e+00,1.384216485864915569e+01,4.318271959295399753e+00
1.508000000000000000e+08,1.444012433636554427e+01,1.700501660831621242e+00,1.442968696176676247e+01,1.662909400234102719e+00
1.511000000000000000e+08,1.453024648446078970e+01,-1.025694452981199989e+00,1.451383158206124335e+01,-1.062183909582653740e+00
1.514000000000000000e+08,1.411091689559766316e+01,-3.728286340318418990e+00,1.408831681317197138e+01,-3.762821271946030777e+00
1.517000000000000000e+08,1.319312998139009707e+01,-6.313054426707486400e+00,1.316423814290152450e+01,-6.344577291547530251e+00
1.520000000000000000e+08,1.180515056395046436e+01,-8.688695712875517785e+00,1.177006190233109351e+01,-8.715953591404034029e+00
1.523000000000000000e+08,9.991935211638121928e+00,-1.076998163311801271e+01,9.951043547506344567e+00,-1.079157737901550007e+01
1.526000000000000000e+08,7.813966419295393706e+00,-1.248084321510298267e+01,7.768043596899502745e+00,-1.249532484670488941e+01
1.529000000000000000e+08,5.345493636288452421e+00,-1.375726743312834799e+01,5.295737072929995293e+00,-1.376324798333628863e+01
1.532000000000000000e+08,2.672201444174578722e+00,-1.454988011194968855e+01,2.620240204567650721e+00,-1.454617599532022965e+01
1.535000000000000000e+08,-1.116445705945008637e-01,-1.482608944485884983e+01,-1.637907019789537344e-01,-1.481186267472117279e+01
1.538000000000000000e+08,-2.906491884832627548e+00,-1.457167149961742680e+01,-2.956500718193382227e+00,-1.454655967787006432e+01
1.541000000000000000e+08,-5.611122031365943563e+00,-1.379169551385661840e+01,-5.656499572789471131e+00,-1.375591399493463740e+01
1.544000000000000000e+08,-8.126458821850397030e+00,-1.251071193018890071e+01,-8.164702032277091348e+00,-1.246511504823002170e+01
1.547000000000000000e+08,-1.035940397660249168e+01,-1.077215872111657191e+01,-1.038818192932707518e+01,-1.071825077046579722e+01
1.550000000000000000e+08,-1.222652884646976013e+01,-8.636979593236565833e+00,-1.224386617765004814e+01,-8.576870853477242207e+00
1.553000000000000000e+08,-1.365744946056981668e+01,-6.181488581346287425e+00,-1.366189480698338343e+01,-6.117796806918470054e+00
1.556000000000000000e+08,-1.459772132506450859e+01,-3.494556477311560272e+00,-1.458848410268866758e+01,-3.430259889050944366e+00
1.559000000000000000e+08,-1.501110998919754103e+01,-6.742325565396576348e-01,-1.498815156802611170e+01,-6.124856007031240779e-01
1.562000000000000000e+08,-1.488112232781455546e+01,2.176052581898705096e+00,-1.484519185029414245e+01,2.232125749460344366e+00
1.565000000000000000e+08,-1.421171998400212821e+01,4.951532907955040308e+00,-1.416432991358394133e+01,4.999050080812917685e+00
1.568000000000000000e+08,-1.302717811113072344e+01,7.550216885222751806e+00,-1.297051975895827525e+01,7.586736446068350403e+00
1.571000000000000000e+08,-1.137109669187515237e+01,9.876873035007969648e+00,-1.130790157940771223e+01,9.900561867836501051e+00
1.574000000000000000e+08,-9.304615342893912455e+00,1.184671018754100125e+01,-9.237973763029117436e+00,1.185646565776619710e+01
1.577000000000000000e+08,-6.903922717575932566e+00,1.338858950178805785e+01,-6.837075148824922621e+00,1.338410461429598541e+01
1.580000000000000000e+08,-4.257185727090353033e+00,1.444763264329262498e+01,-4.193305277735234426e+00,1.442939877847069852e+01
1.583000000000000000e+08,-1.461049604986956352e+00,1.498712508256395637e+01,-1.403034636378109212e+00,1.495637245402113891e+01
1.586000000000000000e+08,1.383124219494026086e+00,1.498965276421895965e+01,1.432828822135249425e+00,1.494823471550997951e+01
1.589000000000000000e+08,4.173110176771065660e+00,1.445745150705052851e+01,4.212647407086564044e+00,1.440768447466976099e+01
1.592000000000000000e+08,6.809593534358791445e+00,1.341198843392215423e+01,6.837773332237958357e+00,1.335646385010702986e+01
1.595000000000000000e+08,9.199716136776187270e+00,1.189283066846209636e+01,9.216033881108330661e+00,1.183421763389664960e+01
1.598000000000000000e+08,1.126026342620783360e+01,9.955886074407464648e+00,1.126485883436632207e+01,9.896744379152792703e+00
1.601000000000000000e+08,1.292039137741930332e+01,7.671122225733646438e+00,1.291395521527913104e+01,7.613744079407034349e+00
1.604000000000000000e+08,1.412382274871036003e+01,5.119882207383983364e+00,1.410746470305325317e+01,5.066177514894931733e+00
1.607000000000000000e+08,1.483047259967258391e+01,2.391919331800445914e+00,1.480556784742196896e+01,2.343353662251750791e+00
1.610000000000000000e+08,1.501749072540648733e+01,-4.177315769140246826e-01,1.498552449899968053e+01,-4.601438679651437269e-01
1.613000000000000000e+08,1.467973143110718048e+01,-3.211939225489028882e+00,1.464216031799027462e+01,-3.247590814181634755e+00
1.616000000000000000e+08,1.382967765560167450e+01,-5.894624416355009444e+00,1.378782383940033185e+01,-5.923230006213501042e+00
1.619000000000000000e+08,1.249685654140572488e+01,-8.373794810550808876e+00,1.245184661735436293e+01,-8.395280761208688602e+00
1.622000000000000000e+08,1.072678780943083154e+01,-1.056440279981787711e+01,1.067954128587412299e+01,-1.057879008355804729e+01
1.625000000000000000e+08,8.579506238291411790e+00,-1.239097447866191359e+01,8.530771516156391954e+00,-1.239827402483795282e+01
1.628000000000000000e+08,6.127697260334307394e+00,-1.378996451575936000e+01,6.078126160730107586e+00,-1.379010167543550125e+01
1.631000000000000000e+08,3.454482480339918116e+00,-1.471179410431543921e+01,3.404729102746074432e+00,-1.470457459747756701e+01
1.634000000000000000e+08,6.508919363117554591e-01,-1.512252793221441571e+01,6.017179780164383374e-01,-1.510765166321162667e+01
1.637000000000000000e+08,-2.186936248685529272e+00,-1.500514288269633312e+01,-2.234568909466503328e+00,-1.498226500182901333e+01
1.640000000000000000e+08,-4.960779754441723810e+00,-1.436033811898068535e+01,-5.005646842191850965e+00,-1.432916958459549761e+01
1.643000000000000000e+08,-7.573517603946714694e+00,-1.320683565417866490e+01,-7.614114247622737253e+00,-1.316726961343591285e+01
1.646000000000000000e+08,-9.932399402788673726e+00,-1.158112456881859664e+01,-9.966973986795167662e+00,-1.153337085660489691e+01
1.649000000000000000e+08,-1.195230295632121909e+01,-9.536612241807379320e+00,-1.197894436961929898e+01,-9.481320269882239415e+00
1.652000000000000000e+08,-1.355886873526827507e+01,-7.142162997501861454e+00,-1.357564117358300848e+01,-7.080513630411182646e+00
1.655000000000000000e+08,-1.469138723767906107e+01,-4.480028162812997650e+00,-1.469650002110071796e+01,-4.413778276283466084e+00
1.658000000000000000e+08,-1.530530908034057269e+01,-1.643200435347049293e+00,-1.529730395540161680e+01,-1.574669207906737256e+00
1.661000000000000000e+08,-1.537424953775039249e+01,1.267742371133158574e+00,-1.535218520645285878e+01,1.335749994167400700e+00
1.664000000000000000e+08,-1.489137034528929071e+01,4.148206349027276474e+00,-1.485498332691598478e+01,4.212536852097301221e+00
1.667000000000000000e+08,-1.387004208975041131e+01,6.893434929522769927e+00,-1.381986434431809130e+01,6.950775093765201973e+00
1.670000000000000000e+08,-1.234371967261995984e+01,9.402493014925262571e+00,-1.228113702979977973e+01,9.449595209498653503e+00
1.673000000000000000e+08,-1.036499952850175355e+01,1.158221041509521321e+01,-1.029224074302803160e+01,1.161613443793302025e+01
1.676000000000000000e+08,-8.003868186884314895e+00,1.335090510286594068e+01,-7.923921289340711382e+00,1.336925437110191695e+01
1.679000000000000000e+08,-5.345194572087662799e+00,1.464170947029974101e+01,-5.261654140996043338e+00,1.464283926633254396e+01
1.682000000000000000e+08,-2.485560108183910266e+00,1.540533649113588766e+01,-2.402415809141018599e+00,1.538851382970858594e+01
1.685000000000000000e+08,4.704417700885101250e-01,1.561214689855656523e+01,5.490589380338946057e-01,1.557764544194755274e+01
1.688000000000000000e+08,3.414274429065622396e+00,1.525341177587010044e+01,3.484367157135508819e+00,1.520253098881571674e+01
1.691000000000000000e+08,6.237711329940775151e+00,1.434170523394057462e+01,6.295688847611046413e+00,1.427670993216712958e+01
1.694000000000000000e+08,8.837079075152672658e+00,1.291040648072415387e+01,8.880004083158681283e+00,1.283439015396663763e+01
1.697000000000000000e+08,1.111729607364999950e+01,1.101233660781548451e+01,1.114308383578483586e+01,1.092901897011722667e+01
1.700000000000000000e+08,1.299552473868239488e+01,8.717599746691465867e+00,1.300307639037302465e+01,8.631075507024505100e+00
