frequency_Hz,FDTD_real,FDTD_imag,reference_real,reference_imag,relative_complex_error,amplitude_error_dB,phase_error_deg,axial_phase_prediction_deg
20000000.0,0.0010450729907465484,0.01031087933899566,0.0010439621071723613,0.010314917759839635,0.000403991296993006,-0.003272964304706738,-0.00835845696434879,-0.00879163289762444
20300000.0,0.0029944717346992444,0.010087136533908359,0.002994350714327845,0.01009124118040753,0.00039011797793261997,-0.0032192392274826153,-0.006989822968563888,-0.009193233625305013
20600000.0,0.004896193631849427,0.009492497217215456,0.004896688126218452,0.009496471552849516,0.00037483697028570636,-0.0030563037406875423,-0.007413047320159157,-0.009606882483839056
20900000.0,0.006678937485115527,0.008536955082092623,0.006679972236019138,0.008541023366432874,0.0003871443625613284,-0.003078144021859734,-0.008939896841943126,-0.010032757583748038
21200000.0,0.008273604812605001,0.0072448248937933,0.008275482645618868,0.007248959816713839,0.00041279691631925615,-0.0032668275483047353,-0.009758566615699737,-0.01047103703851134
21500000.0,0.009616617470022654,0.00565367059003874,0.009619413742814864,0.005657488053592871,0.0004240266444305407,-0.0033828056355798618,-0.009619827313921215,-0.010921898963707516
21800000.0,0.010651942909115253,0.0038126295623357453,0.010655395397763567,0.0038159452509794116,0.0004229341372069133,-0.0033528600275353647,-0.0099134723540174,-0.011385521478254694
22100000.0,0.011332762044103967,0.0017813635886874124,0.011336802646634963,0.00178430059036062,0.0004352636902558792,-0.0033670302056541777,-0.0113527090399491,-0.011862082703456423
22400000.0,0.011623891163590194,-0.0003712406163223214,0.01162876135118591,-0.0003687825688944005,0.00046888896607440893,-0.003576393378988514,-0.012864324911570012,-0.012351760763669584
22700000.0,0.011504053589560859,-0.0025697663955879246,0.011509766371568426,-0.002568262387296419,0.0005009356683715567,-0.003866078682255528,-0.013182432061666523,-0.012854733785636473
23000000.0,0.010966714973983993,-0.0047355581052999085,0.010972841005456525,-0.004735334116662712,0.0005129378385388305,-0.004024147696156233,-0.012628868551518076,-0.01337117989915272
23300000.0,0.010020044152247803,-0.006789294566246884,0.010026182801115911,-0.0067902544457921245,0.0005131024128203866,-0.004032630312185713,-0.012532756398275825,-0.01390127723725812
23600000.0,0.008687182208115818,-0.008653250866566653,0.00869325832169906,-0.00865527329984813,0.000522026925000925,-0.004059837402313865,-0.01333541154217976,-0.014445203935377881
23900000.0,0.007006404553737633,-0.010254342514574022,0.007012330215235127,-0.010257565550591173,0.0005428780943276092,-0.004198431381618941,-0.014176511321018395,-0.015003138132085966
24200000.0,0.0050300105674833395,-0.011527542818936976,0.005035420210503629,-0.011532052282861159,0.000559678062273269,-0.004347674139049254,-0.014364176308592142,-0.015575257968818835
24500000.0,0.002822180895668408,-0.012418434922384147,0.002826733663384929,-0.01242400309569592,0.0005644942329767252,-0.004390611488098484,-0.014414974321871553,-0.016161741590352528
24800000.0,0.0004569403469881217,-0.012884939863690326,0.00046059199686942473,-0.012891316817235278,0.0005696694246968913,-0.004379768681176498,-0.015205467621912981,-0.016762767144516414
25100000.0,-0.001983788769452377,-0.012899186739310009,-0.001981061193652913,-0.012906387474259479,0.0005896987048805749,-0.004459990907830608,-0.016632180764095773,-0.017378512782002375
25400000.0,-0.004412990659483695,-0.012449427338735664,-0.0044114969642305235,-0.012457476070271034,0.0006194351983892277,-0.004659703995134542,-0.01776240099302333,-0.018009156656746447
25700000.0,-0.0067421674433225665,-0.011540930000877303,-0.00674228238134966,-0.011549525768454933,0.0006428048042067101,-0.004859972642325886,-0.018151191850866596,-0.018654876926119664
26000000.0,-0.008884681436848452,-0.01019569308856938,-0.008886497290111045,-0.010204377084591602,0.0006556458878668579,-0.004970188842412333,-0.01836046385377384,-0.019315851750546405
26300000.0,-0.010758530224396268,-0.008451878134558166,-0.010761969055427843,-0.00846036185093933,0.0006687091960943144,-0.005043122454313953,-0.019030708219873866,-0.019992259293122698
26600000.0,-0.012289302976148497,-0.006363199900091487,-0.012294405662188859,-0.006371277004845533,0.0006899506982984326,-0.005173980286955657,-0.019970280743149306,-0.02068427772152458
26900000.0,-0.013413477710931487,-0.003997483787061995,-0.013420307785215508,-0.004004762951668517,0.0007127255078583013,-0.005351113220616002,-0.020558635766967894,-0.021392085205527257
27200000.0,-0.014081182265638703,-0.0014341263421031591,-0.014089546959961025,-0.0014401336971484715,0.0007271342336299424,-0.005479109484725428,-0.02074881542968064,-0.022115859919485926
27500000.0,-0.01425797537895268,0.0012387517929088876,-0.014267506681610432,0.0012342723228808375,0.0007353954265873307,-0.005526445044799287,-0.02115522516998962,-0.02285578003947329
27800000.0,-0.013926240080038954,0.003927001706056421,-0.013936697558657308,0.003924132586207577,0.000748961367691569,-0.005573386888256753,-0.02215915800732376,-0.023612023747096204
28100000.0,-0.013086521518745398,0.006533527088276814,-0.01309777564899213,0.006532467630170055,0.0007723122749738026,-0.005697129528738142,-0.02338935185746314,-0.02438476922606071
28400000.0,-0.011758163297444946,0.00896206848793113,-0.011769913291652882,0.008963137266505305,0.0007975080140384008,-0.005869720497826579,-0.02429334495860805,-0.025174194664080333
28700000.0,-0.009978751448256717,0.011121020064541298,-0.009990495749303814,0.011124380225936247,0.0008169841832029147,-0.006012141513101648,-0.024897064898341554,-0.02598047825211277
29000000.0,-0.00780285467150732,0.012926665306784879,-0.007814140590839744,0.012932266734602358,0.0008338674617438368,-0.006112443398374247,-0.025661928375616275,-0.026803798185123212
29300000.0,-0.005300577349292623,0.014306141547942075,-0.005311062636719356,0.014313934757495959,0.0008556928560689052,-0.006233157749562264,-0.026736885766131067,-0.027644332661511853
29600000.0,-0.002555579638253147,0.015200507883947001,-0.0025648314819910396,0.01521048569313876,0.0008821338948590961,-0.006407847330343306,-0.027744880383891998,-0.02850225988311389
29900000.0,0.0003378663113077218,0.015567449768906783,0.00033040744210749017,0.01557942586521363,0.0009054087018077427,-0.00658722797457312,-0.028374000802688468,-0.029377758056535346
30200000.0,0.0032783756860401136,0.015383014540997442,0.0032731565961555084,0.015396554528129273,0.0009218840104580177,-0.00671084674131209,-0.028853040529207077,-0.030271005390672245
30500000.0,0.006160881803044915,0.01464257632737287,0.006158124170613679,0.014657218032381014,0.0009371512780022604,-0.006792802964510302,-0.02962456995816489,-0.03118218009919144
30800000.0,0.008880111895469889,0.0133614920789622,0.00887999188069629,0.013376871388999163,0.000957883908510169,-0.006897146614631625,-0.030733929815592895,-0.03211146039957646
31100000.0,0.011334495255460209,0.011575220203675851,0.011337257253462182,0.011590913421073297,0.0009827775933577694,-0.007046249219849492,-0.03182585565179138,-0.033059024512936644
31400000.0,0.013430212721750046,0.009338376488964628,0.013436010939713965,0.009353787451521342,0.0010057616494876232,-0.007197874651394355,-0.03269750623409656,-0.03402505066381636
31700000.0,0.01508474021369538,0.0067228575654963985,0.015093508212258131,0.00673736701157979,0.0010256508893953296,-0.007316884103038948,-0.03356719547791016,-0.03500971708229412
32000000.0,0.01622982776120474,0.0038155714011867126,0.016241399820765556,0.003828672397339829,0.001047545696306538,-0.0074292100482903235,-0.03469682342781129,-0.03601320199978427
32300000.0,0.01681426919631024,0.0007157989202035697,0.016828496791148933,0.0007269896349881317,0.0010746306786896327,-0.007580430651318122,-0.03597257329440064,-0.03703568365514367
32600000.0,0.016806331460886947,-0.0024681877505090544,0.01682295905601386,-0.0024595131737235086,0.0011030796585621996,-0.00776592194582339,-0.03706489841871212,-0.0380773402879925
32900000.0,0.01619529229256561,-0.005623141516268082,0.016213817151147458,-0.005617557176501609,0.0011275608810197124,-0.007936669243649615,-0.037903218444611426,-0.039138350144820935
33200000.0,0.014991982767568635,-0.008634908890773008,0.015011758803862003,-0.008632780110164695,0.0011485999324263455,-0.008068325430621998,-0.03876058663658469,-0.04021889147421832
33500000.0,0.013228730011437095,-0.011392341394955707,0.013249138515741235,-0.01139387662730945,0.0011711981266211092,-0.008190643356064058,-0.0398517911754693,-0.04131914252954484
33800000.0,0.01095878144843293,-0.013791318933144892,0.010979195823566877,-0.013796701613496623,0.0011973647434067943,-0.008338568366407713,-0.04105489592946186,-0.042439281569504
34100000.0,0.008254828190932484,-0.015738854364796273,0.008274497290990777,-0.01574818567019821,0.0012237612052292221,-0.008501903697460312,-0.042141568406469564,-0.04357948685508932
34400000.0,0.005206531302014206,-0.017156757825287916,0.005224645254396673,-0.01716991555797512,0.0012474583399961056,-0.00864602111099313,-0.04313809227345692,-0.04473993665340096
34700000.0,0.0019174763399260053,-0.017984568382742427,0.0019333248783463557,-0.018001243137861816,0.0012706523137770201,-0.008767860330979305,-0.0442783456700279,-0.0459208092349741
35000000.0,-0.0014981772455175402,-0.018181967242751007,-0.0014852138208804981,-0.018201800493201144,0.0012974302934258702,-0.008902193314981157,-0.045643758525571836,-0.04712228287435141
35300000.0,-0.004919552202697353,-0.01773075518421141,-0.0049101200289273575,-0.017753319226923043,0.0013277072054336378,-0.009071292894884803,-0.04703621167247661,-0.04834453585180057
35600000.0,-0.008223478578890997,-0.016636013787220127,-0.008218214448421949,-0.016660675692252266,0.0013574322966428255,-0.009254146553074086,-0.04825993389741968,-0.04958774645102424
35900000.0,-0.011289054471133708,-0.014926181873199718,-0.01128841924763041,-0.014952110707634662,0.0013844058431835456,-0.009418440664503145,-0.04938317227029073,-0.05085209296011427
36200000.0,-0.014001951234095922,-0.012652284844054007,-0.014006186166174118,-0.012678602187980503,0.0014109377594058322,-0.009565367075525723,-0.05060807997781922,-0.052137753672124136
36500000.0,-0.016258536018358916,-0.009886568213821723,-0.016267760764593117,-0.009912399488076816,0.001439856606382003,-0.009722232527717445,-0.051967188795184124,-0.053444906885069025
36800000.0,-0.017969901496182772,-0.006720364561323411,-0.01798412477720932,-0.006744759423171354,0.0014701941997921977,-0.009898179068556215,-0.05329787939710292,-0.05477373090020826
37100000.0,-0.019065464273358868,-0.0032610122425380528,-0.019084466964503482,-0.0032829534228427243,0.001498914857190253,-0.010070460272185881,-0.05451033479005189,-0.05612440402490784
37400000.0,-0.01949574360209877,0.00037190562969302565,-0.01951904863973615,0.00035335650795750156,0.0015257369688627535,-0.010219765978709714,-0.05573440148546845,-0.057497104570350434
37700000.0,-0.019234359931395717,0.004050621652615605,-0.019261349253881534,0.004036251084672838,0.0015537189787299063,-0.01035985660826354,-0.0571333004228929,-0.058892010853062025
38000000.0,-0.018279426673337817,0.007643536943645612,-0.018309402557184926,0.0076340534937487025,0.0015849168281414907,-0.0105182032078369,-0.05867149534126473,-0.060309301193576116
38300000.0,-0.016654158176823475,0.011019975154140327,-0.016686261773616092,0.011016037310760035,0.0016176461981207574,-0.010697932586689171,-0.060175699280551935,-0.061749153917960355
38600000.0,-0.014406394310606752,0.014055075163357467,-0.014439563344507115,0.014057174521411576,0.0016492318879619005,-0.010876824656034094,-0.06158342454783548,-0.06321174735648075
38900000.0,-0.011607116274632845,0.01663438217261881,-0.01164019087549707,0.016642750817468074,0.0016798509505193257,-0.011041871489374473,-0.06301054716362775,-0.06469725984493743
39200000.0,-0.008348252248235877,0.018658019601372255,-0.00838007447081921,0.018672678510804973,0.001711847267755328,-0.0112069267503306,-0.06455563797884645,-0.0662058697233289
39500000.0,-0.004739804762659561,0.02004453788239624,-0.004769191947211164,0.0200653450170368,0.0017458766298457764,-0.011388970080117118,-0.06614696412174681,-0.06773775533699698
39800000.0,-0.0009061451012382093,0.02073427271874173,-0.0009318692516997133,0.020760849990396,0.0017798118019926618,-0.011580776083997074,-0.06765523836821502,-0.06929309503681766
40100000.0,0.0030183942363816163,0.020691838496500248,0.00299749594636309,0.02072350404194407,0.001811916740055034,-0.011760743828202866,-0.06909213170152637,-0.07087206717710191
40400000.0,0.006894238071947334,0.019907647707936516,0.006879140520999007,0.019943487044713184,0.001843404506217799,-0.011923977476979207,-0.07059789005804445,-0.07247485011903072
40700000.0,0.010581410142927461,0.01839862355343369,0.010572907382090886,0.018437593268667885,0.0018766628423814461,-0.012088406550696016,-0.07224400160198895,-0.07410162222760174
41000000.0,0.013944554314424318,0.01620810483003232,0.01394330506444088,0.01624902290153529,0.0019119350592382758,-0.012268443127877768,-0.07394549179115506,-0.07575256187372845
41300000.0,0.016858007748776882,0.013404712548369835,0.016864473143982112,0.013446213239830185,0.0019473214049569648,-0.01245600722163842,-0.07560005365802727,-0.07742784743328597
41600000.0,0.019210530604404474,0.010080138761265345,0.019224871382641784,0.010120738510592486,0.0019818558667520523,-0.012635643541836659,-0.07723727639331728,-0.07912765728749281
41900000.0,0.020909439096886473,0.006346123238129442,0.020931518348488776,0.006384340841090516,0.0020169081955998445,-0.012809014673945053,-0.07896024720631316,-0.08085216982176578
42200000.0,0.02188417383354546,0.002330801307613317,0.021913619375714434,0.0023651877459266654,0.002053957011848783,-0.012992157017567414,-0.0807790119307129,-0.08260156342820082
42500000.0,0.02208925899875236,-0.0018256351560888007,0.02212544294924863,-0.0017965186440381808,0.0020922382869761127,-0.013190831193622781,-0.08258972109620838,-0.08437601650423726
42800000.0,0.02150636280963114,-0.005975917452293422,0.021548330853319083,-0.005953430856866249,0.002129783671027018,-0.01339139615448413,-0.08432433003778383,-0.08617570745151275
43100000.0,0.020145260821762156,-0.009970983961670177,0.02019175682704678,-0.009956273004439612,0.0021662043644575385,-0.013580090247199333,-0.08604594989826823,-0.08800081467815322
43400000.0,0.018043806284517627,-0.013665260271981339,0.018093382139260615,-0.013659200996867175,0.0022030889090505572,-0.013761556050031348,-0.08785345773262766,-0.08985151659705551
43700000.0,0.015267023496877252,-0.016921886340187542,0.015318091951455413,-0.016925113264828446,0.002241589329832772,-0.013950018648936975,-0.08974402523730934,-0.09172799162645973
44000000.0,0.011905215487011067,-0.019617835071162992,0.011956033710315214,-0.01963071896277974,0.0022808757028641665,-0.014147839566922334,-0.0916336106102197,-0.09363041819109434
44300000.0,0.008071002525172455,-0.021648618224040406,0.008119714765734108,-0.02167117646831031,0.0023196404778309944,-0.014343415021090091,-0.09349363104271095,-0.09555897472064949
44600000.0,0.003895489953070319,-0.022932262308591467,0.003940251779245613,-0.022964128096367165,0.0023582209395020303,-0.014530182254543302,-0.09539519956806655,-0.09751383964977697
44900000.0,-0.00047616417156526314,-0.023412496035555397,-0.0004371035135763091,-0.023452976950519566,0.002398142613869428,-0.014717450824645898,-0.09739976848613972,-0.0994951914207619
45200000.0,-0.004889715155264263,-0.023061169207120757,-0.004858009887198485,-0.023109276689730368,0.002439851086504833,-0.01491712499135758,-0.09946473854190133,-0.10150320847932441
45500000.0,-0.009187307743982798,-0.021879728870164095,-0.009164478368740141,-0.021934136089210677,0.0024820583892037873,-0.01512672400640002,-0.10150300692966494,-0.10353806927805462
45800000.0,-0.013213205189487875,-0.01989953468690664,-0.013200518229047066,-0.019958574266843016,0.0025236019517837003,-0.015333542798156055,-0.10350409965427536,-0.10559995227450432
46100000.0,-0.01681941332099146,-0.0171810402305812,-0.01681778544723787,-0.01724280016505909,0.0025649961395455153,-0.01553291176545147,-0.1055392475555572,-0.1076890359336678
46400000.0,-0.019871035793463276,-0.01381200864567833,-0.01988102925148499,-0.013874428092995035,0.0026074597937871787,-0.015733368110565762,-0.10765064942968547,-0.10980549872473767
46700000.0,-0.02225131476080877,-0.00990478475090295,-0.022273136859203874,-0.009965680410073764,0.00265102549417382,-0.015942280220409732,-0.10979388017641274,-0.11194951912301324
47000000.0,-0.023866150190580804,-0.0055925613523105655,-0.023899588840066842,-0.005649665056603279,0.002694563182923596,-0.016154285533830068,-0.11191343282445385,-0.11412127561066375
47300000.0,-0.024647781366892052,-0.001024773805532675,-0.024692156132260154,-0.001075851370242044,0.002737592574461363,-0.016359601492561673,-0.11403281940164439,-0.11632094667443851
47600000.0,-0.024557490477186583,0.0036380774576784125,-0.02461169545368599,0.0035951028768666338,0.00278108698036565,-0.016559025058974237,-0.11622340905809775,-0.11854871080872015
47900000.0,-0.023587360551832193,0.00822999173750838,-0.023649930514926473,0.008196993933118074,0.0028261056776561046,-0.016763169733437583,-0.11850213487908753,-0.1208047465122804
48200000.0,-0.02176102594499718,0.01258536416711753,-0.021830141914578757,0.01256398611394069,0.002872326722247901,-0.01697752093389354,-0.12080996018958602,-0.1230892322903794
48500000.0,-0.01913323847860604,0.016545027142872426,-0.019206727289355113,0.016536587060389206,0.0029186260035626824,-0.01719563710641102,-0.12309880799913872,-0.1254023466555289
48800000.0,-0.01578821788337792,0.019962087964696673,-0.01586363290400636,0.019967468389378865,0.0029647304011564345,-0.017409595163152533,-0.1253956886511283,-0.12774426812501155
49100000.0,-0.011836957796707348,0.022707308765195444,-0.01191170065141434,0.02272692028619147,0.0030114938581617843,-0.01762166494221119,-0.12775300764963277,-0.13011517522336158
49400000.0,-0.007413618696259117,0.024673948993596095,-0.007485011757072429,0.024707737904613603,0.0030594708130738963,-0.01783987350955844,-0.13016533925204424,-0.1325152464796933
49700000.0,-0.002671012366923242,0.025781941032606892,-0.002736347896358994,0.025829355863577763,0.0031080168680157148,-0.018065017054950054,-0.13257831542543716,-0.13494466043189923
50000000.0,0.0022247270419928356,0.025981130259840834,0.0021680772871266,0.026041073222532685,0.003156245242467389,-0.01828896072620638,-0.13497206190494546,-0.13740359562092538
50300000.0,0.007099997589238294,0.025253388699669865,0.007054434705193105,0.02532424040574496,0.003204351379818633,-0.018506285531209504,-0.13739343133496526,-0.139892230597641
50600000.0,0.011779836122543741,0.02361361240986093,0.01174744118796834,0.02369331744726203,0.0032533351769503324,-0.018721917664853257,-0.1398897982087101,-0.14241074391596867
50900000.0,0.016094153231762776,0.021109627497889805,0.016076646376907488,0.021195751706048722,0.003303598016419513,-0.01894369729613325,-0.14244591872153223,-0.14495931413860932
51200000.0,0.019883952266182447,0.017820908389585277,0.01988262124112276,0.01791066504149833,0.0033544734226423983,-0.019171403164946733,-0.14501235059391845,-0.14753811983398887
51500000.0,0.02300722840294689,0.013856057367748087,0.02302282177097926,0.013946384692470129,0.0034053455469502027,-0.01939829815992511,-0.1475811428545016,-0.15014733957625825
51800000.0,0.025344245104232055,0.009349193641206677,0.02537691398773148,0.009436892534585127,0.0034565795498101384,-0.019622055336516574,-0.15019317540733262,-0.15278715194758338
52100000.0,0.02680205517131462,0.004455457295166498,0.02685136097304008,0.004537308819760678,0.0035089165319521043,-0.019848406632744356,-0.1528717064676621,-0.15545773553394687
52400000.0,0.027318183679121977,-0.0006542787603728284,0.027383098052678835,-0.0005814378574895113,0.003562300513884754,-0.02008236023934478,-0.15558422390255694,-0.1581592689323996
52700000.0,0.026863276922965307,-0.005799398199055283,0.026942153090399115,-0.0057385717465317015,0.003615910643319072,-0.020320465740713202,-0.15828853950576874,-0.16089193074190083
53000000.0,0.025442516590474584,-0.010795976605302182,0.025533105299171334,-0.010749853963492345,0.0036693337902780395,-0.020555590634776275,-0.16099355455878944,-0.16365589957209647
53300000.0,0.02309577463534196,-0.015463340103173628,0.02319531666362491,-0.015434164504548846,0.0037231093519116535,-0.02078682761982066,-0.16374454936819288,-0.16645135403530414
53600000.0,0.019896585750784568,-0.01963054518804075,0.02000191399891768,-0.01962004660690741,0.0037778999919874756,-0.021020037721136055,-0.16655844786770285,-0.16927847275414637
53900000.0,0.015949935561057837,-0.02314264187080728,0.01605754360336668,-0.023151977124241836,0.003833550933713266,-0.02125866497423349,-0.16940474375321912,-0.1721374343565891
54200000.0,0.011388835298991484,-0.025866473097292175,0.011494966842866758,-0.02589613422773008,0.003889437031173078,-0.02149902394609228,-0.1722571135070751,-0.17502841747784986
54500000.0,0.006369805644694915,-0.02769570179319525,0.00647060521434152,-0.027745448161384162,0.003945480854304649,-0.02173644727151732,-0.17513509012923278,-0.17795160075848962
54800000.0,0.0010675134094694227,-0.028554883014467736,0.0011591849633265532,-0.028623745865494234,0.004002309272476072,-0.021972876053313467,-0.17807441548996283,-0.18090716284822922
55100000.0,-0.0043312570633388114,-0.028402515669022743,-0.004252336215643957,-0.028488829469153133,0.004060326407122473,-0.022214295120212016,-0.18107269311405244,-0.1838952824013696
55400000.0,-0.009634178681897976,-0.02723295569054296,-0.009571349687014598,-0.02733436630884685,0.004119108270669752,-0.022462124559766945,-0.1840911701587146,-0.1869161380828983
55700000.0,-0.014650280356171552,-0.025077019457917515,-0.0146064510381334,-0.02519050949525574,0.004178020539068752,-0.022711372590697998,-0.18710980942819477,-0.1899699085600929
56000000.0,-0.01919683652263504,-0.022001226510349303,-0.019174326925971777,-0.022123212947378516,0.004237099646854719,-0.022957988393770973,-0.19015265162348835,-0.19305677251015432
56300000.0,-0.023105978130665505,-0.018105779409881784,-0.023106425249307568,-0.018232251004271696,0.004296908145575343,-0.023204238656940733,-0.1932488685614406,-0.1961769086171534
56600000.0,-0.026230865436493,-0.013521366074807917,-0.02625516622176044,-0.013648000944576905,0.004357652443261099,-0.023454571336328747,-0.19639024269927113,-0.1993304955727944
56900000.0,-0.028451225756335963,-0.008404809455196505,-0.02849946580146144,-0.008527090199184387,0.004418890264861466,-0.02370849939420268,-0.19954707279083334,-0.20251771207336153
57200000.0,-0.029677975554708635,-0.002933675331302177,-0.02974936530730754,-0.00304705363388456,0.004480248521296378,-0.02396134004542035,-0.20271638948643622,-0.20573873682620736
57500000.0,-0.029856713579862082,0.0026999071570276145,-0.02994959083630391,0.002599817531551825,0.004542028745470923,-0.02421134856527701,-0.2059289378199157,-0.20899374854173777
57800000.0,-0.028970015840219188,0.00829595716373377,-0.029081903561649677,0.008213222073123468,0.004604799741296923,-0.024462539042908002,-0.20920527208518347,-0.21228292594142695
58100000.0,-0.027038481856080154,0.013653715089336882,-0.027166143107647325,0.013591953701324683,0.004668596756583752,-0.02471900224963062,-0.21252709097274275,-0.2156064477517108
58400000.0,-0.02412042004573367,0.018578874333247564,-0.024259913462953753,0.018541112662209387,0.0047329174262828455,-0.024979380467440845,-0.21586503908058738,-0.21896449270704021
58700000.0,-0.020310117529699467,0.02289065600677931,-0.020456908141229954,0.02287916540181062,0.0047974768512631044,-0.025239382754670275,-0.21922019029441087,-0.22235723954988107
59000000.0,-0.015734794294699372,0.02642841556119757,-0.015883921331853217,0.026444596834372305,0.004862585946282243,-0.02549830541215596,-0.22261836814086922,-0.22578486702918754
59300000.0,-0.01055039444936623,0.029057586033195304,-0.010696638810016687,0.02910191149557619,0.004928618118101464,-0.025759718283687123,-0.2260685420996544,-0.22924755390269222
59600000.0,-0.0049363112443512325,0.03067479495155745,-0.005074347918302302,0.03074676114261774,0.0049954101462156226,-0.026025656888938386,-0.22954894146980923,-0.23274547893347092
59900000.0,0.0009108339752720296,0.031211923141338582,0.0007862542917300508,0.03131000547210588,0.005062495899431639,-0.02629323609495131,-0.2330404685042195,-0.2362788208945229
60200000.0,0.006784108908691744,0.03063888829622685,0.00667794076318504,0.030760548989822025,0.0051298081781699905,-0.026558712742995542,-0.2365566320590438,-0.2398477585645723
60500000.0,0.012473579514291289,0.028965071981355228,0.012390281871210967,0.02910683986839724,0.005197786458177931,-0.02682283964058525,-0.24012496756346802,-0.24345247073188503
60800000.0,0.01777377932735369,0.026239388725928015,0.017717160908553724,0.026396963540880492,0.005266757375624211,-0.027089626530756562,-0.2437491553064772,-0.24709313619083362
61100000.0,0.022491136126565836,0.02254895891530817,0.02246420982993648,0.02271731349354712,0.005336506617507529,-0.027360549910659802,-0.24740682161475802,-0.25076993374418727
61400000.0,0.02645107087974541,0.018016354831434267,0.02645589662350206,0.018189873207105852,0.005406660717991803,-0.02763285721408028,-0.2510847112809396,-0.2544830422015851
61700000.0,0.029504446163540643,0.012795517745870622,0.029542006190815092,0.012968193363139858,0.005477269370555369,-0.027904178174110464,-0.25479762897196606,-0.25823264038220806
62000000.0,0.031533134487294556,0.0070665432913926685,0.03160327583958282,0.0072321959313935745,0.005548711619704997,-0.028176269562000797,-0.258563933871835,-0.2620189071113436
62300000.0,0.03245456012433201,0.0010295064978249613,0.032555974472551506,0.0011819807530418025,0.005621098601969864,-0.02845235256557834,-0.26237619494002234,-0.2658420212230576
62600000.0,0.03222503933112597,-0.005102522600138215,0.03235525062560139,-0.00496915248952117,0.005694082811502464,-0.028732175615848773,-0.26621114915346705,-0.2697021615586676
62900000.0,0.03084172572300936,-0.011111031093504087,0.030997117242931773,-0.011002223749809761,0.005767353448907475,-0.029012239239829284,-0.2700633505507079,-0.2735995069690328
63200000.0,0.028343071756763982,-0.01677985598847842,0.02851898853603135,-0.016700368248749643,0.00584107252214279,-0.029290712503996175,-0.27395265877755665,-0.27753423631111895
63500000.0,0.024807835357846142,-0.021902929807661176,0.02499873610515097,-0.021856631024684194,0.00591561629180526,-0.02956977194040758,-0.27789526384428215,-0.2815065284506703
63800000.0,0.020352667449920925,-0.026291757953520234,0.02055228386535997,-0.026281480019730477,0.0059910317096402745,-0.029852058750996713,-0.28188220221208876,-0.2855165622618277
64100000.0,0.01512829809980154,-0.029782373796782613,0.015329814583533208,-0.02980976523509469,0.006067017157794135,-0.030136778987033777,-0.28589603052908663,-0.2895645166259836
64400000.0,0.009314424981452296,-0.032241463243577684,0.009510711126393241,-0.03230686868967251,0.00614342471507987,-0.030421193263739918,-0.2899389253594305,-0.2936505704336905
64700000.0,0.003113526796608257,-0.03357140810228376,0.0032974023623752458,-0.03367381650402106,0.006220510557639612,-0.030705024252252307,-0.29402992749663226,-0.2977749025827527
65000000.0,-0.0032561608494365846,-0.033714105903589475,-0.003091675479854127,-0.033851159946919465,0.00629856156784698,-0.030991092796107327,-0.2981761512902497,-0.30193769197937087
65300000.0,-0.009568309566714395,-0.03265344510836954,-0.009429757305847547,-0.032821474495871465,0.006377470912131377,-0.03128128003100669,-0.3023616845695056,-0.3061391175392876
65600000.0,-0.015596563012827303,-0.03041628920425543,-0.01548979769494372,-0.030610374381634844,0.006456892902503885,-0.03157387679504606,-0.3065702391462647,-0.3103793581839703
65900000.0,-0.02112267363280418,-0.027071887538131945,-0.021052603723555816,-0.02728599252113445,0.006536735855234178,-0.031866159904657326,-0.3108076183966399,-0.3146585928467182
66200000.0,-0.025944383968403595,-0.022729759300929908,-0.025914760906625367,-0.0229569304293485,0.0066172595246144,-0.03215823449569755,-0.31509127147780075,-0.31897700046579214
66500000.0,-0.02988280330459525,-0.017536150257796423,-0.029896065573663907,-0.017768737840093387,0.0066986604339039305,-0.03245249882813804,-0.31942411096923384,-0.3233347599889945
66800000.0,-0.03278904877394195,-0.01166914350933701,-0.032846192448293725,-0.011899034995583872,0.006780781217210621,-0.032749762640524184,-0.32379169850321365,-0.3277320503736696
67100000.0,-0.034549875403949826,-0.005332548078049504,-0.03465035105811933,-0.00555144053286114,0.006863372718388964,-0.03304795513178989,-0.32818593718675326,-0.3321690505851765
67400000.0,-0.035092043043097876,0.0012511984143364074,-0.035233718786712706,0.0010514877789682892,0.0069464964065711005,-0.03334527670004499,-0.33261886127554496,-0.33664593959688927
67700000.0,-0.03438527711608019,0.007848824993262893,-0.03456448047206655,0.007676054897499384,0.007030457641891848,-0.033642981295086014,-0.33710592817131585,-0.3411628963898155
68000000.0,-0.03244374732789301,0.01422446909005548,-0.032655352997943414,0.014085699483331326,0.007115376201591488,-0.03394365097536986,-0.34164414116245473,-0.345720099956031
68300000.0,-0.0293259786670218,0.02014811681916373,-0.02956352670069245,0.02004944129243168,0.007201034545828967,-0.034247595718470934,-0.34621725652748,-0.35031772929562643
68600000.0,-0.02513313919256288,0.02540392424713067,-0.025389011673318848,0.025350203318215078,0.00728721459431673,-0.034552678371850554,-0.3508195114407135,-0.35495596341365443
68900000.0,-0.0200057645259073,0.029798074579502565,-0.020271434314983714,0.029792708925286977,0.007374008585285779,-0.034857651863183244,-0.3554625026717417,-0.3596349813300524
69200000.0,-0.01411906790593842,0.033165894487029224,-0.01438538545426612,0.0332106668012955,0.007461649986669059,-0.03516392521402707,-0.36015613972196153,-0.36435496206819284
69500000.0,-0.007676985268504577,0.0353780118942324,-0.007934474392334164,0.03547297967744077,0.007550140327640996,-0.03547322900817108,-0.36489318966860174,-0.36911608466366147
69800000.0,-0.0009051143201874723,0.03634532156646131,-0.0011442909344167192,0.0364887455813488,0.00763923977913911,-0.03578482778092906,-0.3696604203688398,-0.3739185281596775
70100000.0,0.005957206526051917,0.036022526246170194,0.0057454814694330265,0.036210861623116944,0.007728828285125548,-0.03609647065919098,-0.37445908460232047,-0.37876247160823834
70400000.0,0.012665358849003994,0.034410113191529534,0.012489525823457434,0.034638089162327634,0.007819092610283053,-0.03640764194058461,-0.3793039684781545,-0.3836480940693565
70700000.0,0.018978141827236672,0.031554724869388595,0.018845626348311564,0.03181549275895043,0.007910262330927781,-0.036720225361211,-0.38420276194047326,-0.38857557461334935
71000000.0,0.024666438820890924,0.027547903267751694,0.024583366907672394,0.027833223619666638,0.008002297887560404,-0.03703574690462711,-0.3891464424742322,-0.39354509232083945
71300000.0,0.029521550782180106,0.02252319795004243,0.02949248062058914,0.022823676819837675,0.008094985119001311,-0.037353304008670936,-0.39412422522390167,-0.3985568262774108
71600000.0,0.03336285481912693,0.01665171608833682,0.033390548435913554,0.0169571105913619,0.008188274494487566,-0.037671192929225175,-0.39913972919869917,-0.4036109555808609
71900000.0,0.03604449342711158,0.010136299179934971,0.03612976483955043,0.010435871923424335,0.008282353912382877,-0.03798963339090334,-0.4042047069922582,-0.40870765933776554
72200000.0,0.037460882676691565,0.0032045396667546022,0.03760252024669397,0.003487423706219144,0.00837735314565124,-0.03831045837679508,-0.4093204294796356,-0.4138471166638605
72500000.0,0.037550849159048494,-0.003899156777419366,0.03774559008655884,-0.0036435864325425173,0.008473137214379449,-0.038634332840275995,-0.41447510809002247,-0.41902950668136985
72800000.0,0.036300201820171796,-0.01092220548932743,0.03654276857757054,-0.010703939223305287,0.008569496625053335,-0.03895968308932755,-0.4196609909613139,-0.4242550085266394
73100000.0,0.03374261219606656,-0.01761283685017978,0.034025839942738466,-0.01744083542692473,0.008666448392479672,-0.03928491764111629,-0.4248855887006787,-0.4295238013409765
73400000.0,0.02995878838257393,-0.023729107020430185,0.030273838482699718,-0.023610947045017552,0.008764200301452467,-0.039610604753434066,-0.43016053882266475,-0.43483606427752036
73700000.0,0.02507398343422307,-0.029047630863004548,0.02541060988397628,-0.028989203708949342,0.0088628461708672,-0.03993842415679427,-0.4354854110142864,-0.4401919764970434
74000000.0,0.01925388750458712,-0.03337174782554597,0.01960074746900582,-0.03337699736403215,0.008962250738220786,-0.04026862177315972,-0.4408501501847996,-0.44559171717214957
74300000.0,0.012699010549043321,-0.03653879884608324,0.013044035467694863,-0.03660950608543828,0.00906228004101557,-0.040599734449803006,-0.4462515490930623,-0.45103546548116813
74600000.0,0.0056377671900177395,-0.03842621768560894,0.005968586864449066,-0.03856186752554073,0.009163024234022462,-0.04093096136759403,-0.45169875081793415,-0.4565234006142598
74900000.0,-0.001681469573911687,-0.03895622897376394,-0.0013770891937282613,-0.03915397121056178,0.00926467250800142,-0.04126349401150305,-0.45719968906935116,-0.4620557017722719
75200000.0,-0.008999087621082036,-0.03809900306878,-0.008732814680035488,-0.03835368664195056,0.009367231134495337,-0.0415988155689738,-0.4627489791155612,-0.46763254816292193
75500000.0,-0.01605345207121589,-0.03587412543123203,-0.01583595762882605,-0.03617839947639303,0.009470519278302605,-0.0419365990961618,-0.46833583563557335,-0.47325411900461395
75800000.0,-0.02259027745767861,-0.032350282662088725,-0.02243080930772953,-0.03269478655546368,0.00957442880920896,-0.04227523119168318,-0.47395929149249433,-0.47892059352491206
76100000.0,-0.02837178839205534,-0.027643174527223868,-0.028277788072634275,-0.028016823930870117,0.00967906730762502,-0.04261413395451597,-0.47962870393926355,-0.48463215096321194
76400000.0,-0.03318534816649654,-0.021911745386633985,-0.03316213887048627,-0.022302085827607603,0.009784585064193826,-0.042954461467926655,-0.485349602920917,-0.4903889705653977
76700000.0,-0.03685127400188226,-0.015352849478014408,-0.03690181291001498,-0.015746452682300533,0.00989094398198787,-0.04329716499533763,-0.4911158045033159,-0.49619123159033013
77000000.0,-0.039229546709626195,-0.008194496980019172,-0.039354238225449784,-0.008577406532500284,0.009997993502360868,-0.0436414930940652,-0.4969201692619638,-0.5020391133025949
77300000.0,-0.04022513349046963,-0.0006879157292620786,-0.040421730171848254,-0.0010461416355366253,0.01010570929288492,-0.04398608623210375,-0.5027662134870872,-0.5079327949793727
77600000.0,-0.03979172410571574,0.006901264058533529,-0.04005533748557242,0.006581235228839898,0.010214249407857394,-0.044331093473526234,-0.5086638011528534,-0.5138724559089126
77900000.0,-0.03793376583902275,0.014302392742830294,-0.03825697298535416,0.014033106831465551,0.01032373293577522,-0.04467795861600065,-0.5146153473285343,-0.5198582753867155
78200000.0,-0.03470671309045492,0.02124945127730138,-0.03507974077339416,0.021042018076157663,0.010434080353070375,-0.045027419438955385,-0.5206128183935165,-0.5258904327182052
78500000.0,-0.030215437844989035,0.0274906283367633,-0.030626432949151013,0.027354274421461672,0.010545142875394856,-0.04537854627486644,-0.5266498521146734,-0.5319691072210193
78800000.0,-0.024610837754742043,0.03279745024189684,-0.025046236287429954,0.03273912144020673,0.010656924650418695,-0.045730234996243894,-0.5327308086350808,-0.5380944782204284
79100000.0,-0.018084778985739236,0.036973124819025927,-0.018529753028947566,0.036997174180332784,0.010769562901840059,-0.04608287746153163,-0.5388632557709774,-0.5442667250535349
79400000.0,-0.010863552065866533,0.03985982214895212,-0.011302501102715905,0.039967787673617486,0.010883110363577532,-0.04643764852108388,-0.5450463142838897,-0.5504860270666012
79700000.0,-0.003200037034370773,0.041344633970328726,-0.003617115289944998,0.041535097383245914,0.010997452588817536,-0.046794640532971984,-0.551272105926518,-0.5567525636154314
80000000.0,0.0046351631188694675,0.04136396181326929,0.00425548148626449,0.04163250278631678,0.011112481377183485,-0.047152639210238,-0.5575379484512383,-0.5630665140680426
80300000.0,0.012363285175414296,0.03990615110310358,0.012035628010669708,0.04024542153257186,0.01122826103194554,-0.047510844310468196,-0.5638509548688398,-0.5694280578000859
80600000.0,0.019707311748872414,0.0370122880193684,0.019444859167213543,0.03741220331109381,0.011344946608324132,-0.04787004379195669,-0.5702184065908268,-0.5758373741998066
80900000.0,0.02640189123269554,0.032775133468943896,0.02621587249214192,0.033223155475362,0.01146256297030465,-0.04823138003122979,-0.5766377775297682,-0.5822946426638475
81200000.0,0.03220293404663954,0.02733619688981448,0.032102169338571136,0.027817702866900447,0.011580992849669357,-0.048594758220313714,-0.5831017132295386,-0.5888000425995372
81500000.0,0.036896518663158906,0.020881021917876996,0.03688702361809018,0.021379768851346584,0.011700170890452853,-0.048959144954320584,-0.5896096307000261,-0.5953537534252734
81800000.0,0.04030676314582282,0.013632858242053958,0.04039145186789586,0.014131529239600744,0.011820181510004683,-0.04932421347236836,-0.5961681970110209,-0.6019559545701398
82100000.0,0.04230238939848607,0.005844955189925338,0.04248089166649972,0.006325752028756713,0.011941134022899562,-0.04969090349413393,-0.6027811868207026,-0.6086068254727625
82400000.0,0.04280175641886097,-0.0022082725080518895,0.043070339950583035,-0.0017630144501032897,0.01206298993952592,-0.05005999250194357,-0.609443315882725,-0.6153065455816901
82700000.0,0.041776156499684136,-0.010240920157083222,0.04212775596968488,-0.009848096739535104,0.012185621348130981,-0.05043092562577684,-0.616148194306502,-0.6220552943576851
83000000.0,0.0392512209621656,-0.017965755997445543,0.039675594031564565,-0.017640856354453706,0.012308993951147689,-0.05080256118028522,-0.6228975934195808,-0.6288532512710516
83300000.0,0.03530638280418763,-0.025104487447544566,0.0357903983056523,-0.024860994064173584,0.012433216833443433,-0.05117481869869503,-0.6296988779462178,-0.6357005958020169
83600000.0,0.03007242531357046,-0.03139777316014425,0.030600459131843002,-0.031246630491223518,0.012558380603352877,-0.05154865604527739,-0.6365545734887872,-0.64259750744264
83900000.0,0.02372718283481734,-0.036614644257373596,0.024281601687492445,-0.03656380081189038,0.012684436464370593,-0.051924592461632536,-0.6434596816613491,-0.6495441656949031
84200000.0,0.016489510465453106,-0.040560986530175036,0.017051243583770023,-0.04061501960859777,0.012811286359469123,-0.052301981232474946,-0.6504100601380696,-0.656540750073002
84500000.0,0.008611731266159328,-0.043086748960909915,0.009160922176907522,-0.04324660169278186,0.012938947396671731,-0.052680036455485586,-0.657409518160073,-0.6635874400987658
84800000.0,0.000370844707017981,-0.044091614569959914,0.0008875478261006734,-0.04435446944278628,0.013067534422517506,-0.05305913871548962,-0.6644641751370207,-0.6706844153077632
85100000.0,-0.007941199490771655,-0.04352894327208867,-0.007476312578492486,-0.04388822638757983,0.013197095452090031,-0.05344029931241618,-0.6715736576190388,-0.6778318552454868
85400000.0,-0.016027843933809294,-0.041407832518005394,-0.015632781552640387,-0.041853340204465926,0.013327539364720663,-0.053823727254601085,-0.6787313381290806,-0.6850299394673522
85700000.0,-0.023598517060608448,-0.03779318488471395,-0.023289279378057567,-0.03831134307084506,0.013458777349259338,-0.05420856186693464,-0.6859343913346174,-0.6922788475406066
86000000.0,-0.030379076268518768,-0.03280376381673267,-0.030169018830122674,-0.0333780281575115,0.013590844633518463,-0.05459416209692619,-0.6931872589024076,-0.699578759043184
86300000.0,-0.03612172139448888,-0.026608316020920286,-0.03602100805692954,-0.027219692754492382,0.013723841171394151,-0.05498096541528114,-0.7004949063050478,-0.7069298535644685
86600000.0,-0.040614041810016155,-0.019419891356783348,-0.040629201454641564,-0.020047549419747467,0.013857782854032276,-0.05536975628622532,-0.707855702478741,-0.7143323107033857
86900000.0,-0.04368687344945865,-0.011488529825292915,-0.04382046457785348,-0.012110491221392666,0.0139925806627975,-0.055760385811836545,-0.7152643886027961,-0.7217863100726011
87200000.0,-0.04522065526953578,-0.0030925588258952086,-0.045471060159320086,-0.0036864597799078414,0.014128190048775097,-0.0561520147943011,-0.7227208847861776,-0.7292920312927954
87500000.0,-0.04515003841917331,0.005471176924523702,-0.04551141241777255,0.004927286206948465,0.014264680826408577,-0.05654437700065107,-0.7302305612720236,-0.7368496539968628
87800000.0,-0.04346659047460266,0.013897800369413904,-0.0439289672856123,0.013424658579672916,0.014402154336622525,-0.056938164824756346,-0.7377976298608456,-0.7444593578314369
88100000.0,-0.040219495698478824,0.02188524999352648,-0.04076903459394669,0.021501617978297458,0.014540592119078875,-0.0573341201992621,-0.745418432423152,-0.7521213224504035
88400000.0,-0.035514194641112606,0.02914511643702755,-0.03613356564277788,0.028867051284401236,0.01467989970110755,-0.05773196336444421,-0.7530878050122486,-0.7598357275198616
88700000.0,-0.029508984731898003,0.03541306266821609,-0.030177897860577896,0.035253261707554086,0.014820049991382443,-0.05813087438921996,-0.7608066911053868,-0.7676027527196501
89000000.0,-0.022409705548398162,0.040458437601087915,-0.023105568732672766,0.040425694455346904,0.014961117939055232,-0.05853083864308075,-0.7685799423375745,-0.7754225777380046
89300000.0,-0.014462700847645282,0.04409274782858774,-0.015161370532971036,0.044191541332538845,0.015103162567383263,-0.05893250017894619,-0.776409235150441,-0.7832953822765191
89600000.0,-0.005946284429731885,0.04617669145349801,-0.006622883708316713,0.04640691340950497,0.015246134617278207,-0.059336238587866234,-0.7842901642565048,-0.7912213460474742
89900000.0,0.002839010150443466,0.0466254798480783,0.002209219145400077,0.04698231155815897,0.015389956551684276,-0.05974149819929341,-0.792219549742212,-0.7992006487742187
90200000.0,0.011581043274253744,0.04541222898135722,0.011021760685796012,0.045886189614005146,0.01553463446586341,-0.06014754350906774,-0.8002001445323896,-0.8072334701907884
90500000.0,0.019967154971055723,0.04256929649629515,0.019500163362903705,0.04314647028182959,0.015680258194046733,-0.060554550259486896,-0.808237120901853,-0.8153199900457222
90800000.0,0.027695338004612602,0.03818752049362506,0.027339678453166857,0.03884994529068583,0.01582688205199022,-0.06096333695321795,-0.8163313175805696,-0.823460388096719
91100000.0,0.03448511656378822,0.03241336537016526,0.034256339116993544,0.03313956559339714,0.015974443194231497,-0.061374082537701935,-0.8244781303638261,-0.8316548441129277
91400000.0,0.04008773220684886,0.02544404501310593,0.03999724223627052,0.026209708439926496,0.016122882554530024,-0.06178621416087938,-0.8326755976774463,-0.8399035378757105
91700000.0,0.044295249437883766,0.01752079026915121,0.044349788747077484,0.01829957335842351,0.016272233067617957,-0.06219929777706053,-0.8409271904053583,-0.8482066491786431
92000000.0,0.046948252049585415,0.008920507859409899,0.04714954399025613,0.009684932384552876,0.01642256468446344,-0.06261373690137685,-0.8492360866503722,-0.8565643578275144
92300000.0,0.04794186355033092,-5.3884318327313e-05,0.04828642730478549,0.0006685209611893422,0.016573895442193405,-0.06303013139986663,-0.8576015383060462,-0.8649768436368916
92600000.0,0.04722986279491981,-0.009084126140896931,0.04770900172293658,-0.008430601658236654,0.016726142323889807,-0.0634484631814648,-0.866018298372485,-0.8734442864369905
92900000.0,0.04482671680327133,-0.01784791160664767,0.045426692357037626,-0.017288340411584276,0.016879264050649913,-0.06386794094190852,-0.8744862052242429,-0.8819668660675679
93200000.0,0.040807444577793284,-0.026030393788174955,0.04150984743124486,-0.025587109749616574,0.017033311361075637,-0.06428829563704773,-0.8830093189139437,-0.8905447623790681
93500000.0,0.0353053208699326,-0.03333548651466289,0.03608761961690066,-0.0330272187662848,0.01718835467826652,-0.06471000405674596,-0.891590628105428,-0.8991781552379648
93800000.0,0.028507490623397302,-0.0394965744060749,0.029343733628926668,-0.03933769091302692,0.017344387857984374,-0.0651335490071751,-0.9002282338793195,-0.9078672245183653
94100000.0,0.020648620567156717,-0.044286247301855486,0.021510275971891382,-0.04428612809286123,0.01750134850789101,-0.0655587267892128,-0.9089187867174507,-0.9166121501096436
94400000.0,0.012002798469791298,-0.04752468751724637,0.012859715987640753,-0.0476872584778008,0.017659222126240905,-0.06598494482672783,-0.9176631780024983,-0.9254131119103334
94700000.0,0.002873975273123053,-0.04908639580922891,0.00369543328496956,-0.049409855185424026,0.0178180713643275,-0.06641214723019292,-0.9264655469507732,-0.9342702898338536
95000000.0,-0.006414710831948445,-0.0489050204762167,-0.0056589195355367964,-0.04938176887367349,0.017977958397083483,-0.06684103854184308,-0.9353276774607826,-0.9431838638035466
95300000.0,-0.015532368500723981,-0.046976111538193255,-0.014870847872839491,-0.047592878582324895,0.018138837929840005,-0.06727187292348359,-0.944245910163553,-0.9521540137557312
95600000.0,-0.024152148613037522,-0.043357673425592935,-0.023610832351872876,-0.044095848872820045,0.01830065384037385,-0.06770434859993192,-0.9532175956611849,-0.9611809196381762
95900000.0,-0.03196296655999506,-0.03816847386148314,-0.03156411653181652,-0.03900464343454768,0.01846339232390489,-0.06813781701614427,-0.962243812111281,-0.9702647614139172
96200000.0,-0.03868072164606953,-0.03158416890327764,-0.03844203946683197,-0.0324908444561707,0.018627132872101094,-0.06857246166733023,-0.9713290348773952,-0.979405719052478
96500000.0,-0.04405862133488744,-0.023831379541107367,-0.04399250865535765,-0.024777884477536233,0.01879189638533492,-0.06900873999212037,-0.9804732003773557,-0.9886039725424659
96800000.0,-0.047896245864134074,-0.015179907442903318,-0.04800923132982012,-0.016133394631614555,0.018957647080526573,-0.06944684712664391,-0.989673450353555,-0.9978597018801215
97100000.0,-0.050047009816408305,-0.005933345779384425,-0.05033936668463279,-0.0068599220215324695,0.019124337800375084,-0.06988626385875996,-0.9989283433753223,-1.0071730870738984
97400000.0,-0.05042373181433307,0.003581578281310893,-0.05088931675221408,0.002715656057305305,0.019291996596510458,-0.07032663637291002,-1.0082406966190636,-1.0165443081482808
97700000.0,-0.04900211082272027,0.013026543343701125,-0.049628435558849174,0.0122536531335611,0.019460690194708804,-0.0707682420725801,-1.0176138929771368,-1.025973545138439
98000000.0,-0.04582198451483471,0.022063656809085064,-0.046590513662566564,0.02141362344208482,0.01963043827613728,-0.07121165568942099,-1.027047466043724,-1.0354609780894668
98300000.0,-0.0409863031790052,0.030367546876302942,-0.04187296831112735,0.029866514343628938,0.019801183788625828,-0.07165689635146921,-1.0365377485746075,-1.0450067870632516
98600000.0,-0.034657828355520004,0.03763708405827426,-0.03563375637506034,0.03730648469058966,0.01997289282194484,-0.07210346770034892,-1.0460840527356645,-1.0546111521316037
98900000.0,-0.027053666481312064,0.0436062964161561,-0.02808610548122846,0.04346196763842837,0.02014560178778676,-0.0725511495256373,-1.055689313297666,-1.0642742533785472
99200000.0,-0.018437834106384776,0.04805408779172682,-0.01949123870601878,0.04810557566930046,0.02031936576284695,-0.07300026207414761,-1.065356059758308,-1.0739962709033724
99500000.0,-0.009112104853761092,0.05081241786185364,-0.010149340020970635,0.05106249042901115,0.02049417632407889,-0.07345135914824648,-1.0750821427478956,-1.0837773848160563
99800000.0,0.0005945585975912285,0.05177263854016001,-0.00038907296344991936,0.05221701976160175,0.020669972167659163,-0.07390403072217344,-1.0848648836965538,-1.093617775239553
100100000.0,0.01033761510136113,0.05088973462434776,0.009443980636958001,0.05151708999720949,0.020846737683463984,-0.07435782998325988,-1.0947045835616929,-1.10351762231132
100400000.0,0.01976917452168254,0.04818430598713341,0.01899955602651832,0.04897648789771948,0.02102454121894303,-0.07481278132689526,-1.104605467851512,-1.1134771061772102
100700000.0,0.02855041270039688,0.04374222111528425,0.027935183587504797,0.04467476321751188,0.021203417265244124,-0.07526922817884087,-1.1145687096095378,-1.1234964070006348
101000000.0,0.03636374270396299,0.037711940730861926,0.03592846130744931,0.03875478546002083,0.02138334478852212,-0.07572752737179095,-1.1245919562283846,-1.1335757049556907
101300000.0,0.04292430626242504,0.03029957954273188,0.04268868431863744,0.031418021204335955,0.021564280326728823,-0.07618741000943037,-1.13467323848944,-1.1437151802302152
101600000.0,0.04799035633388969,0.021761867595523565,0.047967412472062085,0.02291769119234373,0.0217462243430233,-0.07664846903582076,-1.1448137378484873,-1.1539150130242588
101900000.0,0.05137214986827225,0.012397264125145302,0.051567590507443244,0.013550039367435669,0.021929237262073846,-0.07711084278659136,-1.155016851117685,-1.1641753835516115
102200000.0,0.0529390366359459,0.002535534537550177,0.05335088728730383,0.0036440115060131285,0.022113342074494703,-0.07757496324668324,-1.1652827935223813,-1.1744964720375144
102500000.0,0.05262448381946137,-0.007473858058140603,0.053242981396384725,-0.006450294345121611,0.022298490432852817,-0.07804099742034619,-1.1756080552124961,-1.184878458724001
102800000.0,0.05042883200868427,-0.017274142879695198,0.051236590421132544,-0.016373998739767,0.02248464901218694,-0.0785084945156134,-1.1859918106527447,-1.1953215238615018
103100000.0,0.04641966520485541,-0.02651396204050549,0.04739212626899576,-0.025772202280552443,0.022671833033899434,-0.07897718590264695,-1.1964357617271102,-1.205825847715714
103400000.0,0.04072977929419985,-0.0348599619434955,0.041835934089415876,-0.03430667547356571,0.02286009573177004,-0.07944721682718317,-1.2069428337444899,-1.2163916105676011
103700000.0,0.033552814714809226,-0.04200881501435649,0.03475616853866212,-0.04166803024723548,0.02304945009786447,-0.07991899171289851,-1.2175127088377724,-1.2270189927072872
104000000.0,0.02513668575945449,-0.047698245617643575,0.026396437406710084,-0.04758693147345946,0.023239858574417613,-0.0803925273650704,-1.2281429841870999,-1.2377081744416893
104300000.0,0.015775021071471496,-0.051716649922353586,0.01704742773786036,-0.051843942854599506,0.0234312904075018,-0.08086738382889326,-1.2388329470212163,-1.2484593360891745
104600000.0,0.005796919560492081,-0.053910948874416054,0.007036804129900639,-0.054277648771199255,0.02362378332974609,-0.0813434351833216,-1.2495853009010331,-1.2592726579833764
104900000.0,-0.004444612390623631,-0.05419239174795276,-0.0032822735869346108,-0.05479075072495198,0.02381738936016498,-0.08182105699386753,-1.2604022627304,-1.2701483204670891
105200000.0,-0.014585144193706129,-0.052540100109099264,-0.013543609141233393,-0.053353908607899826,0.024012096818932765,-0.08230053974892625,-1.2712823019943393,-1.2810865039037165
105500000.0,-0.024261792895476475,-0.04900220491200713,-0.023380964871472135,-0.05000717865896859,0.024207851693829278,-0.08278173326971323,-1.2822224500432935,-1.292087388662005
105800000.0,-0.03312621518508613,-0.04369451224822196,-0.032441131939739944,-0.04485898183747017,0.024404651641456804,-0.08326429355538792,-1.2932234967934493,-1.3031511551297856
106100000.0,-0.04085714417316649,-0.036796737646644484,-0.04039661215531305,-0.038082623075247825,0.024602529449568387,-0.08374809901414414,-1.3042878161363407,-1.3142779837055754
106400000.0,-0.04717202498857942,-0.028546440660121686,-0.04695745204961548,-0.029910477021856254,0.0248015272473534,-0.0842335064149785,-1.3154170686589648,-1.3254680548031579
106700000.0,-0.05183733846014277,-0.019230859250649157,-0.051881805149625315,-0.020626027967885867,0.025001612485574486,-0.08472070675869994,-1.3266087028852127,-1.3367215488508202
107000000.0,-0.05467723198589375,-0.009176913552553234,-0.05498483443987612,-0.01055404387062081,0.025202751181005113,-0.0852094767536247,-1.3378611981509463,-1.3480386462867726
107300000.0,-0.055580128153927766,0.0012602700586636928,-0.05614563109553705,-4.9218268148143455e-05,0.0254049530346927,-0.08569947470364561,-1.3491760738067453,-1.3594195275667826
107600000.0,-0.05450306601965044,0.011709900927984851,-0.05531188910795573,0.01051631966149107,0.02560826157356399,-0.086190716561271,-1.3605559955320794,-1.3708643731595935
107900000.0,-0.05147361829933045,0.021798691163886108,-0.052502157946417244,0.02076618679343563,0.02581270958310397,-0.08668359808558158,-1.3720019466782998,-1.382373363544636
108200000.0,-0.04658930109204562,0.031164191256127793,-0.04780557611619057,0.030333156559070963,0.02601825274413641,-0.08717830366739479,-1.3835106719170926,-1.3939466792211872
108500000.0,-0.04001447211681841,0.039467817310647746,-0.04137908454180099,0.03887231138418318,0.02622486955869772,-0.08767454691316275,-1.3950815920810256,-1.4055845006961571
108800000.0,-0.03197481449864553,0.046407090767837555,-0.03344220312612449,0.046073477095880486,0.026432575586149483,-0.0881719849753283,-1.4067165791161425,-1.4172870084924865
109100000.0,-0.022749601229959393,0.051726647390224034,-0.024269545314199267,0.051672485743526356,0.026641410442886797,-0.08867088803508008,-1.418417382569057,-1.4290543831499087
109400000.0,-0.012662006406958137,0.055227625524286506,-0.014181322475460717,0.05546085369837487,0.026851375072727036,-0.08917138217576849,-1.4301837260904313,-1.4408868052180812
109700000.0,-0.002067788755149569,0.05677509072086462,-0.003532170707504898,0.05729353321794524,0.027062444987289932,-0.08967367998047146,-1.4420135285541373,-1.4527844552642175
110000000.0,0.008657258963295167,0.056303209859969616,0.007301316400607834,0.05709443274259646,0.027274591601246415,-0.09017733810791558,-1.4539061692557003,-1.4647475138654547
110300000.0,0.01913064196724701,0.05381797422921597,0.0179339028183342,0.05485951368307993,0.02748785722347107,-0.09068222998853467,-1.4658646052546451,-1.4767761616180128
110600000.0,0.028976800214915,0.04939737072138195,0.027985411491369905,0.050657327013064905,0.027702264496210847,-0.09118850860729062,-1.4778898403927443,-1.4888705791287995
110900000.0,0.03784057310237021,0.04318898558495565,0.037094315302066916,0.0446269653755611,0.02791781494260483,-0.09169647770462697,-1.4899811799982678,-1.5010309470192247
111200000.0,0.04540001416188655,0.03540510345007597,0.04493073959789606,0.036973483712364225,0.028134485116039366,-0.09220611942346064,-1.5021372137735152,-1.513257445925202
111500000.0,0.0513780848572124,0.026315458160679928,0.051208403687309556,0.0279609391531736,0.028352257774050815,-0.09271702266185879,-1.5143579264321367,-1.5255502564979122
111800000.0,0.05555279714648864,0.01623789062732106,0.05569507220539685,0.017903291812816257,0.028571178617403367,-0.09322922042446773,-1.5266460662565042,-1.537909559403802
112100000.0,0.057765441452547694,0.0055272430466191125,0.05822113281905655,0.007153468668630947,0.028791255606349066,-0.09374295859776437,-1.5390014934970877,-1.5503355353184782
112400000.0,0.0579266019492386,-0.005437129991813006,0.058685985435011634,-0.003909014453451892,0.029012496337407205,-0.09425851350703805,-1.551423975599199,-1.5628283649389216
112700000.0,0.05601972499363206,-0.016264800893787346,0.05706200119530633,-0.014891455042341246,0.0292348564170235,-0.09477557953728623,-1.563911536092448,-1.5753882289705092
113000000.0,0.05210209263392651,-0.02656817636602682,0.05339590091783713,-0.025401902194941667,0.029458337220334682,-0.09529393430411774,-1.576464821893853,-1.5880153081377009
113300000.0,0.04630315873827817,-0.03597636964941531,0.04780748430483033,-0.03506314440411094,0.029682979724286504,-0.09581361624352053,-1.589086272363576,-1.6007097831764074
113600000.0,0.03882030140253001,-0.044148546600563776,0.040485745699573264,-0.04352624656037511,0.029908809025476418,-0.09633489372009954,-1.6017767634321092,-1.6134718348393322
113900000.0,0.029912125057942163,-0.050786273464866305,0.031682498190564894,-0.05048315050802341,0.030135792562695204,-0.09685789297440695,-1.6145339600466604,-1.626301643890629
114200000.0,0.019889530687419055,-0.055644414736968795,0.02170372377121416,-0.05567787944973417,0.030363911653122515,-0.09738230423047006,-1.627357481681705,-1.6391993911127714
114500000.0,0.0091048660046118,-0.05854017493533403,0.010898943339359202,-0.05891594847823836,0.03059318538547911,-0.0979080275493162,-1.6402487574695663,-1.6521652572996832
114800000.0,-0.002060457416145356,-0.05935995445490727,-0.00035102350282885034,-0.06007162489647536,0.03082365209355048,-0.09843516422489931,-1.6532099046578737,-1.6651994232636078
115100000.0,-0.013209447812823516,-0.05806377164371446,-0.011647479893479057,-0.05909277631702982,0.03105531254494457,-0.0989639545127989,-1.66624037191643,-1.678302069825949
115400000.0,-0.023943649875089013,-0.054687077830401165,-0.022587980870318533,-0.05600311679376396,0.03128813832137911,-0.09949444042013247,-1.679338298253511,-1.6914733778310105
115700000.0,-0.03387739064560058,-0.04933987778138205,-0.03278067027692694,-0.05090175805521862,0.03152213024258622,-0.10002645227785059,-1.6925041555007367,-1.7047135281299657
116000000.0,-0.042651636443005736,-0.042203174350254,-0.04185831664201409,-0.0439600644464229,0.03175729080279479,-0.10055974067274646,-1.7057387099417618,-1.7180227015938352
116300000.0,-0.0499469635518881,-0.03352285980605352,-0.04949154002981829,-0.035415919749391615,0.031993662084306776,-0.1010945826262081,-1.7190438808411863,-1.7314010791043257
116600000.0,-0.055495182904871876,-0.023601259218755555,-0.0554007593947316,-0.02556558308463386,0.03223123112004004,-0.10163114651534785,-1.7324184552605315,-1.7448488415645176
116900000.0,-0.05908919622051534,-0.01278660763453443,-0.059366423260573856,-0.014753425194368003,0.03246997724261216,-0.1021693530428381,-1.745861352623941,-1.758366169884361
117200000.0,-0.060590713079953895,-0.0014608261978716897,-0.06123715190300127,-0.0033598917573461565,0.032709903786715205,-0.10270892455068882,-1.7593734552854414,-1.7719532449967064
117500000.0,-0.059935540503684326,0.009973965334628687,-0.06093548907338581,0.008211884203254666,0.03295101941782323,-0.10324988122275666,-1.772955247020501,-1.7856102478428006
117800000.0,-0.05713625192936145,0.021109721582673657,-0.05846104330757811,0.019550341255520656,0.033193368840443334,-0.10379244952236927,-1.7866089394817912,-1.7993373593852642
118100000.0,-0.052282129167304126,0.031547031581710794,-0.05389089736614357,0.03025013186854976,0.03343692737633547,-0.10433677538577799,-1.800332659259695,-1.8131347605951136
118400000.0,-0.045536357495091995,0.04090944915416328,-0.047377255046431394,0.039926609676089735,0.03368167621090054,-0.1048826973095654,-1.8141256374927885,-1.827002632466266
118700000.0,-0.03713055708957347,0.04885707177750431,-0.039142395050572695,0.04822965686267079,0.03392762203569332,-0.10542998821709405,-1.8279888323635278,-1.8409411560010351
119000000.0,-0.027356840646862057,0.05509887449016038,-0.02947109850538067,0.0548563497793435,0.0341747898842089,-0.10597886998185173,-1.8419232569560093,-1.8549505122185277
119300000.0,-0.016557673118141603,0.05940335848411227,-0.01870080756297723,0.05956199816392199,0.034423194937856054,-0.10652933022368252,-1.8559298782215337,-1.8690308821554071
119600000.0,-0.005113878457686738,0.06160712934470203,-0.007209856590177754,0.06216917448079451,0.03467281385024529,-0.10708165303798116,-1.8700065850062513,-1.883182446863604
119900000.0,0.00656879152732226,0.06162108095416352,0.00459581559894803,0.06257437612010952,0.034923637491793585,-0.10763556176310156,-1.8841534763521506,-1.8974053874087886
120200000.0,0.01807404637844523,0.059433946609956045,0.016297007805023103,0.06075209199384382,0.03517566453773018,-0.10819085140774312,-1.8983709565784777,-1.9116998848718976
120500000.0,0.02898988850766515,0.055113083200776014,0.02747613886817545,0.05675610374928768,0.03542893099419863,-0.10874762809140887,-1.9126609931011291,-1.9260661203491345
120800000.0,0.038923364065106325,0.048802452554069564,0.037732151543979436,0.05071796521401917,0.035683450473193386,-0.10930618126332926,-1.9270237459422475,-1.9405042749557864
121100000.0,0.047514711017728306,0.04071785316144938,0.046694899522179804,0.04284269639276161,0.03593918313629647,-0.10986643016525464,-1.9414569567630526,-1.9550145298201167
121400000.0,0.05445039042990829,0.031139553005637755,0.054038501319067504,0.033401841174556815,0.03619613524325497,-0.11042820421816277,-1.9559614138073163,-1.9695970660833657
121700000.0,0.059474522542652286,0.020402578709459274,0.059493185690793066,0.022724109063218145,0.03645430598288726,-0.1109913940660378,-1.9705373234149048,-1.9842520649043303
122000000.0,0.0623983145462319,0.008885003773085653,0.0628551886707732,0.011183939847108026,0.036713743412308715,-0.11155617257900768,-1.9851872415930791,-1.998979707461654
122300000.0,0.06310713979017013,-0.003005358323271423,0.06399434986968215,-0.0008116284819689401,0.036974443651535634,-0.11212273298306757,-1.9999104854178091,-2.013780174944667
122600000.0,0.061565000515433566,-0.014845394839215764,0.062859116133891,-0.012837316180171294,0.03723635790463819,-0.1126909870262918,-2.014704264262342,-2.028653648557203
122900000.0,0.057816194437609436,-0.02621175440526402,0.059478767835776984,-0.02446467426284707,0.03749950372866576,-0.11326073888500564,-2.0295701136239024,-2.0436003095244684
123200000.0,0.05198411417625248,-0.03669598428548815,0.05396277074344054,-0.03527735342113949,0.03776389915096433,-0.11383184918378178,-2.044509462731699,-2.058620339083884
123500000.0,0.044267215999924225,-0.0459192046921868,0.0464972669350732,-0.04488601270454539,0.038029556639706905,-0.1144047708764296,-2.0595220424595917,-2.0737139184911895
123800000.0,0.034932287179191945,-0.0535458001923419,0.03733880752182599,-0.05294232985284025,0.03829647434583712,-0.11497930074826357,-2.074608209448267,-2.0888812290120486
124100000.0,0.024305232470124505,-0.05929563265883919,0.02680554993579471,-0.059151631476422634,0.038564624548193836,-0.11555542638275863,-2.0897662935504107,-2.104122451935025
124400000.0,0.0127596979780229,-0.06295432422700387,0.015266210277869825,-0.06328365774217336,0.03883401982852474,-0.11613297157321927,-2.1049974711822634,-2.1194377685616583
124700000.0,0.0007039364958905114,-0.06438123306862042,0.0031271586476775055,-0.06518108758130779,0.03910468354971818,-0.11671193107222963,-2.120303189531705,-2.1348273602110464
125000000.0,-0.011433623665501491,-0.06351483288481852,-0.009181889764219993,-0.06476550315235884,0.03937663256025643,-0.11729263580408766,-2.135683738018864,-2.150291408213735
125300000.0,-0.02321960337539042,-0.06037529205857828,-0.021223086338398325,-0.06204056408256858,0.03964984619571166,-0.1178750257507833,-2.1511379899729337,-2.1658300939216444
125600000.0,-0.03423115114413622,-0.05506413971062374,-0.03256602354414417,-0.05709227502779001,0.039924306922139066,-0.11845893505728547,-2.166665247500273,-2.1814435987004357
125900000.0,-0.04407111566555044,-0.047761015115283634,-0.04280311876594842,-0.050086314337689834,0.04020003917374935,-0.11904426880940698,-2.182267224932826,-2.197132103934088
126200000.0,-0.0523823659867082,-0.03871760980302774,-0.05156425995426283,-0.0412625057587581,0.040477054651002736,-0.11963111142882998,-2.197944453197193,-2.212895791018032
126500000.0,-0.05886074946915221,-0.02824900828168131,-0.05853018038240298,-0.030926622641031146,0.04075536005863891,-0.12021961263021885,-2.213697013770536,-2.228734841369071
126800000.0,-0.06326622019466499,-0.01672271854642471,-0.06344408777824732,-0.019439799126649566,0.0410349473669437,-0.12080981519927284,-2.2295243254645745,-2.2446494364185123
127100000.0,-0.06543172471433412,-0.00454577095697406,-0.06612111788901964,-0.0072059131676635805,0.04131578931358551,-0.12140147603896664,-2.2454252615033226,-2.2606397576136916
127400000.0,-0.06526951319302698,0.007849655870306282,-0.06645526804960027,0.005342608007441818,0.041597919641120994,-0.12199455466696987,-2.261401981648487,-2.27670598641645
127700000.0,-0.0627746438740322,0.02002157085507328,-0.0644235501876847,0.017760075372518624,0.04188136041858226,-0.12258912901668506,-2.2774556682546403,-2.2928483043100005
128000000.0,-0.05802554647216129,0.0315339291385035,-0.06008720338440624,0.029603367819233162,0.04216609945241129,-0.1231853795929641,-2.2935851822261304,-2.309066892788244
128300000.0,-0.0511816054337475,0.041972256119898965,-0.053589906906429785,0.04044774301894016,0.04245212328439251,-0.12378327088786974,-2.309789783861354,-2.325361933365689
128600000.0,-0.04247783107108427,0.05095857219640365,-0.04515304491742628,0.04990206986078747,0.04273943673338367,-0.12438265148814166,-2.3260701044438696,-2.3417336075728774
128900000.0,-0.0322168003751806,0.05816507600672427,-0.03506817660913638,0.05762293222785685,0.043028062123238994,-0.12498342590877592,-2.342427721309132,-2.3581820969556144
129200000.0,-0.020758148385464192,0.06332609510687348,-0.02368696929259678,0.06332709817213243,0.04331801231145706,-0.12558574466979447,-2.358863096882631,-2.3747075830742115
129500000.0,-0.008505970874038482,0.06624787373817487,-0.01140893959870372,0.06680190034754044,0.04360927324646258,-0.12618982133363177,-2.3753749147480323,-2.391310247511878
129800000.0,0.004105425985373445,0.06681583381032041,0.0013325674271263185,0.06791314535666396,0.04390184162454651,-0.12679552125450494,-2.3919632714339234,-2.4079902718640374
130100000.0,0.01662692327573967,0.06499903195880075,0.014085674389490375,0.0666102645439192,0.04419571263135475,-0.12740261358442131,-2.408628374749717,-2.42474783774138
130400000.0,0.028610582708736176,0.06085164328948389,0.026395995318480404,0.06292850605399158,0.044490917377420884,-0.12801122028431988,-2.425371868286382,-2.441583126775969
130700000.0,0.03962566865647488,0.05451141111316726,0.037822826875291087,0.05698807204342576,0.04478744979442996,-0.12862142248924943,-2.4421932120604017,-2.458496320616661
131000000.0,0.0492741316728762,0.04619510210687361,0.04795492228570707,0.048990228694149957,0.04508531188757869,-0.12923334332611738,-2.4590922724822133,-2.47548760092071
131300000.0,0.05720499511979238,0.03619110984047591,0.05642529141077525,0.039210500791208726,0.04538449094069327,-0.12984681167771647,-2.476068644244922,-2.4925571493759024
131600000.0,0.06312711889762435,0.024849459923223627,0.06292448808151027,0.02798919101425894,0.045685004591932234,-0.13046172715905538,-2.4931236232368383,-2.509705147673078
131900000.0,0.06681987736093564,0.012569568931243946,0.06721190712531531,0.015719543120483914,0.045986877153317125,-0.1310782051215023,-2.510258454501554,-2.5269317775313205
132200000.0,0.0681413661593413,-0.0002138157477906688,0.06912467657789474,0.0028339622855591664,0.046290092111966503,-0.13169634988473433,-2.527471915264768,-2.5442372206781103
132500000.0,0.06703383277786301,-0.013046006502783314,0.06858381961416968,-0.010211218347383005,0.04659464921968558,-0.132316173229215,-2.5447639734185223,-2.561621658865353
132800000.0,0.06352611771530858,-0.02546855169038098,0.06559745358193779,-0.02295190269475966,0.0469005372810842,-0.13293765786449596,-2.5621339899877387,-2.5790852738556436
133100000.0,0.0577330051676217,-0.03703561587170778,0.06026089337070183,-0.034932737788991586,0.04720778825709574,-0.13356056417409348,-2.5795844242572663,-2.5966282474337103
133400000.0,0.049851498766972036,-0.047329978128757944,0.05275365097290419,-0.04572339376308691,0.047516399117888,-0.134185089649791,-2.5971146835711747,-2.614250761398788
133700000.0,0.0401541429436727,-0.05597808023897555,0.04333341590674631,-0.05493401387250131,0.047826373470771365,-0.1348114483496459,-2.6147245507029715,-2.6319529975669025
134000000.0,0.02897960983379777,-0.0626635832989364,0.03232721959352333,-0.06222929602714966,0.04813769607541831,-0.13543941744487759,-2.6324135683899326,-2.649735137773928
134300000.0,0.016720874812559572,-0.06713893517814817,0.020120091361937088,-0.06734069650543899,0.048450377684623215,-0.13606907642167648,-2.650182236043488,-2.6675973638717667
134600000.0,0.0038113988469854476,-0.06923452403919095,0.007141587945087351,-0.07007629745588174,0.0487644183751251,-0.13670015653373763,-2.6680311207287017,-2.685539857728353
134900000.0,-0.009290194305015653,-0.06886508525912927,-0.006149315658962944,-0.07032799816638811,0.04907984548005085,-0.13733299462888404,-2.685961201660451,-2.703562801230703
135200000.0,-0.022116409722578112,-0.06603312300415842,-0.019280460655680204,-0.06807573818369542,0.049396640611621606,-0.13796752481990576,-2.7039715026392526,-2.7216663762818634
135500000.0,-0.034207565955531205,-0.06082920571056194,-0.03178327541812014,-0.06338861091449755,0.04971481208284472,-0.13860383198393478,-2.722062366279924,-2.739850764805491
135800000.0,-0.045128272322182195,-0.053429107963229416,-0.04320949856155555,-0.05642279096647525,0.05003434141132422,-0.1392416253853844,-2.7402332691607394,-2.758116148735166
136100000.0,-0.05448310486089403,-0.04408789198799967,-0.05314724664520807,-0.04741636006175486,0.05035526541124847,-0.1398811084228001,-2.7584860475619024,-2.7764627100319483
136400000.0,-0.06193092093956443,-0.033131130865295066,-0.061235859698291484,-0.0366811760877001,0.050677568172735894,-0.1405222979479922,-2.776819707270048,-2.7948906306683474
136700000.0,-0.06719729820895548,-0.020943570783556797,-0.06717898394855171,-0.02459208933488016,0.05100126377165785,-0.1411653573610864,-2.7952347855222452,-2.8134000926359573
137000000.0,-0.07008464048698437,-0.007955622812286567,-0.0707554205528058,-0.01157385122057903,0.0513263300379317,-0.14181006496303641,-2.8137303913168217,-2.831991277943928
137300000.0,-0.07047957438887043,0.00537183796769769,-0.07182734228724744,0.0019138033832224455,0.051652783289987694,-0.14245637107245623,-2.832307627568813,-2.8506643686197286
137600000.0,-0.0683573637893029,0.018563824696991027,-0.07034557145785693,0.01539239405422397,0.0519806230517616,-0.14310430460345464,-2.850966415871961,-2.869419546706096
137900000.0,-0.06378317600053762,0.031148165279561546,-0.06635172301465046,0.028381664029879985,0.05230987698948025,-0.14375399859143054,-2.8697081835444034,-2.8882569942679046
138200000.0,-0.05691013789138433,0.042672404811083364,-0.05997711668727871,0.04041669935916277,0.052640504229321955,-0.14440546031054688,-2.8885304395085067,-2.9071768933845297
138500000.0,-0.04797423273710377,0.05272007625387243,-0.051438489261797116,0.051064561271543955,0.052972518491072366,-0.14505858184708115,-2.9074342451398127,-2.926179426154432
138800000.0,-0.03728620923567094,0.06092574925057215,-0.04103063852602483,0.05993986091167465,0.05330593435287894,-0.14571312450223567,-2.92642097039903,-2.945264774692101
139100000.0,-0.0252207846803012,0.06698831533417837,-0.0291162562216495,0.06671870720520558,0.05364076008125162,-0.14636942454011892,-2.9454904599118805,-2.964433121134164
139400000.0,-0.012203515375729168,0.07068203186419164,-0.016113292520479435,0.07115051301546003,0.053976997847066485,-0.14702757391154278,-2.96464267612541,-2.983684647630987
139700000.0,0.0013042111600820583,0.07186491844571452,-0.0024802977971494534,0.07306724656988617,0.05431463700258913,-0.14768742473865248,-2.9838772752788794,-3.0030195363535466
140000000.0,0.014821531974033242,0.07048418859276251,0.011299747653011345,0.07238978018986375,0.054653681992405875,-0.14834900548940785,-3.0031944830612365,-3.0224379694865595
140300000.0,0.027865227299980866,0.06657851041175267,0.02473654486291485,0.0691310858374976,0.05499411270830615,-0.14901185873191974,-3.022593982577324,-3.041940129242222
140600000.0,0.03996699299366924,0.06027700744883391,0.037349917999499695,0.06339618288798102,0.05533598567075306,-0.1496766308404722,-3.042077954876629,-3.0615261978403647
140900000.0,0.05069025467841115,0.05179502156261839,0.04868697732050575,0.05537877369166594,0.055679271203122736,-0.15034311352920687,-3.061645015342044,-3.0811963575237176
141200000.0,0.05964592003735447,0.04142677043223397,0.058338376339259895,0.045354729234114634,0.05602396808668428,-0.15101125751825273,-3.081295197202565,-3.1009507905556197
141500000.0,0.0665064956117094,0.029535149018814044,0.0659530898835116,0.03367260217470484,0.05637007051782571,-0.151680920256475,-3.101028434524851,-3.120789679214678
141800000.0,0.07101805527370164,0.016539033387924063,0.0712511730605226,0.02074151526158422,0.056717597452002146,-0.1523521533889961,-3.1208457885229617,-3.1407132057962928
142100000.0,0.07300962835774172,0.0028985319104573026,0.07403404171978228,0.00701683683086809,0.05706656990798437,-0.15302506531953342,-3.1407483372994265,-3.160721552618
142400000.0,0.0723996620555547,-0.010901302097804377,0.07419189743086003,-0.007015856786679264,0.05741696286411867,-0.15369972893017858,-3.1607344327787614,-3.180814902012603
142700000.0,0.0691993095024892,-0.024367721467385417,0.07170801510087203,-0.020857954835569976,0.05776879600651479,-0.15437597225707886,-3.1808056120963686,-3.2009934363358057
143000000.0,0.06351241068376368,-0.03701788163070763,0.0666597341181144,-0.03401553713467654,0.05812205190718333,-0.15505381636989035,-3.2009607870640733,-3.2212573379532334
143300000.0,0.055532157909984114,-0.04839615186142576,0.05921609660902856,-0.046016988579697674,0.05847676524733733,-0.1557331908499696,-3.221202207872213,-3.2416067892587574
143600000.0,0.0455345539235541,-0.05809052514312385,0.04963221027333268,-0.05642991180085798,0.058832920115544106,-0.15641443084235426,-3.2415282827893117,-3.2620419726599863
143900000.0,0.03386887902289315,-0.06574753828454316,0.03824051567994341,-0.0648766930958142,0.059190520624838934,-0.15709728887827284,-3.261939744258119,-3.282563070583614
144200000.0,0.020945493165328788,-0.07108515774134783,0.025439262688495404,-0.07104819982468401,0.0595495537237374,-0.15778173467726903,-3.2824358686485793,-3.303170265472364
144500000.0,0.007221402870504434,-0.07390315837029515,0.01167859155576403,-0.07471507915542044,0.05991003667885036,-0.1584677080690346,-3.3030178279708626,-3.323863739795675
144800000.0,-0.006815896187539305,-0.07409061733482547,-0.00255529420104444,-0.07573626634632225,0.06027198248845295,-0.1591552372343558,-3.323686368070747,-3.344643676029858
145100000.0,-0.020665733364122474,-0.07163024679030072,-0.016757305749087518,-0.07406438237107556,0.060635397676213836,-0.1598445724034439,-3.3444414273656125,-3.365510256683282
145400000.0,-0.03383212286626014,-0.06659939390810288,-0.030421392566210122,-0.06974780690107764,0.0610002626211444,-0.16053547846817634,-3.3652822684611383,-3.386463664269661
145700000.0,-0.045841528958612265,-0.05916765486215647,-0.04305857337399869,-0.06292935754902995,0.06136659435398519,-0.16122802006422443,-3.3862098153355897,-3.407504081333241
146000000.0,-0.05625989618070015,-0.049591177395698516,-0.054214434936993544,-0.05384158398435086,0.06173439091732487,-0.16192207101190778,-3.407224195336897,-3.4286316904281917
146300000.0,-0.06470833480495264,-0.038203846720263,-0.06348546793024004,-0.042798857655596406,0.06210369061284174,-0.16261786848952525,-3.428327302569451,-3.4498466741346365
146600000.0,-0.07087689906802108,-0.025405655035932728,-0.07053365990151293,-0.03018649661853556,0.06247445122708339,-0.16331531720130044,-3.449516767113981,-3.4711492150464385
146900000.0,-0.0745359549753628,-0.011648655001374575,-0.07509881007954601,-0.0164473349997775,0.06284669471476874,-0.16401453992504925,-3.470793707047074,-3.4925394957818874
147200000.0,-0.07554471630441473,0.002579007800162625,-0.07700812087418067,-0.0020661679576858493,0.06322041290364476,-0.16471531018162985,-3.492158056885552,-3.514017698970723
147500000.0,-0.07385663355976524,0.016770414747774964,-0.07618271572740902,0.012447349342775605,0.06359561560136254,-0.16541768935236117,-3.5136103102455807,-3.535584007268639
147800000.0,-0.06952143521174303,0.0304179332513399,-0.07264083307494995,0.02657676291407254,0.06397231582362345,-0.16612179169452704,-3.5351510598809797,-3.5572386033465944
148100000.0,-0.06268373363576796,0.04303137643643429,-0.0664975731543347,0.03981719866330438,0.06435051163238624,-0.16682763150925203,-3.556780176430492,-3.578981669896923
148400000.0,-0.05357822702757575,0.05415561296919069,-0.05796118979798796,0.05169340212174054,0.06473019796587946,-0.16753503676485734,-3.578497679622508,-3.6008133896302774
148700000.0,-0.04252165605457359,0.06338698953149957,-0.04732604816821728,0.06177679766948804,0.0651113777518801,-0.16824409323600767,-3.6003036038822978,-3.6227339452763943
149000000.0,-0.029901795212000426,0.07038797372370964,-0.03496248207636319,0.06970094671087723,0.06549406901439397,-0.16895483040176265,-3.6221990012372802,-3.6447435195833298
149300000.0,-0.016163861110366273,0.07489949118062356,-0.021303905622263634,0.07517486000992642,0.06587828135732655,-0.16966733915596163,-3.644184303692585,-3.6668422953212776
149600000.0,-0.0017948089399317801,0.07675050638668934,-0.006831620785079731,0.07799367340709071,0.06626399909990136,-0.17038164391016292,-3.666258533192894,-3.6890304552772237
149900000.0,0.012693929709468144,0.07586448832872938,0.007942140126708982,0.07804629401248203,0.06665122291028931,-0.17109763737606215,-3.6884219380261043,-3.711308182258765
150200000.0,0.02678465099866134,0.0722625163146784,0.022492345639822327,0.07531973706406744,0.06703995857748095,-0.17181531432687358,-3.7106748925363404,-3.733675659091817
150500000.0,0.039971875840071114,0.06606290630894485,0.03629982159584226,0.06989998183126343,0.06743022449337635,-0.17253474137393562,-3.7330184061378144,-3.756133068624434
150800000.0,0.05178048341674124,0.05747735885002947,0.048869778160767124,0.061969304609003066,0.06782201216845961,-0.17325601457635662,-3.7554518100984353,-3.778680593719171
151100000.0,0.061782832243507,0.04680374820996214,0.05974953760791977,0.05180016836700161,0.06821531768775269,-0.1739790863735719,-3.7779749687112383,-3.8013184172637757
151400000.0,0.06961424735703892,0.03441579593603539,0.0685448353546294,0.039745871420732326,0.06861012735716686,-0.174703824873496,-3.8005873025011585,-3.8240467221635503
151700000.0,0.07498631072040585,0.020749990721427247,0.07493409961283366,0.02622828357398175,0.06900647796912027,-0.17543024954516026,-3.823291018509843,-3.8468656913421184
152000000.0,0.07769747481749034,0.006290214538522854,0.07868020212828711,0.011723079501132262,0.06940435526948967,-0.17615842628480208,-3.846085153780084,-3.869775507743713
152300000.0,0.07764061174064585,-0.008449387684616783,0.0796392415191635,-0.0032569908885427437,0.06980378124934178,-0.1768884666932361,-3.868970859862491,-3.892776354333177
152600000.0,0.07480721168383431,-0.022942691327218823,0.07776604109994996,-0.018180235603955482,0.07020472573738676,-0.17762032835294572,-3.8919464034723688,-3.9158684140921465
152900000.0,0.0692880644244167,-0.0366703744926451,0.07311614778120983,-0.03251488452967869,0.07060721206553822,-0.17835391600401668,-3.9150133791427093,-3.939051870028975
153200000.0,0.061270389304937556,-0.049138525833972935,0.06584424959989298,-0.04574804387534871,0.07101123892867028,-0.1790892351074538,-3.9381717146521265,-3.9623269051619388
153500000.0,0.051031506164163076,-0.05989641428128223,0.05619905537652257,-0.057404043221343085,0.0714168147957147,-0.17982644049946123,-3.9614216709412897,-3.985693702536794
153800000.0,0.038929257280286844,-0.06855278485057903,0.04451479986329023,-0.06706153311183545,0.07182392556410853,-0.18056555017629042,-3.984762383044052,-4.009152445217617
154100000.0,0.025389506960209918,-0.07479008842462875,0.03119967044726875,-0.07436870986515512,0.07223257327350147,-0.18130634370138982,-4.008194372521612,-4.0327033162860415
154400000.0,0.010891157900265735,-0.07837612413350803,0.016721550584986162,-0.07905612912219695,0.07264276237008915,-0.1820489817348107,-4.031717649133782,-4.056346498845836
154700000.0,-0.004050784541272279,-0.07917267013174756,0.0015915804442387911,-0.08094661958302808,0.07305450266336996,-0.18279327091283942,-4.055333155011001,-4.080082176021381
155000000.0,-0.018903503503945096,-0.07714078657966617,-0.013653886253580104,-0.07996196311316198,0.0734677944945059,-0.18353935410228048,-4.079040683250314,-4.103910530956902
155300000.0,-0.03313537190785221,-0.07234258637418467,-0.028472296162503675,-0.07612606408806766,0.07388263611666547,-0.1842872533307599,-4.102840109022069,-4.127831746814947
155600000.0,-0.046234984563668036,-0.06493939235821133,-0.042334205940227194,-0.06956449413608354,0.07429902757891409,-0.18503693418304157,-4.126731512287694,-4.151846006777908
155900000.0,-0.05772953536165781,-0.05518633472516321,-0.054742196346036366,-0.06050041017875436,0.07471698077307795,-0.18578828860470797,-4.150715812519173,-4.17595349405184
156200000.0,-0.06720188035103414,-0.04342357314798806,-0.06524872128357131,-0.04924698117545834,0.07513649252601504,-0.18654137319838168,-4.1747927393975175,-4.200154391861122
156500000.0,-0.07430567547204703,-0.030064444104540677,-0.0734722451865228,-0.036196580376528724,0.0755575850081756,-0.18729635673656897,-4.1989633665775585,-4.224448883451501
156800000.0,-0.07877803896000657,-0.015580941398409709,-0.07911109460041016,-0.021807102626932313,0.0759802251491771,-0.18805314810465518,-4.223225869011613,-4.248837152083995
157100000.0,-0.08044927088921039,-0.00048704012960598675,-0.08195451137481939,-0.006585907927335955,0.07640443135837686,-0.18881165015735857,-4.247581540376472,-4.27331938104939
157400000.0,-0.07924927087685285,0.01467954209783584,-0.08189051250477081,0.00892807150860382,0.07683020807534889,-0.18957181183262128,-4.272030751769442,-4.297895753647632
157700000.0,-0.07521041654519456,0.02937649932827069,-0.07891025822593896,0.024183411001478264,0.0772575546585433,-0.1903337574754334,-4.2965732751878045,-4.322566453211491
158000000.0,-0.06846678689732055,0.04307632905457359,-0.07310876097551815,0.038635791088516724,0.07768647908205442,-0.19109751898748192,-4.321209558562559,-4.347331663083659
158300000.0,-0.05924974014947626,0.05528526888895724,-0.0646818961560922,0.051767422489560615,0.07811696983608007,-0.1918630266781089,-4.3459390417104204,-4.372191566630493
158600000.0,-0.04787998988012143,0.06556109377270036,-0.05391980683639001,0.06310559261632609,0.07854903713609279,-0.1926301003102421,-4.370762657293686,-4.397146347244302
158900000.0,-0.034756454789787394,0.07352913111441983,-0.041196925213310885,0.07223968193964357,0.07898269304598585,-0.19339878655129442,-4.395681073553245,-4.422196188332664
159200000.0,-0.020342270765804304,0.07889591835528054,-0.02695895197567813,0.07883602935801749,0.07941795115947967,-0.19416931234578916,-4.420694756745942,-4.447341273322237
159500000.0,-0.005148451096135709,0.08146000692845462,-0.01170724355074027,0.08265011034837677,0.0798547988679251,-0.19494166336105884,-4.445802989541735,-4.472581785664871
159800000.0,0.010284230820439166,0.08111951086200014,0.004018838190679558,0.08353558595889492,0.08029323073014019,-0.1957156666871834,-4.471005745509088,-4.497917908832261
160100000.0,0.02540448993051836,0.07787611539694678,0.019661000051951052,0.0814498899821087,0.08073326045458798,-0.19649139777465588,-4.496303747877864,-4.523349826315189
160400000.0,0.0396702215802045,0.07183539300633784,0.03466183768788428,0.07645613198052663,0.08117489853405943,-0.19726882999689876,-4.521697692355084,-4.54887772162657
160700000.0,0.05256793746100952,0.06320340458583057,0.04848469865373207,0.0687212478178584,0.0816181335339873,-0.19804798264850038,-4.5471868767974435,-4.574501778299167
161000000.0,0.06363125133983338,0.052279690192792105,0.06063287896615513,0.058510444434248125,0.08206297835029051,-0.19882896330280037,-4.572771925884918,-4.6002221798863525
161300000.0,0.07245774556863616,0.03944688408987246,0.07066747196177567,0.0461781122401557,0.08250941143846799,-0.1996115897550796,-4.598451853146284,-4.6260391099666895
161600000.0,0.07872360519612176,0.02515731708912272,0.07822321778930866,0.032155539008712986,0.08295746714239023,-0.20039583335562722,-4.624228795495427,-4.651952752134771
161900000.0,0.08219549074968535,0.009917078490562031,0.08302179506559106,0.016935825363945084,0.08340714471355898,-0.20118176950298008,-4.650102605854156,-4.677963290006564
162200000.0,0.08273921822747488,-0.005731903878069239,0.0848820582539418,0.001056550464213868,0.08385844466102976,-0.20196949965215688,-4.676073173156405,-4.70407090722017
162500000.0,0.08032492114752188,-0.021231134912689437,0.08372685294788293,-0.014919215746816783,0.08431136805356454,-0.20275898186355762,-4.702140649545841,-4.730275787439646
162800000.0,0.0750284930387699,-0.0360254871300843,0.0795861505273193,-0.030422879726325625,0.08476591822292283,-0.2035501146280436,-4.728305417224421,-4.756578114342025
163100000.0,0.06702924745309957,-0.049583083643866585,0.07259637724378484,-0.0449005619694951,0.085222098281199,-0.20434301123423373,-4.754567504741937,-4.782978071631056
163400000.0,0.056603869777948734,-0.061414419018361865,0.06299594594341999,-0.057832879035322006,0.08567993184534752,-0.2051376266797268,-4.780928428292085,-4.809475843028808
163700000.0,0.04411686222811584,-0.07109003476608705,0.051117140763697555,-0.06875358381007117,0.08613940113882863,-0.20593427970127168,-4.807386636759378,-4.836071612280252
164000000.0,0.030007807138046072,-0.07825610965048795,0.03737462043878254,-0.07726635986142066,0.08660050132311631,-0.20673252027022587,-4.833942566868423,-4.8627655631494395
164300000.0,0.01477589462311757,-0.08264739437677286,0.0222509536335061,-0.08305921002851618,0.08706323780360638,-0.20753252560418547,-4.860596287653637,-4.889557879428667
164600000.0,-0.0010377363937315032,-0.08409701892857173,0.006279672235746893,-0.08591587151948488,0.08752762588504691,-0.20833422627999432,-4.8873488515079115,-4.916448744921682
164900000.0,-0.016869219873036467,-0.08254281485025451,-0.009973547966962032,-0.08572387583707919,0.08799367232828892,-0.2091377605600792,-4.914200472708589,-4.943438343460471
165200000.0,-0.032152068915124676,-0.0780299132083141,-0.025930922756316734,-0.08247893425426257,0.08846137921122979,-0.20994325707513697,-4.941151100711255,-4.970526858896873
165500000.0,-0.04633744950862795,-0.07070950726030112,-0.04102309981864352,-0.07628548036563819,0.08893072300460292,-0.21075038519405942,-4.968199850977587,-4.9977144751063864
165800000.0,-0.058913891645538286,-0.06083381045224237,-0.05470947044856596,-0.06735335490315952,0.08940173735407252,-0.2115593313611111,-4.995348485997434,-5.025001375979015
166100000.0,-0.0694257295655949,-0.04874738143420909,-0.06649753535595801,-0.05599070386681271,0.08987442268348324,-0.21237004685939898,-5.022597128886005,-5.052387745435293
166400000.0,-0.07748961086772699,-0.03487511443182453,-0.07596062412317515,-0.0425933637747609,0.09034878104833234,-0.21318273624668785,-5.0499456138831125,-5.079873767411024
166700000.0,-0.08280847716525752,-0.019707308605348778,-0.0827533320567664,-0.027631076276041958,0.09082482027327828,-0.21399738855419925,-5.077394454704806,-5.107459625868727
167000000.0,-0.08518250194113453,-0.003782339678654656,-0.08662412106425532,-0.011631016112161047,0.09130250491545766,-0.21481385197934064,-5.104941771115117,-5.135145504787716
167300000.0,-0.0845165816094644,0.012332449394774903,-0.08742461705793567,0.004840773397857318,0.09178186147494308,-0.21563213759216213,-5.132589167124257,-5.1629315881709665
167600000.0,-0.08082410372874982,0.028060958772387734,-0.08511526850539154,0.021199410652691167,0.09226289975396429,-0.21645232059220054,-5.160337143907979,-5.1908180600443545
167900000.0,-0.07422684630871679,0.0428389272484101,-0.07976714644697154,0.03686194195538317,0.09274562153781775,-0.21727443863502138,-5.188185777442231,-5.2188051044566555
168200000.0,-0.06495099414921146,0.056134178751771735,-0.07155980974721851,0.051268118276190044,0.09323000543961682,-0.21809851905548738,-5.216133763877869,-5.2468929054780205
168500000.0,-0.05331939900988969,0.06746578936854647,-0.060775296105726184,0.06390042886816985,0.09371606384699369,-0.2189243366245651,-5.244182212494472,-5.2750816471931
168800000.0,-0.0397403516934145,0.07642148199579368,-0.047788443910649125,0.07430269497079683,0.09420381295835278,-0.2197519753318762,-5.272331997446054,-5.303371513720899
169100000.0,-0.024693258904414872,0.08267262323907609,-0.03305386843214752,0.08209653757099339,0.09469325938810223,-0.22058160411858593,-5.30058329086305,-5.331762689195686
169400000.0,-0.008711723518090242,0.08598628015300513,-0.017090051257537316,0.08699513137404612,0.09518439216538327,-0.22141315219102825,-5.328935563690777,-5.360255357773103
169700000.0,0.007635378077401445,0.08623389129728137,-0.00046109978071377696,0.08881375221800847,0.09567720928899884,-0.22224669153126053,-5.357388615425788,-5.388849703633221
170000000.0,0.02376414750453293,0.08339622619415565,0.016243188392181186,0.08747671489213325,0.0961717046277707,-0.22308200480972223,-5.385942424070067,-5.417545910975954
