title,authors,year,citations,abstract,result_id,publication_info,pdf_links,url,total_results,search_time
"A review of clutter suppression techniques in ground penetrating radar: Mechanisms, methods, and challenges","W LEI, Y WANG, J ZHONG, Q XU…",2025,2,"… 的 GPR B-scan杂波抑制为主进行阐述,所述方法适 用于对GPR C-scan的处理,也适用于对其他体 制,如调频连续波,阶跃变频等体制GPR… Learning to remove clutter in real-world GPR images …",ahqc8Hc5WBwJ,"W LEI, Y WANG, J ZHONG, Q XU… - Journal of Electronics & …, 2025 - sciengine.com",['https://www.sciengine.com/doi/pdf/575AC5EF74BB496C8DD8D292F30091FE'],https://www.sciengine.com/doi/10.11999/JEIT250524,unknown,unknown
A comprehensive review of data processing and target recognition methods for ground penetrating radar underground pipeline B-scan data,"C Liu, J Li, Z Liu, S Tao, M Li",2025,20,… review of the current state-of-the-art in data processing and target recognition methods for GPR underground pipeline B-scan data… Declutter-GAN: GPR B-scan data clutter removal using …,_cpRYL7b7ncJ,"C Liu, J Li, Z Liu, S Tao, M Li - Discover Applied Sciences, 2025 - Springer",['https://link.springer.com/content/pdf/10.1007/s42452-025-06791-y.pdf'],https://link.springer.com/article/10.1007/s42452-025-06791-y,unknown,unknown
A review of deep learning applications in ground penetrating radar for urban subsurface object detection,"W Shi, F Yang, S Peng, F Li, J Nie",2026,0,"… signals from clutter in GPR B-scan images, achieving adaptive suppression of clutter and … is reconstructed based on the weighting of the anomaly score to remove the surface clutter …",E9TuMc-VGGsJ,"W Shi, F Yang, S Peng, F Li, J Nie - Measurement Science and …, 2026 - iopscience.iop.org",[],https://iopscience.iop.org/article/10.1088/1361-6501/ae61e0/meta,unknown,unknown
Clutter suppression in GPR B-scan images using robust autoencoder,"ZK Ni, S Ye, C Shi, C Li, G Fang",2020,53,"… ), and independent component analysis (ICA), regard the B-scan image as the union of several subspaces and the clutter can be attenuated by removing the clutter subspace [4]–[7]. …",cjqTd2wZ97cJ,"ZK Ni, S Ye, C Shi, C Li, G Fang - IEEE Geoscience and …, 2020 - ieeexplore.ieee.org",[],https://ieeexplore.ieee.org/abstract/document/9211492/,unknown,unknown
Learning from clutter: an unsupervised learning-based clutter removal scheme for GPR B-scans,"Q Dai, YH Lee, HH Sun, J Qian…",2024,7,"… In the first stage of the proposed scheme, a diffusion model tailored for GPR data … clutter patterns in the raw B-scan. The clutter-free B-scan is then obtained by subtracting the clutter …",z4cX47F6ZAUJ,"Q Dai, YH Lee, HH Sun, J Qian… - IEEE Journal of …, 2024 - ieeexplore.ieee.org",['https://ieeexplore.ieee.org/iel8/4609443/4609444/10735359.pdf'],https://ieeexplore.ieee.org/abstract/document/10735359/,unknown,unknown
An overview of clutter mitigation methods for tomographic material inspection,"D Meier, B Gashi, C Zech, B Baumann…",2020,4,"… By combining A-scans along a line, a B-scan is acquired, … GPR or WPR scenarios, where the main source of clutter lies … clutter in the measured radar data is background removal [44]…",w8qdihxWF8IJ,"D Meier, B Gashi, C Zech, B Baumann… - IEEE transactions on …, 2020 - ieeexplore.ieee.org",[],https://ieeexplore.ieee.org/abstract/document/9257385/,unknown,unknown
Application of the curvelet transform for clutter and noise removal in GPR data,"G Terrasse, JM Nicolas, E Trouvé…",2017,63,"… to reduce noise and to remove undesirable items such as the … method: clutter, noise, and column artifact removal. Thanks … clutter and artifacts, we are able to reduce them in the B-scan. …",bUgp1Uxnj4oJ,"G Terrasse, JM Nicolas, E Trouvé… - IEEE Journal of …, 2017 - ieeexplore.ieee.org",['https://ieeexplore.ieee.org/iel7/4609443/8063257/07979504.pdf'],https://ieeexplore.ieee.org/abstract/document/7979504/,unknown,unknown
Improved 3-D representation of GPR pipelines B-scan sequences using a neural network framework,"T Xu, D Yuan, P Wang, G Yang, B Li…",2024,26,"… 12(f-2), our method effectively removed much of the clutter in the middle of the B-scan while … volume clutter removal. To further demonstrate the continuity and clutter suppression …",4ZGpYRo2CYIJ,"T Xu, D Yuan, P Wang, G Yang, B Li… - IEEE Transactions on …, 2024 - ieeexplore.ieee.org",[],https://ieeexplore.ieee.org/abstract/document/10416673/,unknown,unknown
A new method for GPR clutter suppression based on stationary graph signals processing,"W Luo, YH Lee, X Jian, T Hao",2024,11,"… to eliminate clutter from the raw GPR B-scan images. Notably, obtaining raw clutter-only B-scan … of SGS processing for removing clutter and noise in GPR applications. By interpreting …",RR3MeaK1aS8J,"W Luo, YH Lee, X Jian, T Hao - IEEE Transactions on …, 2024 - ieeexplore.ieee.org",[],https://ieeexplore.ieee.org/abstract/document/10793090/,unknown,unknown
A data-efficient deep learning method for rough surface clutter reduction in GPR images,"Y Zhang, E Diao, D Huston, T Xia",2024,14,"… To reconstruct a clutter-reduced B-scan image, we employ a … Fan, “Learning to remove clutter in realworld GPR images … Fang, “Declutter-GAN: GPR B-scan data clutter removal using …",amVMib8uXaYJ,"Y Zhang, E Diao, D Huston, T Xia - IEEE Transactions on …, 2024 - ieeexplore.ieee.org",['https://drive.google.com/file/d/1dNWqe4Uj8p6JiUnWYqq8s2InB4b2JAJD/view'],https://ieeexplore.ieee.org/abstract/document/10480715/,unknown,unknown
