scene,configuration,available,reason,D_max_event,A_max_event,clutter_energy_ratio,whole_D,event0_D,event0_A,event1_D,event1_A
flat_early,B0_G1_BG,True,,0.0,0.0,1.0,2.0000000000000004,0.0,0.0,,
flat_early,B1_G1_BG,True,,0.25,0.24999999999999967,0.5625,1.520690632574555,0.25,0.24999999999999967,,
flat_early,B2_G1_BG,True,,0.5,0.5,0.25,1.1180339887498951,0.5,0.5,,
flat_early,B3_G1_BG,True,,1.0,1.0,2.766005582193434e-33,1.0,1.0,1.0,,
flat_early,B4_G1_BG,True,,1.0000000000000002,1.0,1.68501527319373e-32,1.0000000000000002,1.0000000000000002,1.0,,
flat_early,B5_G1_BG,True,,1.0000000000000002,1.0,1.68501527319373e-32,1.0000000000000002,1.0000000000000002,1.0,,
flat_early,B6_G1_BG,True,,1.0000000000000002,1.0,1.68501527319373e-32,1.0000000000000002,1.0000000000000002,1.0,,
curved_early,B0_G1_BG,True,,0.0,0.0,1.0,2.0000000000013047,0.0,0.0,,
curved_early,B1_G1_BG,True,,0.0513454573652703,0.010545423968195244,0.5625,1.5008785280611434,0.0513454573652703,0.010545423968195244,,
curved_early,B2_G1_BG,True,,0.1026909147305406,0.02109084793639049,0.25,1.0052588840540033,0.1026909147305406,0.02109084793639049,,
curved_early,B3_G1_BG,True,,0.2053818294610812,0.042181695872780756,2.766005582193434e-33,0.20538182946108116,0.2053818294610812,0.042181695872780756,,
curved_early,B4_G1_BG,True,,0.2114271124140204,0.04470142386373088,0.00031935915257906057,0.21442681845806677,0.2114271124140204,0.04470142386373088,,
curved_early,B5_G1_BG,True,,0.49995978407493885,0.24995978569225974,0.0003193591525790605,0.5012356953595557,0.49995978407493885,0.24995978569225974,,
curved_early,B6_G1_BG,True,,0.6502672380642195,0.4228474808996686,8.762067871674213e-05,0.6505366735354247,0.6502672380642195,0.4228474808996686,,
local_early,B0_G1_BG,True,,0.0,0.0,1.0,6.670872636523682,0.0,0.0,,
local_early,B1_G1_BG,True,,0.0,0.0,0.5625,5.003154477392761,0.0,0.0,,
local_early,B2_G1_BG,True,,8.903710496003211e-20,0.0,0.25,3.335436318261841,8.903710496003211e-20,0.0,,
local_early,B3_G1_BG,True,,1.4275469310641958e-18,0.0,2.766005582193434e-33,3.5084296306692106e-16,1.4275469310641958e-18,0.0,,
local_early,B4_G1_BG,True,,2.9994876362533956e-16,0.0,5.205067820670438e-32,2.8251991727984513e-15,2.9994876362533956e-16,0.0,,
local_early,B5_G1_BG,True,,0.9999999999999997,0.9999999999999996,5.205067820670438e-32,0.9999999999999997,0.9999999999999997,0.9999999999999996,,
local_early,B6_G1_BG,True,,0.9999999999999997,0.9999999999999996,5.205067820670438e-32,0.9999999999999997,0.9999999999999997,0.9999999999999996,,
strong_weak_early,B0_G1_BG,True,,0.0,0.0,1.0,1.9900743804199783,0.0,0.0,0.0,0.0
strong_weak_early,B1_G1_BG,True,,0.25,0.24999999999999967,0.5625,1.5133481992843643,0.25,0.24999999999999967,0.24999999999999994,0.24999999999999967
strong_weak_early,B2_G1_BG,True,,0.5,0.5,0.25,1.1135973284365361,0.5,0.5,0.49999999999999994,0.4999999999999999
strong_weak_early,B3_G1_BG,True,,1.0,1.0,2.766005582193434e-33,1.0,1.0,1.0,1.0,0.9999999999999999
strong_weak_early,B4_G1_BG,True,,1.0,1.0,1.736102487006204e-32,1.0,1.0,1.0,1.0,1.0
strong_weak_early,B5_G1_BG,True,,1.0,1.0,1.736102487006204e-32,1.0,1.0,1.0,1.0,1.0
strong_weak_early,B6_G1_BG,True,,1.0,1.0,1.736102487006204e-32,1.0,1.0,1.0,1.0,1.0
flat_clean,B0_G1_BG,True,,0.0,0.0,,0.0,0.0,0.0,,
flat_clean,B1_G1_BG,True,,0.25,0.24999999999999967,,0.25,0.25,0.24999999999999967,,
flat_clean,B2_G1_BG,True,,0.5,0.5,,0.5,0.5,0.5,,
flat_clean,B3_G1_BG,True,,1.0,1.0,,1.0,1.0,1.0,,
flat_clean,B4_G1_BG,True,,1.0000000000000002,1.0000000000000002,,1.0000000000000002,1.0000000000000002,1.0000000000000002,,
flat_clean,B5_G1_BG,True,,1.0000000000000002,1.0000000000000002,,1.0000000000000002,1.0000000000000002,1.0000000000000002,,
flat_clean,B6_G1_BG,True,,1.0000000000000002,1.0000000000000002,,1.0000000000000002,1.0000000000000002,1.0000000000000002,,
flat_overlap,B0_G1_BG,True,,2.0,2.0000000000000013,,2.0,2.0,2.0000000000000013,,
flat_overlap,B1_G1_BG,True,,1.2500000000000004,1.2500000000000009,,1.2500000000000002,1.2500000000000004,1.2500000000000009,,
flat_overlap,B2_G1_BG,True,,0.5,0.5000000000000007,,0.5,0.5,0.5000000000000007,,
flat_overlap,B3_G1_BG,True,,1.0,1.0,,1.0,1.0,1.0,,
flat_overlap,B4_G1_BG,True,,1.0000000000000007,1.0000000000000004,,1.0000000000000007,1.0000000000000007,1.0000000000000004,,
flat_overlap,B5_G1_BG,True,,1.0000000000000007,1.0000000000000004,,1.0000000000000007,1.0000000000000007,1.0000000000000004,,
flat_overlap,B6_G1_BG,True,,1.0000000000000007,1.0000000000000004,,1.0000000000000007,1.0000000000000007,1.0000000000000004,,
