width_samples,damage,amount,nrmse,amplitude_factor,amplitude_error,shape_residual,signed_cosine,max_local_D_w1,max_local_D_w8,max_local_D_w16,max_local_D_w32
3,amplitude,1.0,0.0,1.0,0.0,0.0,1.0,0.0,0.0,0.0,0.0
3,amplitude,0.95,0.05000000000000001,0.9499999999999995,0.05000000000000049,4.469370006938761e-16,0.9999999999999997,0.05000000000000005,0.05000000000000005,0.05000000000000005,0.05000000000000005
3,amplitude,0.9,0.09999999999999991,0.9000000000000008,0.0999999999999992,7.815343277361665e-16,1.0000000000000013,0.09999999999999996,0.09999999999999995,0.09999999999999996,0.09999999999999996
3,amplitude,0.75,0.25,0.7499999999999994,0.25000000000000056,5.493968906654299e-16,0.9999999999999988,0.25,0.25,0.25,0.25
3,amplitude,0.5,0.5,0.5,0.5,0.0,1.0,0.5,0.5,0.5,0.5
3,amplitude,0.0,1.0,0.0,1.0,0.0,,1.0,1.0,1.0,1.0
3,amplitude,-1.0,2.0,-1.0,2.0,0.0,-1.0,2.0,2.0,2.0,2.0
3,shift,0,0.0,1.0,0.0,0.0,1.0,0.0,0.0,0.0,0.0
3,shift,1,0.7216105723807635,0.7396390909141536,0.2603609090858464,0.6730037259864798,0.7396390909141531,0.7216105723807636,0.7216105723807636,0.7216105723807636,0.7216105723807636
3,shift,2,1.3101951969555607,0.14169427293729017,0.8583057270627098,0.989910467172043,0.14169427293729006,1.31019519695556,1.31019519695556,1.31019519695556,1.31019519695556
3,shift,4,1.7986185511150066,-0.6175143462075202,1.6175143462075203,0.7865596177200412,-0.61751434620752,1.7986185511150061,1.7986185511150061,1.7986185511150061,1.7986185511150061
3,shift,8,1.3388056701540434,0.10379968878169013,0.8962003112183099,0.9945982227054424,0.10379968878169019,1.3388056701540443,1.3388056701540443,1.3388056701540443,1.3388056701540443
3,shift,16,1.4141129413741549,0.00014229451906825488,0.9998577054809318,0.9999999898761353,0.00014229451906825483,1.4141129413741544,1.4141129413741542,1.4141129413741544,1.4141129413741544
3,delete_traces,0,0.0,1.0,0.0,0.0,1.0,0.0,0.0,0.0,0.0
3,delete_traces,1,0.06249999999999999,0.99609375,0.00390625,0.06237781024480978,0.9980449639169571,1.0,0.3535533905932738,0.25,0.1767766952966369
3,delete_traces,2,0.08838834764831843,0.9921874999999999,0.007812500000000111,0.08804240366863,0.9960860906568266,1.0,0.5,0.3535533905932738,0.25
3,delete_traces,4,0.12499999999999999,0.984375,0.015625,0.12401959270615263,0.9921567416492215,1.0,0.7071067811865476,0.5,0.3535533905932738
3,delete_traces,8,0.17677669529663687,0.9687499999999999,0.03125000000000011,0.17399263633843828,0.9842509842514763,1.0,1.0,0.7071067811865476,0.5
3,delete_traces,16,0.24999999999999997,0.9374999999999999,0.06250000000000011,0.24206145913796354,0.9682458365518541,1.0,1.0,1.0,0.7071067811865476
3,delete_traces,64,0.49999999999999994,0.7499999999999998,0.2500000000000002,0.43301270189221935,0.8660254037844385,1.0,1.0,1.0,1.0
3,delete_traces,256,1.0,0.0,1.0,0.0,,1.0,1.0,1.0,1.0
6,amplitude,1.0,0.0,1.0,0.0,0.0,1.0,0.0,0.0,0.0,0.0
6,amplitude,0.95,0.05000000000000005,0.9500000000000006,0.04999999999999938,6.404771365015863e-16,1.0000000000000007,0.050000000000000044,0.050000000000000044,0.050000000000000044,0.050000000000000044
6,amplitude,0.9,0.09999999999999999,0.9000000000000012,0.09999999999999876,1.2170029689101864e-15,1.0000000000000009,0.1,0.09999999999999999,0.1,0.1
6,amplitude,0.75,0.25000000000000006,0.7499999999999998,0.2500000000000002,1.8023367542809564e-16,0.9999999999999993,0.25,0.25,0.25,0.25
6,amplitude,0.5,0.5,0.5,0.5,0.0,1.0,0.5,0.5,0.5,0.5
6,amplitude,0.0,1.0,0.0,1.0,0.0,,1.0,1.0,1.0,1.0
6,amplitude,-1.0,2.0,-1.0,2.0,0.0,-1.0,2.0,2.0,2.0,2.0
6,shift,0,0.0,1.0,0.0,0.0,1.0,0.0,0.0,0.0,0.0
6,shift,1,0.3696715120935995,0.9316714865732153,0.0683285134267847,0.36330185948664523,0.9316714865732149,0.3696715120935996,0.36967151209359955,0.3696715120935996,0.3696715120935996
6,shift,2,0.7216105723856675,0.7396390909106147,0.26036090908938525,0.6730037259903691,0.7396390909106146,0.7216105723856675,0.7216105723856674,0.7216105723856675,0.7216105723856675
6,shift,4,1.3101951969827301,0.1416942729016928,0.8583057270983072,0.9899104671771384,0.1416942729016928,1.31019519698273,1.31019519698273,1.31019519698273,1.31019519698273
6,shift,8,1.7986185519612459,-0.6175143477295867,1.6175143477295868,0.7865596165250941,-0.6175143477295867,1.7986185519612476,1.7986185519612474,1.7986185519612476,1.7986185519612476
6,shift,16,1.3388057489208407,0.10379958332825372,0.8962004166717463,0.9945982337109187,0.10379958332825376,1.3388057489208405,1.3388057489208405,1.3388057489208405,1.3388057489208405
6,delete_traces,0,0.0,1.0,0.0,0.0,1.0,0.0,0.0,0.0,0.0
6,delete_traces,1,0.0625,0.9960937500000001,0.003906249999999889,0.06237781024480984,0.9980449639169571,1.0,0.35355339059327373,0.25,0.1767766952966369
6,delete_traces,2,0.08838834764831845,0.9921875000000001,0.007812499999999889,0.08804240366863002,0.9960860906568269,1.0,0.49999999999999994,0.3535533905932738,0.25
6,delete_traces,4,0.125,0.9843750000000001,0.015624999999999889,0.1240195927061527,0.9921567416492215,1.0,0.7071067811865475,0.5,0.3535533905932738
6,delete_traces,8,0.1767766952966369,0.9687500000000002,0.031249999999999778,0.17399263633843812,0.9842509842514766,1.0,1.0,0.7071067811865476,0.5
6,delete_traces,16,0.25,0.9375000000000001,0.06249999999999989,0.24206145913796354,0.9682458365518543,1.0,1.0,1.0,0.7071067811865476
6,delete_traces,64,0.5,0.7499999999999996,0.25000000000000044,0.43301270189221924,0.8660254037844384,1.0,1.0,1.0,1.0
6,delete_traces,256,1.0,0.0,1.0,0.0,,1.0,1.0,1.0,1.0
12,amplitude,1.0,0.0,1.0,0.0,0.0,1.0,0.0,0.0,0.0,0.0
12,amplitude,0.95,0.050000000000000044,0.9500000000000008,0.049999999999999156,8.98333991765251e-16,1.0000000000000009,0.05000000000000004,0.05000000000000003,0.05000000000000004,0.05000000000000004
12,amplitude,0.9,0.1,0.9000000000000007,0.09999999999999931,6.649291164575192e-16,1.0000000000000004,0.09999999999999998,0.09999999999999998,0.09999999999999998,0.09999999999999998
12,amplitude,0.75,0.25,0.7500000000000003,0.24999999999999967,3.157501904547796e-16,0.9999999999999996,0.25,0.25,0.25,0.25
12,amplitude,0.5,0.5,0.5,0.5,0.0,1.0,0.5,0.5,0.5,0.5
12,amplitude,0.0,1.0,0.0,1.0,0.0,,1.0,1.0,1.0,1.0
12,amplitude,-1.0,2.0,-1.0,2.0,0.0,-1.0,2.0,2.0,2.0,2.0
12,shift,0,0.0,1.0,0.0,0.0,1.0,0.0,0.0,0.0,0.0
12,shift,1,0.18596197920527344,0.9827090711450287,0.0172909288549713,0.18515637037184238,0.9827090711450284,0.1859619792052734,0.18596197920527335,0.1859619792052734,0.1859619792052734
12,shift,2,0.3696715120968698,0.931671486572008,0.06832851342799195,0.36330185948974536,0.9316714865720076,0.3696715120968698,0.3696715120968698,0.3696715120968698,0.3696715120968698
12,shift,4,0.7216105723926473,0.739639090905579,0.260360909094421,0.6730037259959043,0.7396390909055787,0.7216105723926468,0.7216105723926467,0.7216105723926468,0.7216105723926468
12,shift,8,1.310195197019111,0.14169427285402658,0.8583057271459734,0.9899104671839618,0.14169427285402653,1.3101951970191108,1.3101951970191108,1.3101951970191108,1.3101951970191108
12,shift,16,1.7986185529533556,-0.6175143495140113,1.6175143495140114,0.7865596151241739,-0.6175143495140112,1.7986185529533558,1.7986185529533558,1.7986185529533558,1.7986185529533558
12,delete_traces,0,0.0,1.0,0.0,0.0,1.0,0.0,0.0,0.0,0.0
12,delete_traces,1,0.06250000000000001,0.9960937499999999,0.003906250000000111,0.06237781024480979,0.998044963916957,1.0,0.35355339059327373,0.25,0.1767766952966369
12,delete_traces,2,0.08838834764831846,0.9921875,0.0078125,0.08804240366863006,0.9960860906568267,1.0,0.49999999999999994,0.3535533905932738,0.25
12,delete_traces,4,0.12500000000000003,0.9843749999999999,0.01562500000000011,0.12401959270615269,0.9921567416492214,1.0,0.7071067811865475,0.5,0.3535533905932738
12,delete_traces,8,0.17677669529663692,0.9687499999999999,0.03125000000000011,0.1739926363384382,0.9842509842514764,1.0,1.0,0.7071067811865476,0.5
12,delete_traces,16,0.25000000000000006,0.9374999999999999,0.06250000000000011,0.24206145913796367,0.9682458365518541,1.0,1.0,1.0,0.7071067811865476
12,delete_traces,64,0.5000000000000002,0.7500000000000001,0.2499999999999999,0.43301270189221946,0.8660254037844388,1.0,1.0,1.0,1.0
12,delete_traces,256,1.0,0.0,1.0,0.0,,1.0,1.0,1.0,1.0
