frequency_Hz,DEP_05_real,DEP_05_imag,DEP_10_real,DEP_10_imag,DEP_20_real,DEP_20_imag
2.000000000000000000e+07,2.708386229934944822e-02,-2.623208361178974712e-02,1.251122063243315097e-02,-1.335900205511819649e-02,2.873712606280776072e-03,-3.362179912597795806e-03
2.030000000000000000e+07,1.475505439090341042e-02,-3.560962089408725717e-02,2.903928345283190993e-03,-1.848318503986945416e-02,-1.189296471039824610e-03,-4.348855878600232927e-03
2.060000000000000000e+07,-6.660767481889706687e-04,-3.938151408495116357e-02,-8.193114874629259248e-03,-1.726994973702211666e-02,-4.346295099978192411e-03,-1.478368172062261010e-03
2.090000000000000000e+07,-1.668603472394636356e-02,-3.659891065108489272e-02,-1.685940788684803238e-02,-9.814810313780952811e-03,-3.717438778991777326e-03,2.821164505068196604e-03
2.120000000000000000e+07,-3.055584716789638833e-02,-2.740807537888301226e-02,-1.982556084784903305e-02,1.488718149422751935e-03,2.629151975952481735e-04,4.728297847110596308e-03
2.150000000000000000e+07,-3.974977360433484819e-02,-1.309877102766598966e-02,-1.575096999094682815e-02,1.269090716655618678e-02,4.119840029950694316e-03,2.462125289122596428e-03
2.180000000000000000e+07,-4.243963330824840341e-02,4.057029880510043540e-03,-5.846997333193826307e-03,1.969243519992502911e-02,4.404940053873929173e-03,-2.057951016183778847e-03
2.210000000000000000e+07,-3.787165545962523083e-02,2.116412461890604391e-02,6.462635841778308077e-03,1.979549236746436236e-02,7.779554434534929896e-04,-4.864635774879388919e-03
2.240000000000000000e+07,-2.656214666016154524e-02,3.520489654489011855e-02,1.676087373532908487e-02,1.277370690987922330e-02,-3.640472986802478772e-03,-3.419770105814734507e-03
2.270000000000000000e+07,-1.026118443293455584e-02,4.359055747855578034e-02,2.127096050975296748e-02,1.014403318333023662e-03,-4.942283396871971490e-03,1.114704373673447435e-03
2.300000000000000000e+07,8.320645273940385778e-03,4.465586577151370307e-02,1.826472663523048823e-02,-1.132985152630539005e-02,-1.866819445901057861e-03,4.787706849644024487e-03
2.330000000000000000e+07,2.597832133496069673e-02,3.799662073463139222e-02,8.708693141358025969e-03,-1.984723268978783040e-02,2.969202998954756367e-03,4.279067275444248253e-03
2.360000000000000000e+07,3.958518628368068448e-02,2.457868743583446758e-02,-4.077394206994711112e-03,-2.145769545342801621e-02,5.271356396626458718e-03,-7.943280312971978674e-05
2.390000000000000000e+07,4.666312555762175407e-02,6.592826207288737805e-03,-1.560203591508013687e-02,-1.551254368710175413e-02,2.903130077584137325e-03,-4.467794666421553984e-03
2.420000000000000000e+07,4.584037756964676191e-02,-1.291919591476897722e-02,-2.178779626772353595e-02,-4.026367519763596192e-03,-2.108456924489132689e-03,-4.946700653686519900e-03
2.450000000000000000e+07,3.711100010406909178e-02,-3.059632015117941251e-02,-2.040361823181058298e-02,9.024290855034422520e-03,-5.324202824972701364e-03,-1.021329731425879572e-03
2.480000000000000000e+07,2.185001720000911973e-02,-4.334927783174613580e-02,-1.185155738766496825e-02,1.908304014457407050e-02,-3.853172379606917275e-03,3.872318389715800890e-03
2.510000000000000000e+07,2.583412076624824749e-03,-4.890399794273214695e-02,9.584015720065508503e-04,2.259849727283125276e-02,1.059232477977900544e-03,5.401536474833434909e-03
2.540000000000000000e+07,-1.744274981200533148e-02,-4.620114065312819207e-02,1.360377415488756014e-02,1.826782275674077027e-02,5.107771093605606438e-03,2.166196021835986585e-03
2.570000000000000000e+07,-3.481579905410114861e-02,-3.558550903226809226e-02,2.167594659272253921e-02,7.506751230504704608e-03,4.695313642727683145e-03,-3.041913656408823385e-03
2.600000000000000000e+07,-4.653789084675707954e-02,-1.875649544408730662e-02,2.230971306652662633e-02,-6.020667483504382744e-03,1.105976218909177078e-04,-5.641865413643643024e-03
2.630000000000000000e+07,-5.053790704508287490e-02,1.510457738556070240e-03,1.518684108127388299e-02,-1.765120223741867278e-02,-4.653467999496285756e-03,-3.276441888507619637e-03
2.660000000000000000e+07,-4.602923578094220147e-02,2.182338602550082385e-02,2.668710846720045993e-03,-2.332148356663665822e-02,-5.360602802710445758e-03,2.042718747723881734e-03
2.690000000000000000e+07,-3.365587998966645955e-02,3.873863670337573950e-02,-1.098734883981222765e-02,-2.097097616474830062e-02,-1.310681125346491172e-03,5.626074848426476649e-03
2.720000000000000000e+07,-1.540202682041780236e-02,4.934017974678139851e-02,-2.106262462822883208e-02,-1.127432265929817490e-02,3.955189081658261330e-03,4.256430213225748105e-03
2.750000000000000000e+07,5.723274809362521864e-03,5.173877780277180705e-02,-2.398487065237020488e-02,2.543125928124112534e-03,5.768739324437888172e-03,-8.997894655307092648e-04
2.780000000000000000e+07,2.617817121650745094e-02,4.540755171910304533e-02,-1.857909369247323639e-02,1.575537248760561226e-02,2.500432062277013756e-03,-5.304148186443313762e-03
2.810000000000000000e+07,4.247935417036785566e-02,3.129486365101463718e-02,-6.539120374910112332e-03,2.372382910805970191e-02,-2.997063066445093682e-03,-5.071745911933711604e-03
2.840000000000000000e+07,5.179634751861073028e-02,1.168947175762907742e-02,8.066298092373358486e-03,2.351343691250010193e-02,-5.911851517929278543e-03,-3.773461858230242605e-04
2.870000000000000000e+07,5.244781476267945663e-02,-1.014659162527842273e-02,2.013568168875679021e-02,1.498947112510129465e-02,-3.663327559621620821e-03,4.706791119282627278e-03
2.900000000000000000e+07,4.421115600108294075e-02,-3.052159712013347015e-02,2.531265870945986762e-02,9.776502112949225776e-04,1.847915469809890965e-03,5.720507720105016958e-03
2.930000000000000000e+07,2.838513220393679148e-02,-4.594438821087232228e-02,2.158993080833937483e-02,-1.363976829696311732e-02,5.819895359060467399e-03,1.694501539905135523e-03
2.960000000000000000e+07,7.587592502957818397e-03,-5.373196577752614722e-02,1.012822773476784732e-02,-2.363496366558448525e-02,4.700373551727921040e-03,-3.902324853579330899e-03
2.990000000000000000e+07,-1.468215015267304580e-02,-5.248555767151802387e-02,-5.078306906526108833e-03,-2.535206216152935399e-02,-6.077223707805501363e-04,-6.119988360693995322e-03
3.020000000000000000e+07,-3.464267535138532139e-02,-4.234650330562089726e-02,-1.862278007055806484e-02,-1.809100553676346035e-02,-5.440497952029943463e-03,-2.937964598429154695e-03
3.050000000000000000e+07,-4.888497734572183617e-02,-2.498221794922017569e-02,-2.566696625095943318e-02,-4.392550875194189963e-03,-5.507284308642113047e-03,2.870734418120246545e-03
3.080000000000000000e+07,-5.496411245099608323e-02,-3.303363858653041163e-03,-2.370905353610908151e-02,1.089715897565946001e-02,-7.221227162119703280e-04,6.195887027190982721e-03
3.110000000000000000e+07,-5.182192263326612647e-02,1.903711343072567175e-02,-1.345793688378194020e-02,2.240168191861702240e-02,4.740303065673856509e-03,4.105127821206977501e-03
3.140000000000000000e+07,-3.996595515674528087e-02,3.827246781238935469e-02,1.480992521969426434e-03,2.612955146699880160e-02,6.102650918307972461e-03,-1.617280918357888453e-03
3.170000000000000000e+07,-2.137593991400876803e-02,5.116487173609485239e-02,1.592781285013700199e-02,2.082724432902782752e-02,2.112421119718987939e-03,-6.004714907702712878e-03
3.200000000000000000e+07,8.404569782101134479e-04,5.555006128007899946e-02,2.493076737248145491e-02,8.338712023367556014e-03,-3.818748937661098353e-03,-5.164628168000895414e-03
3.230000000000000000e+07,2.297805344653625070e-02,5.069280956104460500e-02,2.541909132214925648e-02,-7.077627095825711478e-03,-6.474045982081122474e-03,2.756156237309070889e-04
3.260000000000000000e+07,4.135650474875518512e-02,3.739774015233798821e-02,1.719090935661427011e-02,-2.019137379837676605e-02,-3.414993577997904595e-03,5.565843061162922822e-03
3.290000000000000000e+07,5.292865931747314789e-02,1.786369923154751405e-02,2.965362319855557871e-03,-2.652211446650820648e-02,2.726927423466918299e-03,5.977830680419238263e-03
3.320000000000000000e+07,5.577615877182040549e-02,-4.687647057086685720e-03,-1.249156678833429623e-02,-2.381502646961841663e-02,6.512694264827700863e-03,1.084636525682469710e-03
3.350000000000000000e+07,4.941559138723050637e-02,-2.654381055269361411e-02,-2.390508734819718484e-02,-1.282631188179284010e-02,4.563521614386445435e-03,-4.810046326839234609e-03
3.380000000000000000e+07,3.487093455881051796e-02,-4.410647467081663109e-02,-2.724170082125709769e-02,2.842144694481518741e-03,-1.431044315573615222e-03,-6.504657060444785088e-03
3.410000000000000000e+07,1.450486169443365725e-02,-5.447374489568534983e-02,-2.112895719201901557e-02,1.785900090586167721e-02,-6.220753909374820978e-03,-2.478136384510776224e-03
3.440000000000000000e+07,-8.362235987085853139e-03,-5.590939699621744197e-02,-7.450435767950125410e-03,2.693423976234354811e-02,-5.576112318635750853e-03,3.785081689515745751e-03
3.470000000000000000e+07,-2.998530154975753703e-02,-4.812720652316659908e-02,9.163964829724591254e-03,2.669001873292753402e-02,1.383205587046631990e-05,6.787409333322447225e-03
3.500000000000000000e+07,-4.679778905234854847e-02,-3.234634196233721060e-02,2.287134874516283389e-02,1.696495834996836205e-02,5.676148725612506496e-03,3.808292148479885952e-03
3.530000000000000000e+07,-5.599209155862183707e-02,-1.110692487901088210e-02,2.869057241115058332e-02,1.014068606128626371e-03,6.366777712237592368e-03,-2.602366932437094604e-03
3.560000000000000000e+07,-5.598565630506158186e-02,1.212904591585628467e-02,2.436602246980612563e-02,-1.555862160771370739e-02,1.394946999404567123e-03,-6.770192388114271154e-03
3.590000000000000000e+07,-4.669672563262849962e-02,3.353249611112918416e-02,1.128262658628642612e-02,-2.679914511633718632e-02,-4.860995075681273647e-03,-4.950025497416632447e-03
3.620000000000000000e+07,-2.958055297231965142e-02,4.953316194170920284e-02,-5.966646286971410973e-03,-2.859512575138456469e-02,-6.838055028246969869e-03,1.275816624764836149e-03
3.650000000000000000e+07,-7.412525199363528827e-03,5.741662727870622263e-02,-2.122702443689661322e-02,-2.021474682583423998e-02,-2.767544858031101285e-03,6.397963761959779561e-03
3.680000000000000000e+07,1.615407201551022354e-02,5.579221484942031850e-02,-2.902300218634934481e-02,-4.598069320980613384e-03,3.764081278205821945e-03,5.884970092543184705e-03
3.710000000000000000e+07,3.718858029798610687e-02,4.484858233224109370e-02,-2.654856056037147027e-02,1.270516973121615933e-02,7.001072248364437201e-03,1.745760513482963461e-04
3.740000000000000000e+07,5.214437096508106606e-02,2.634606178422060907e-02,-1.467322151948025066e-02,2.554272938078305799e-02,4.075190406069850724e-03,-5.721080883711593401e-03
3.770000000000000000e+07,5.846791914471083373e-02,3.338592876575674495e-03,2.386440498042929903e-03,2.936696479182288044e-02,-2.470719028060841538e-03,-6.600147521028887354e-03
3.800000000000000000e+07,5.504674597311520756e-02,-2.033327861793310376e-02,1.859014409083670216e-02,2.284600954941495843e-02,-6.876940226014482960e-03,-1.645522261563669986e-03
3.830000000000000000e+07,4.241291544342118414e-02,-4.069349204773686779e-02,2.823145840578433763e-02,8.313415808462565337e-03,-5.220476493214221136e-03,4.800528123830360983e-03
3.860000000000000000e+07,2.266149311780196740e-02,-5.431165120527836621e-02,2.795425981674526383e-02,-9.088428144750082538e-03,1.073168217949671543e-03,7.026456497911226506e-03
3.890000000000000000e+07,-9.043193136264449095e-04,-5.889246558530203401e-02,1.791302536603467388e-02,-2.325019985995879779e-02,6.437944228125047630e-03,3.033301665055887497e-03
3.920000000000000000e+07,-2.433871932618103529e-02,-5.366757316590309301e-02,1.676298342054849400e-03,-2.925364848284672803e-02,6.112150226947221654e-03,-3.648990895182890881e-03
3.950000000000000000e+07,-4.372767125494902984e-02,-3.952058744548381242e-02,-1.506919022453701018e-02,-2.507320924278388929e-02,3.904000722485534425e-04,-7.104591241315461048e-03
3.980000000000000000e+07,-5.585141747994981642e-02,-1.882648175018175607e-02,-2.652658511669869768e-02,-1.223165341810528162e-02,-5.664743314063969137e-03,-4.298115278707825837e-03
4.010000000000000000e+07,-5.871970569087636704e-02,4.961315577325819959e-03,-2.878589294603273174e-02,4.786518311103549195e-03,-6.733469064613473165e-03,2.280657295205656965e-03
4.040000000000000000e+07,-5.189050936107975076e-02,2.789910751247148823e-02,-2.112408520627440112e-02,2.011669071516664076e-02,-1.891052676057825011e-03,6.857946821185123554e-03
4.070000000000000000e+07,-3.652425987400675922e-02,4.621155737181226186e-02,-6.198703169147279368e-03,2.851797145386392174e-02,4.624547198282868976e-03,5.420923065029725763e-03
4.100000000000000000e+07,-1.517320835860402894e-02,5.690891116517704518e-02,1.088416544813952669e-02,2.712319851834088524e-02,7.097147634212319645e-03,-7.956873565326816333e-04
4.130000000000000000e+07,8.650942727605581695e-03,5.826379844197759894e-02,2.428909134398793412e-02,1.638124237419624762e-02,3.317147005461151821e-03,-6.342322366949204593e-03
4.160000000000000000e+07,3.105487033440823552e-02,5.007593715273550572e-02,2.939626470549683290e-02,-8.781827504833472631e-05,-3.412880319650923866e-03,-6.303021420846377509e-03
4.190000000000000000e+07,4.839162228535087706e-02,3.368976025985048750e-02,2.436069719198741268e-02,-1.667239606522663564e-02,-7.136103576748098476e-03,-6.878006795165703124e-04
4.220000000000000000e+07,5.784062820987401210e-02,1.176917841087465888e-02,1.078895320394224200e-02,-2.762713791023863052e-02,-4.553175713247981093e-03,5.528507650888414560e-03
4.250000000000000000e+07,5.785278412275118853e-02,-1.213103883483590550e-02,-6.716623609499094982e-03,-2.903742073338655416e-02,2.029888929882872617e-03,6.856274952223628816e-03
4.280000000000000000e+07,4.839565229738695962e-02,-3.412979261029391864e-02,-2.206123292587847118e-02,-2.024492925164622648e-02,6.805513434670729112e-03,2.160724753160536693e-03
4.310000000000000000e+07,3.096355575218012746e-02,-5.063467856976444637e-02,-2.976649310969037288e-02,-4.200773969456506052e-03,5.606364615040604349e-03,-4.416790703876571911e-03
4.340000000000000000e+07,8.350697288349806513e-03,-5.891572416859780503e-02,-2.697231272600930652e-02,1.347049427305968550e-02,-5.082298502046000976e-04,-7.125439321688631367e-03
4.370000000000000000e+07,-1.578119253748155870e-02,-5.755127261363135460e-02,-1.456875153981940230e-02,2.644880931546111924e-02,-6.197340052125355214e-03,-3.580681771959248749e-03
4.400000000000000000e+07,-3.747923838381694850e-02,-4.667591798109249623e-02,3.044467782807203093e-03,3.004295179888849532e-02,-6.448962588322615375e-03,3.140907679057391988e-03
4.430000000000000000e+07,-5.313536688282027853e-02,-2.798663797633871297e-02,1.954734545191172401e-02,2.295676774170019030e-02,-9.954812761776565821e-04,7.114872811287753507e-03
4.460000000000000000e+07,-6.008422328653040267e-02,-4.497286067579153723e-03,2.904129339655270314e-02,7.775404456770829142e-03,5.352288711108599273e-03,4.794218285812945624e-03
4.490000000000000000e+07,-5.706566313456562511e-02,1.992992229748757893e-02,2.821517197781986397e-02,-1.002472555556011002e-02,6.955080875712837951e-03,-1.767291495529121903e-03
4.520000000000000000e+07,-4.446965347054288031e-02,4.120989257213025780e-02,1.749560595963828291e-02,-2.412251989069247315e-02,2.410969371510418569e-03,-6.740807367012990881e-03
4.550000000000000000e+07,-2.431119040679163845e-02,5.572020895760942949e-02,7.918104447384166633e-04,-2.963343382419125760e-02,-4.228651598637611642e-03,-5.752790820629627433e-03
4.580000000000000000e+07,7.464074498386708001e-05,6.093186004410355849e-02,-1.598689698496968958e-02,-2.477885654999667508e-02,-7.118242964097021286e-03,2.819459440850380361e-04
4.610000000000000000e+07,2.457815585978551098e-02,5.587143358433621643e-02,-2.703654787130460591e-02,-1.140007285047772712e-02,-3.747847782818780615e-03,6.046770359478870205e-03
4.640000000000000000e+07,4.501515388683685615e-02,4.132365494148260154e-02,-2.863290465086265613e-02,5.776883921125630650e-03,2.912609491716011689e-03,6.485510365507707320e-03
4.670000000000000000e+07,5.786065733511236431e-02,1.972550760451952101e-02,-2.033746755940057938e-02,2.080781832320255376e-02,7.002893307245017240e-03,1.206533995077307964e-03
4.700000000000000000e+07,6.088151821049336831e-02,-5.240355273382846235e-03,-5.086287493213603739e-03,2.855068898828250212e-02,4.901378106509923782e-03,-5.134579675090122919e-03
4.730000000000000000e+07,5.354629856134351940e-02,-2.928612453989387632e-02,1.183340559175860562e-02,2.638794456816384582e-02,-1.530711584649679935e-03,-6.914869016437563687e-03
4.760000000000000000e+07,3.712998786215138125e-02,-4.827796650332771833e-02,2.458036963614773640e-02,1.510374871462261126e-02,-6.571344167774384459e-03,-2.569895829488189065e-03
4.790000000000000000e+07,1.448934489106079582e-02,-5.897182181603710660e-02,2.875167140199152982e-02,-1.375439493479291286e-03,-5.767037699840216192e-03,4.004075976105525569e-03
4.820000000000000000e+07,-1.045028725577168416e-02,-5.958661044218871439e-02,2.291004514077599197e-02,-1.731474914137010046e-02,1.042706057887698989e-04,6.979038080451971382e-03
4.850000000000000000e+07,-3.339888003293367547e-02,-5.010760196179120385e-02,9.108835592904540590e-03,-2.715416107700008297e-02,5.810296209624254971e-03,3.789245713846867147e-03
4.880000000000000000e+07,-5.046232489216606609e-02,-3.226673471153418404e-02,-7.802637287021241264e-03,-2.746479483722197301e-02,6.351420803561325101e-03,-2.681087353607836121e-03
4.910000000000000000e+07,-5.881791732421248753e-02,-9.210305947306096641e-03,-2.188032042534615584e-02,-1.817516558580933861e-02,1.323209496881361247e-03,-6.724006895105105741e-03
4.940000000000000000e+07,-5.718377401991858733e-02,1.507660058577187101e-02,-2.819719920763930077e-02,-2.604026386578084384e-03,-4.804786646431580266e-03,-4.829529801241960740e-03
4.970000000000000000e+07,-4.600459558090363998e-02,3.647709760242179300e-02,-2.459694064167194938e-02,1.372882649125273247e-02,-6.649737389743393123e-03,1.275047934882422851e-03
5.000000000000000000e+07,-2.733186015019128945e-02,5.145046070904157887e-02,-1.244477904987917327e-02,2.508220136535754818e-02,-2.641834089999406388e-03,6.185295057306916533e-03
5.030000000000000000e+07,-4.432204993570110219e-03,5.761770464322779617e-02,3.893144919693725114e-03,2.753658309764261958e-02,3.625605222403294192e-03,5.605283269872529672e-03
5.060000000000000000e+07,1.879698251837425005e-02,5.412968398705686468e-02,1.863729351314447058e-02,2.035937366041196128e-02,6.618073228580101386e-03,1.261283263573886870e-04
5.090000000000000000e+07,3.849733818604761382e-02,4.176514462351121892e-02,2.665975705716761013e-02,6.213540877553214159e-03,3.771241363139665737e-03,-5.363839327507946564e-03
5.120000000000000000e+07,5.148920900957421054e-02,2.275446504334865949e-02,2.528061116109370232e-02,-9.841369132473687387e-03,-2.306774059150029643e-03,-6.066042287422135360e-03
5.150000000000000000e+07,5.577735611675649352e-02,3.698996321048753089e-04,1.516364054455721089e-02,-2.217632842587136111e-02,-6.247847731501110502e-03,-1.478155344692311246e-03
5.180000000000000000e+07,5.084566459560591056e-02,-2.164144289298519652e-02,1.209545324343253014e-05,-2.658359615579186652e-02,-4.682884413966803550e-03,4.290194528405066876e-03
5.210000000000000000e+07,3.770116429038239403e-02,-3.968406327457074667e-02,-1.480305849828766895e-02,-2.172070783796087312e-02,9.013323482278678966e-04,6.219195854633596809e-03
5.240000000000000000e+07,1.866915569593174951e-02,-5.089699450775952982e-02,-2.416996755577116573e-02,-9.505179521095641348e-03,5.589818500986609706e-03,2.730312386457711682e-03
5.270000000000000000e+07,-3.019678890581189989e-03,-5.360097914281425346e-02,-2.501476646526867853e-02,5.653863426203997733e-03,5.352653233003934474e-03,-3.050665777848848847e-03
5.300000000000000000e+07,-2.377779810753111178e-02,-4.754199676329307067e-02,-1.730115026716561033e-02,1.847484709249869184e-02,4.890903058765161404e-04,-6.082490220503444789e-03
5.330000000000000000e+07,-4.025304033618937183e-02,-3.389738470873737697e-02,-3.926123654082402936e-03,2.466216740348059488e-02,-4.704375861273035753e-03,-3.791075303819724240e-03
5.360000000000000000e+07,-4.986787995890296088e-02,-1.504944298282495652e-02,1.039598407086828047e-02,2.233556679367865172e-02,-5.720750586604594901e-03,1.734239889238153864e-03
5.390000000000000000e+07,-5.121952146214425738e-02,5.831298079243651955e-03,2.081280993325407280e-02,1.255831080181479820e-02,-1.770992147115180160e-03,5.637996274195700153e-03
5.420000000000000000e+07,-4.427893239626001787e-02,2.532092143764685943e-02,2.396545135456307207e-02,-1.155828305076767037e-03,3.610487333787659736e-03,4.588232755732946089e-03
5.450000000000000000e+07,-3.036093137554729537e-02,4.030495854178184345e-02,1.903136745600164659e-02,-1.411881374055923288e-02,5.754869146713303962e-03,-3.783844903253452685e-04
5.480000000000000000e+07,-1.187572115659918381e-02,4.847616848175562154e-02,7.882444432603108453e-03,-2.205541638296182327e-02,2.913804627617366805e-03,-4.898330894306468508e-03
5.510000000000000000e+07,8.091576017527302156e-03,4.868706865836713860e-02,-5.630332751984212791e-03,-2.247541531813368465e-02,-2.355474446225969132e-03,-5.121608376967401455e-03
5.540000000000000000e+07,2.629940727789659149e-02,4.110332724900445101e-02,-1.698886178509440015e-02,-1.541707606511266704e-02,-5.498540744220292709e-03,-9.566483536929126785e-04
5.570000000000000000e+07,3.987811662398144108e-02,2.713876157665850997e-02,-2.248381944217925366e-02,-3.365136011893810064e-03,-3.869949875117129068e-03,3.949143841047941805e-03
5.600000000000000000e+07,4.678098926867590990e-02,9.189769781052348208e-03,-2.039766092212857984e-02,9.602774912849554312e-03,1.051085456282407904e-03,5.376681040182518245e-03
5.630000000000000000e+07,4.608702623613680771e-02,-9.780160531207116037e-03,-1.153617251423355583e-02,1.916470225569355534e-02,4.978256857022245185e-03,2.157938111096768807e-03
5.660000000000000000e+07,3.811191252851386935e-02,-2.673263684451399058e-02,1.056199698524551422e-03,2.217523516672059714e-02,4.550532144676822099e-03,-2.850641891271266104e-03
5.690000000000000000e+07,2.431688574805690450e-02,-3.904065971906334198e-02,1.311531567858992275e-02,1.770479442392058900e-02,2.287629024451121040e-04,-5.305324056891436157e-03
5.720000000000000000e+07,7.038586239673350065e-03,-4.489121851567290378e-02,2.059068669248631522e-02,7.347649053528471086e-03,-4.189198434680463379e-03,-3.163547085129891911e-03
5.750000000000000000e+07,-1.090938445062050732e-02,-4.354375402505894499e-02,2.101878319894723290e-02,-5.323802053126769351e-03,-4.927928185814778317e-03,1.628881143957983113e-03
5.780000000000000000e+07,-2.669476238729373563e-02,-3.540999033815950270e-02,1.435871571647595601e-02,-1.598943365804217365e-02,-1.450054808017853247e-03,4.925335357278015636e-03
5.810000000000000000e+07,-3.791041231434633119e-02,-2.195037279390987806e-02,2.985759281379785079e-03,-2.107348261563402048e-02,3.190518306027456674e-03,3.956736049467224348e-03
5.840000000000000000e+07,-4.293522513075487268e-02,-5.411064557428346689e-03,-9.160817287465761183e-03,-1.896668796318579098e-02,5.021267834770526406e-03,-3.665051453296541695e-04
5.870000000000000000e+07,-4.115979588943474710e-02,1.155121935225622565e-02,-1.796485594616115122e-02,-1.054130110557593980e-02,2.532103929169693401e-03,-4.297049394160978864e-03
5.900000000000000000e+07,-3.304759278034907766e-02,2.629431812755456122e-02,-2.054881520187024080e-02,1.211632510759841352e-03,-2.073901170881242706e-03,-4.482936649644386762e-03
5.930000000000000000e+07,-2.002857520750467302e-02,3.659859387730790559e-02,-1.621541859395847496e-02,1.226613379311913832e-02,-4.816564700071523930e-03,-8.350657306337438968e-04
5.960000000000000000e+07,-4.247624592103704799e-03,4.099596173587372050e-02,-6.607029951041454297e-03,1.895717777232164281e-02,-3.389541341896062931e-03,3.446838472981994528e-03
5.990000000000000000e+07,1.178865873243495344e-02,3.897230390001027445e-02,4.932268378098569883e-03,1.919408479680839719e-02,8.913526791047843290e-04,4.693715565629474895e-03
6.020000000000000000e+07,2.560920611087169618e-02,3.101648568295445330e-02,1.453308658908269990e-02,1.309308268641729001e-02,4.310935720944542027e-03,1.922123556418853241e-03
6.050000000000000000e+07,3.515737041680466746e-02,1.851344319675263250e-02,1.909610591933841306e-02,2.852544866264850043e-03,3.991550948946098742e-03,-2.410655935349836909e-03
6.080000000000000000e+07,3.909365612091875164e-02,3.502718892512746152e-03,1.727731178932145895e-02,-8.047056522507034515e-03,3.020472864179168937e-04,-4.597627581830465715e-03
6.110000000000000000e+07,3.697784634343292964e-02,-1.165587894925579349e-02,9.860517687251046937e-03,-1.602548996201846876e-02,-3.554754834617313008e-03,-2.846258389062938932e-03
6.140000000000000000e+07,2.930629168024978526e-02,-2.465451401513973906e-02,-5.739915125246852767e-04,-1.856956221197947343e-02,-4.319218912762323725e-03,1.268152100003305804e-03
6.170000000000000000e+07,1.740357995323194018e-02,-3.358830082140684681e-02,-1.054871701181525623e-02,-1.501056640800157993e-02,-1.420561890583371678e-03,4.217096934226560734e-03
6.200000000000000000e+07,3.190784116974043627e-03,-3.723110035939924956e-02,-1.684512150472983194e-02,-6.677439218400138543e-03,2.608499835034194803e-03,3.541357819379697958e-03
6.230000000000000000e+07,-1.112863004112796261e-02,-3.519610115369431469e-02,-1.753446632123711879e-02,3.600799415551136917e-03,4.345241447730074924e-03,-1.006449767118056116e-04
6.260000000000000000e+07,-2.341274564187045826e-02,-2.796122773259668293e-02,-1.255481521459955729e-02,1.245851240577167118e-02,2.387050107707011648e-03,-3.569509060149300694e-03
6.290000000000000000e+07,-3.190022073459886087e-02,-1.676185520700812503e-02,-3.665159810729790024e-03,1.709337157999613055e-02,-1.524716302974127302e-03,-3.958379072408035881e-03
6.320000000000000000e+07,-3.545645161545252222e-02,-3.374273952601924975e-03,6.182749164388212648e-03,1.614219560141805232e-02,-4.062962212579179777e-03,-1.025775581311449969e-03
6.350000000000000000e+07,-3.371331358138718315e-02,1.017074979939991408e-02,1.382703328838630341e-02,1.006161060637822402e-02,-3.147984359628708262e-03,2.690092801984178550e-03
6.380000000000000000e+07,-2.708783992858343481e-02,2.189662899907318661e-02,1.690275720721956532e-02,9.163049715041893251e-04,3.652856170717200257e-04,4.077752344095131321e-03
6.410000000000000000e+07,-1.668506282031501087e-02,3.016420614816439638e-02,1.455492763239618625e-02,-8.328149673268114839e-03,3.495889390251250006e-03,2.047268992683370925e-03
6.440000000000000000e+07,-4.107484663101956812e-03,3.388976301379642564e-02,7.651033402979123821e-03,-1.476179024967905207e-02,3.663077770163170044e-03,-1.639028513807261334e-03
6.470000000000000000e+07,8.794423762587655347e-03,3.267119691965802986e-02,-1.545838471564309202e-03,-1.642930911533824201e-02,7.926460174090266264e-04,-3.900104476187493674e-03
6.500000000000000000e+07,2.019089806964302625e-02,2.681166218941655188e-02,-1.011706287469138488e-02,-1.290208801682268813e-02,-2.688634237706821750e-03,-2.895794465864298672e-03
6.530000000000000000e+07,2.852221979939173480e-02,1.724567471836735422e-02,-1.540071184759028711e-02,-5.366951845175549352e-03,-3.896617446017103248e-03,4.925715152737097924e-04
6.560000000000000000e+07,3.269700997665836439e-02,5.385478397840870457e-03,-1.579783650914379223e-02,3.774825497771416849e-03,-1.864620583766907203e-03,3.434177793359083353e-03
6.590000000000000000e+07,3.221787875451553873e-02,-7.086008203302185393e-03,-1.123840774506845719e-02,1.166284081291024677e-02,1.691064457567392765e-03,3.504990289727061281e-03
6.620000000000000000e+07,2.722437909287833691e-02,-1.844543576706314525e-02,-3.179026001731699580e-03,1.585509923447858682e-02,3.820210905963961068e-03,6.759921753669573263e-04
6.650000000000000000e+07,1.845431342584191725e-02,-2.715281624973897578e-02,5.857601860164152185e-03,1.506667490055235703e-02,2.779853327709247424e-03,-2.695944374167424940e-03
6.680000000000000000e+07,7.133522972459616085e-03,-3.204315178676608866e-02,1.305913413578707605e-02,9.552874441595804456e-03,-5.541138432505476885e-04,-3.831609757583009923e-03
6.710000000000000000e+07,-5.189069845854987761e-03,-3.246609739842654108e-02,1.618294583192181335e-02,1.025758617629435321e-03,-3.433476257740153414e-03,-1.802717763865757661e-03
6.740000000000000000e+07,-1.684028254778979772e-02,-2.836084847348274707e-02,1.424148431513572177e-02,-7.869737220772776709e-03,-3.488188659702018413e-03,1.728063608055663281e-03
6.770000000000000000e+07,-2.623277129109879979e-02,-2.026056053425406844e-02,7.807786770449354208e-03,-1.436309023043236266e-02,-6.516062117682963617e-04,3.861487991756007432e-03
6.800000000000000000e+07,-3.206392514053391096e-02,-9.227282611021792036e-03,-1.151901083225936873e-03,-1.640643615374415276e-02,2.767972995549428106e-03,2.814120308116230262e-03
6.830000000000000000e+07,-3.348261385274753366e-02,3.275451208807567127e-03,-9.869795654580570954e-03,-1.330804530765306026e-02,3.939503519873710502e-03,-6.015828221137553555e-04
6.860000000000000000e+07,-3.020565652585815997e-02,1.555967848351258453e-02,-1.561633013094620992e-02,-5.958992644579552689e-03,1.835642910791079885e-03,-3.585969684237966248e-03
6.890000000000000000e+07,-2.256988179953367535e-02,2.592211404466127078e-02,-1.653717871307236464e-02,3.417665830824034856e-03,-1.860027124727992032e-03,-3.627238999612814041e-03
6.920000000000000000e+07,-1.151097532346057051e-02,3.286365091084064716e-02,-1.223718054023237300e-02,1.192423702964617860e-02,-4.082561487940949974e-03,-6.146096170169812467e-04
6.950000000000000000e+07,1.533067576453106540e-03,3.529481156792257934e-02,-3.934355992313953720e-03,1.686168903273710384e-02,-2.920611952845320047e-03,2.998516376052862142e-03
6.980000000000000000e+07,1.478820147616133340e-02,3.270165869648167245e-02,5.869266193233357853e-03,1.656418271623749661e-02,7.448477290417088170e-04,4.183478081074554211e-03
7.010000000000000000e+07,2.636587846951599090e-02,2.524820207648303949e-02,1.411514327893570453e-02,1.094749440403575136e-02,3.898437099000062744e-03,1.861494864257906556e-03
7.040000000000000000e+07,3.451686441905010838e-02,1.379601084435932989e-02,1.811331478456779109e-02,1.599277077730221208e-03,3.850365892059670614e-03,-2.126931397413045488e-03
7.070000000000000000e+07,3.788693048483082748e-02,-1.703256468914560173e-04,1.639979580204098397e-02,-8.637288483555494167e-03,5.123821583445931083e-04,-4.455604857994899248e-03
7.100000000000000000e+07,3.573925081935058756e-02,-1.471205821174237371e-02,9.264777747713281997e-03,-1.649188644984178609e-02,-3.404991441861682233e-03,-3.059069753788890011e-03
7.130000000000000000e+07,2.810788162916466604e-02,-2.768613303879874366e-02,-1.233578954945357964e-03,-1.928470175859331448e-02,-4.557962470187248982e-03,1.034671833366473948e-03
7.160000000000000000e+07,1.585158413582377079e-02,-3.704873190099533531e-02,-1.181779324344844895e-02,-1.583214021343337663e-02,-1.818105875514675063e-03,4.413112802808427659e-03
7.190000000000000000e+07,5.879095217409258112e-04,-4.117276186995866283e-02,-1.898037953331765948e-02,-6.940460331094300273e-03,2.618712470713546736e-03,4.109850431063932774e-03
7.220000000000000000e+07,-1.549640393810847172e-02,-3.913133453536943307e-02,-2.013423977487249772e-02,4.716965569357967070e-03,4.969708169380027130e-03,2.208838275095104109e-04
7.250000000000000000e+07,-2.994291369071433451e-02,-3.089786823964857376e-02,-1.455372835174273405e-02,1.536280287881197637e-02,3.094812310372674347e-03,-4.025614928337972742e-03
7.280000000000000000e+07,-4.039061808318322733e-02,-1.742044719557611643e-02,-3.759755340723813788e-03,2.132415361231210227e-02,-1.556905038665234997e-03,-4.944403831046884079e-03
7.310000000000000000e+07,-4.496316757082041704e-02,-5.439172450323326302e-04,8.843519422011780762e-03,2.030713576812814836e-02,-5.050016480467434121e-03,-1.587132859953044317e-03
7.340000000000000000e+07,-4.261030874573989990e-02,1.722345399290503565e-02,1.902292232590241383e-02,1.228939954777530374e-02,-4.279520908667677759e-03,3.305576023493017601e-03
7.370000000000000000e+07,-3.333999605368376251e-02,3.307446689314019750e-02,2.314276701506656764e-02,-3.243927901053211826e-04,2.775985066421071679e-04,5.518118170883212770e-03
7.400000000000000000e+07,-1.829009885763355214e-02,4.434767081386326026e-02,1.947723133989853750e-02,-1.339858239286684238e-02,4.795105020349410552e-03,2.978955486497625316e-03
7.430000000000000000e+07,3.873438950492413824e-04,4.898109582433107789e-02,8.925981771483293414e-03,-2.242196610947644331e-02,5.288149653175366893e-03,-2.298246496707179176e-03
7.460000000000000000e+07,1.982431481810209561e-02,4.589528725769298489e-02,-5.162091771275356678e-03,-2.407490411667367880e-02,1.133980624224761868e-03,-5.775954828351359538e-03
7.490000000000000000e+07,3.687803829025426694e-02,3.523205182509059341e-02,-1.804371146961614158e-02,-1.745742266338368154e-02,-4.197056780185448588e-03,-4.294401630318134266e-03
7.520000000000000000e+07,4.864610438124827851e-02,1.839661216703802893e-02,-2.518324219246181883e-02,-4.521880440563563752e-03,-6.031371547351227491e-03,1.044598959140330408e-03
7.550000000000000000e+07,5.296812758211189021e-02,-2.116015845686547436e-03,-2.385833004723991735e-02,1.048322040369953356e-02,-2.603201731304238820e-03,5.666323581706933510e-03
7.580000000000000000e+07,4.882420455756175670e-02,-2.309081963871051357e-02,-1.419814131796215406e-02,2.240806022395247510e-02,3.253964668289199835e-03,5.452125867208224008e-03
7.610000000000000000e+07,3.655527231808264332e-02,-4.110225331673689197e-02,7.424208671622523070e-04,2.697806808048142102e-02,6.450334246018485373e-03,4.131962628406427029e-04
7.640000000000000000e+07,1.786015115555983357e-02,-5.307953796921083267e-02,1.594360621884050033e-02,2.233543159681516954e-02,4.065228611260351954e-03,-5.174028932103169609e-03
7.670000000000000000e+07,-4.437289098909502627e-03,-5.683182119045682157e-02,2.611764339327748985e-02,9.782876467923529162e-03,-1.999865836751268944e-03,-6.394529684342842302e-03
7.700000000000000000e+07,-2.681721703544326374e-02,-5.144239942841011271e-02,2.756087571604837194e-02,-6.568700499798296732e-03,-6.522717980658399028e-03,-2.003977581154003929e-03
7.730000000000000000e+07,-4.562130603433445231e-02,-3.746257612294812134e-02,1.950130429394647535e-02,-2.115838119857471611e-02,-5.437428657629084228e-03,4.328430323070620034e-03
7.760000000000000000e+07,-5.764853252001955752e-02,-1.686896811914095906e-02,4.446815182486574258e-03,-2.887910058180409578e-02,5.148011575251132399e-04,7.057735619099503310e-03
7.790000000000000000e+07,-6.069249121775399658e-02,7.213151301357356715e-03,-1.260676605761901214e-02,-2.686176576023058260e-02,6.227508220160160590e-03,3.615098123233906335e-03
7.820000000000000000e+07,-5.393240025831858020e-02,3.098017084651871755e-02,-2.584213072238839004e-02,-1.551422585234263352e-02,6.603366793175524663e-03,-3.160703499389683202e-03
7.850000000000000000e+07,-3.811256836621623734e-02,5.054304819464050524e-02,-3.059232107327503059e-02,1.545640809212045497e-03,1.126881340535845766e-03,-7.350911190201259160e-03
7.880000000000000000e+07,-1.547723635786013574e-02,6.255216176492695013e-02,-2.495354878176669899e-02,1.864269958180386766e-02,-5.518984581307506687e-03,-5.153564723954673354e-03
7.910000000000000000e+07,1.053554616010643485e-02,6.475734079020867284e-02,-1.050404319695275035e-02,2.990645263840008283e-02,-7.483137918878668415e-03,1.672810967903615165e-03
7.940000000000000000e+07,3.580108857369879161e-02,5.641403834090397140e-02,8.114631721113596541e-03,3.124418844991794231e-02,-2.891043250224711869e-03,7.235272672957648865e-03
7.970000000000000000e+07,5.614522948881983666e-02,3.846689870998432070e-02,2.464463623752877197e-02,2.179281529596721612e-02,4.414114598258578326e-03,6.581404265602941450e-03
8.000000000000000000e+07,6.801828108326191114e-02,1.347238714147636074e-02,3.326140306499070221e-02,4.362726976495423514e-03,8.066258424410222005e-03,6.638449242757360480e-05
8.030000000000000000e+07,6.910236754446152929e-02,-1.474066711649868466e-02,3.059421922002947269e-02,-1.532741295071105014e-02,4.677901871952272472e-03,-6.751086572620579318e-03
8.060000000000000000e+07,5.875264276623770598e-02,-4.163418702722765374e-02,1.704530750084298774e-02,-3.046205638396770610e-02,-3.010736608789699176e-03,-7.798612130073934168e-03
8.090000000000000000e+07,3.819135789274152870e-02,-6.267205894170047031e-02,-3.108135654422028438e-03,-3.546228203963153192e-02,-8.282036057568831211e-03,-1.913824806948127843e-03
8.120000000000000000e+07,1.040615348960649555e-02,-7.407445516511756978e-02,-2.299008563681415040e-02,-2.806729349136105611e-02,-6.326778596493554119e-03,5.874757956405574078e-03
8.150000000000000000e+07,-2.025254222240846502e-02,-7.349411097203528698e-02,-3.545777527683391384e-02,-1.037148609849225522e-02,1.331827456743539528e-03,8.660450506127403969e-03
8.180000000000000000e+07,-4.873074630889817627e-02,-6.049497449166096885e-02,-3.571315444117395543e-02,1.168409391542013509e-02,8.029747485635674309e-03,3.818983316634216862e-03
8.210000000000000000e+07,-7.009442716222391567e-02,-3.673559152102257030e-02,-2.320437460045088329e-02,3.030987248516225918e-02,7.790785190064930532e-03,-4.562532497971005796e-03
8.240000000000000000e+07,-8.038692195486252245e-02,-5.801615176750374303e-03,-2.015832783070159451e-03,3.867921591823630934e-02,6.159905384981456677e-04,-9.156317994111873304e-03
8.270000000000000000e+07,-7.737096409310240119e-02,2.731061598946382674e-02,2.048724259087730815e-02,3.348749364791103744e-02,-7.357798936298287629e-03,-5.748626924400923599e-03
8.300000000000000000e+07,-6.101291865506830447e-02,5.699323252970600606e-02,3.628382039631006251e-02,1.625122916274790441e-02,-9.042609296386672213e-03,2.926519132600446937e-03
8.330000000000000000e+07,-3.360214679783091185e-02,7.798359569402180114e-02,3.959860831250416879e-02,-7.163002970045795337e-03,-2.672181985332144905e-03,9.294562607294665213e-03
8.360000000000000000e+07,5.412477132935578084e-04,8.631311221677151480e-02,2.899629391728453243e-02,-2.859202111949343816e-02,6.326453689576183592e-03,7.524091122817821997e-03
8.390000000000000000e+07,3.574156601619549178e-02,8.007155613557870311e-02,7.926746070319623527e-03,-4.044159972356453636e-02,9.920584840930501969e-03,-1.075590105514834249e-03
8.420000000000000000e+07,6.592097432035615157e-02,5.983427211066327800e-02,-1.643476524541220840e-02,-3.834453046157193512e-02,4.701417214473480044e-03,-8.958540805352299685e-03
8.450000000000000000e+07,8.566697027904268680e-02,2.865623616992252209e-02,-3.562568422989187411e-02,-2.271313529331564496e-02,-4.875471281122756295e-03,-9.017251136228310315e-03
8.480000000000000000e+07,9.121991607683632708e-02,-8.383982660404853959e-03,-4.279030004172312829e-02,1.318437765874591605e-03,-1.033749680401285787e-02,-1.003164218573715516e-03
8.510000000000000000e+07,8.119482397424704345e-02,-4.502166048399658393e-02,-3.508095937678845644e-02,2.555059509114698812e-02,-6.695510829839435019e-03,8.124042566521438857e-03
8.540000000000000000e+07,5.689682570739051926e-02,-7.488171261505272014e-02,-1.476508436538281899e-02,4.146258555435622384e-02,3.046347104671554007e-03,1.023293374549893997e-02
8.570000000000000000e+07,2.216305294368581258e-02,-9.260226406854599190e-02,1.138103634875520243e-02,4.317084314992314376e-02,1.034106503246690067e-02,3.220414078086264453e-03
8.600000000000000000e+07,-1.724988789901260589e-02,-9.480391562709655773e-02,3.427469563236940076e-02,2.960453114089034443e-02,8.549842820286812639e-03,-6.896633630674386950e-03
8.630000000000000000e+07,-5.463089159270850814e-02,-8.072873587884998869e-02,4.565464833950549917e-02,5.090418483391090376e-03,-9.969615975808920894e-04,-1.108746184843312221e-02
8.660000000000000000e+07,-8.346614605106594809e-02,-5.243094593144803639e-02,4.107657304813017163e-02,-2.196608091067275836e-02,-9.896179727903131607e-03,-5.390402544037442567e-03
8.690000000000000000e+07,-9.857836868119385088e-02,-1.447951739388031456e-02,2.167551699701597556e-02,-4.194472620105216265e-02,-1.008589702700035673e-02,5.299430824891260272e-03
8.720000000000000000e+07,-9.705506203307123769e-02,2.678265035075355627e-02,-6.028007471060803368e-03,-4.745145459854427372e-02,-1.202801371460893165e-03,1.144328105242209404e-02
8.750000000000000000e+07,-7.880191464732000384e-02,6.430180918242456301e-02,-3.230509921495183789e-02,-3.608615819121041568e-02,8.926817813357246223e-03,7.424883740810628296e-03
8.780000000000000000e+07,-4.661939240742807300e-02,9.152123299489289820e-02,-4.765215758006036140e-02,-1.147946724259440998e-02,1.123233365550735385e-02,-3.318016922108313338e-03
8.810000000000000000e+07,-5.779772549356465561e-03,1.035289913110943871e-01,-4.625295602424994712e-02,1.784496712879501956e-02,3.526514525673540845e-03,-1.127558295144126532e-02
8.840000000000000000e+07,3.683386606357164084e-02,9.794658623903274020e-02,-2.819684182986759158e-02,4.142803803348726888e-02,-7.468109467385963818e-03,-9.291343746909319634e-03
8.870000000000000000e+07,7.388894256877742706e-02,7.539834863266037246e-02,3.912259248934901734e-04,5.062206117310097397e-02,-1.198760277624333348e-02,1.039717069517109849e-03
8.900000000000000000e+07,9.887138827827790521e-02,3.946853511492065536e-02,2.941573288856158541e-02,4.178582253265972213e-02,-5.861069605523461234e-03,1.064057941076157476e-02
8.930000000000000000e+07,1.072415345221644500e-01,-3.861208173063346294e-03,4.838816623831831976e-02,1.774565400883432176e-02,5.641528296435716072e-03,1.088687254092235435e-02
8.960000000000000000e+07,9.727057569680575000e-02,-4.721020154316590833e-02,5.025782653022226043e-02,-1.307599812592741273e-02,1.229194117029308586e-02,1.362920895971342361e-03
8.990000000000000000e+07,7.039927801158185616e-02,-8.306808339705185062e-02,3.408211630703128492e-02,-3.962972836700373591e-02,8.013592164694216535e-03,-9.539824801535701226e-03
9.020000000000000000e+07,3.104103951492653835e-02,-1.051149149813568329e-01,5.487089298766179013e-03,-5.226456038913340763e-02,-3.506553068804763029e-03,-1.203468003353691529e-02
9.050000000000000000e+07,-1.414935583477827663e-02,-1.093545246552451999e-01,-2.532574993933423002e-02,-4.630582303737185157e-02,-1.201381860264305601e-02,-3.796865161177720438e-03
9.080000000000000000e+07,-5.742001418307651761e-02,-9.485070003940165861e-02,-4.730832441392607279e-02,-2.380057993417494799e-02,-9.895016657122113202e-03,7.898579217197720936e-03
9.110000000000000000e+07,-9.127736807853636947e-02,-6.392473692683608988e-02,-5.260421743149024110e-02,7.248919635017614382e-03,1.034857495774588187e-03,1.268790417057630293e-02
9.140000000000000000e+07,-1.098072159182663654e-01,-2.177170722755761290e-02,-3.935355795920614241e-02,3.583837684904267462e-02,1.117476432606778758e-02,6.272880972431948976e-03
9.170000000000000000e+07,-1.097197047553919447e-01,2.443783784525521696e-02,-1.225484586834824086e-02,5.192906899559091016e-02,1.153587113252640961e-02,-5.812210015776031469e-03
9.200000000000000000e+07,-9.092826044069823865e-02,6.680702259905046958e-02,1.921465836986513409e-02,4.994096942196790678e-02,1.621230429474707080e-03,-1.292947140989042509e-02
9.230000000000000000e+07,-5.656111981476641404e-02,9.808466463340437258e-02,4.415937997297092465e-02,3.057517740541015883e-02,-9.926283451836326321e-03,-8.614766826667619171e-03
9.260000000000000000e+07,-1.241075350061038307e-02,1.129133907577397622e-01,5.397573389138088373e-02,4.587871290056000362e-04,-1.277364119874491166e-02,3.494257311530191146e-03
9.290000000000000000e+07,3.407142301717769328e-02,1.087360657617324478e-01,4.519350064398963696e-02,-3.014081529859424791e-02,-4.213936663660433624e-03,1.263927233809170048e-02
9.320000000000000000e+07,7.505021985319437761e-02,8.621099473559468152e-02,2.060720494492684907e-02,-5.072584849578731792e-02,8.200269599495157991e-03,1.058079581194704133e-02
9.350000000000000000e+07,1.036272471202170919e-01,4.907783094323292516e-02,-1.159519937585606897e-02,-5.403529381646876573e-02,1.341227815466972118e-02,-9.154577501817584562e-04
9.380000000000000000e+07,1.149845762098919977e-01,3.511836621996167196e-03,-4.043964140895894843e-02,-3.852705128663558298e-02,6.765274532755327641e-03,-1.169292250339992734e-02
9.410000000000000000e+07,1.071685434922748925e-01,-4.291320391260455835e-02,-5.576618000521804674e-02,-9.091341566261235130e-03,-5.947957703821060704e-03,-1.222489519859948359e-02
9.440000000000000000e+07,8.139674389878059912e-02,-8.247584250808870365e-02,-5.175047539286303788e-02,2.433612893817382883e-02,-1.357066262467654383e-02,-1.916273989920114218e-03
9.470000000000000000e+07,4.185058811318498329e-02,-1.085682342361451447e-01,-2.917780968710559364e-02,4.998856830542308671e-02,-9.245492668208399323e-03,1.028935681625853249e-02
9.500000000000000000e+07,-5.004606017419810371e-03,-1.167703944570064323e-01,4.457014185203611589e-03,5.838493985253023766e-02,3.439669886579288516e-03,1.353375524585942458e-02
9.530000000000000000e+07,-5.146088257318659487e-02,-1.055735999871956210e-01,3.731161157677220785e-02,4.593744370967556279e-02,1.327998034730004662e-02,4.689441011734629683e-03
9.560000000000000000e+07,-8.980828730319156961e-02,-7.664372105196548546e-02,5.738444141908605189e-02,1.660081363604604121e-02,1.134409764623089956e-02,-8.511957021951843672e-03
9.590000000000000000e+07,-1.135851810934882522e-01,-3.458306812437683675e-02,5.703675102440275424e-02,-1.928713784330682302e-02,-7.952635964629806153e-04,-1.423832928566071132e-02
9.620000000000000000e+07,-1.186462433018533602e-01,1.377797096586164116e-02,3.603231640497206456e-02,-4.871524470881638536e-02,-1.233819205111430506e-02,-7.281745942265160920e-03
9.650000000000000000e+07,-1.038794904239104255e-01,6.045879153651867455e-02,1.778728154695485841e-03,-6.086709656725020068e-02,-1.297713064845673614e-02,6.228282946196372905e-03
9.680000000000000000e+07,-7.145073962546000246e-02,9.761723348795214861e-02,-3.338673928552715608e-02,-5.119956658303692620e-02,-2.068718333696040190e-03,1.432642761207603144e-02
9.710000000000000000e+07,-2.652058496855325131e-02,1.188516992563535268e-01,-5.677625763552995863e-02,-2.311806315474029816e-02,1.081919434998290797e-02,9.763783576531182007e-03
9.740000000000000000e+07,2.354174408414699826e-02,1.203069309493116634e-01,-5.998634114621559377e-02,1.333407910739481395e-02,1.424094570646694535e-02,-3.588151443736364854e-03
9.770000000000000000e+07,7.034102698133892773e-02,1.013923680188355547e-01,-4.186632241509258279e-02,4.516737698250494759e-02,4.958272374338434929e-03,-1.394746090630860635e-02
9.800000000000000000e+07,1.058557782577977946e-01,6.497333075358824317e-02,-8.834004628418767879e-03,6.108994102936549098e-02,-8.931559089571550203e-03,-1.194041495581643630e-02
9.830000000000000000e+07,1.238258470451079063e-01,1.697542075585545263e-02,2.745616125924499329e-02,5.545272555364988420e-02,-1.497953142950336769e-02,8.417248158423262794e-04
9.860000000000000000e+07,1.208843367842256100e-01,-3.455846714717836221e-02,5.421182231232890558e-02,3.018394817674163733e-02,-7.617095226798653584e-03,1.300887384768145694e-02
9.890000000000000000e+07,9.721945226397821216e-02,-8.081731547937920368e-02,6.195813467000377273e-02,-5.893466624385723662e-03,6.646893794677311007e-03,1.359041213592604436e-02
9.920000000000000000e+07,5.662485605527223242e-02,-1.137515153256316580e-01,4.785253299694147699e-02,-4.011631345690602757e-02,1.503944472167262347e-02,1.997738106368274202e-03
9.950000000000000000e+07,5.904354095989106099e-03,-1.275093948034253799e-01,1.672606011476318599e-02,-6.038740561839972543e-02,1.002766114418562893e-02,-1.143769444020392712e-02
9.980000000000000000e+07,-4.628102908625209011e-02,-1.195113524628936830e-01,-2.054462709916293761e-02,-5.943569961952732683e-02,-3.960592781595551060e-03,-1.473083743232450615e-02
1.001000000000000000e+08,-9.092380878613681716e-02,-9.095153951211898402e-02,-5.081787870875587032e-02,-3.743315475217912081e-02,-1.449883651763883563e-02,-4.899708687688075770e-03
1.004000000000000000e+08,-1.202632410018438236e-01,-4.662244108732238601e-02,-6.331936249726055621e-02,-2.006084575299382777e-03,-1.216778473458646204e-02,9.377849163456630777e-03
1.007000000000000000e+08,-1.291647427328186382e-01,5.912158794870947531e-03,-5.348162161362068900e-02,3.440339564983219134e-02,1.063428169139513102e-03,1.538717486178597937e-02
1.010000000000000000e+08,-1.160292294586469097e-01,5.764397180384150943e-02,-2.460911150057398800e-02,5.890656194469556795e-02,1.345304593037610630e-02,7.662611910646432989e-03
1.013000000000000000e+08,-8.306787287292394240e-02,9.970012111142523281e-02,1.323191069753448801e-02,6.271987512910470741e-02,1.386565400372319345e-02,-6.992447184416050732e-03
1.016000000000000000e+08,-3.590049867666778027e-02,1.248860515877652233e-01,4.670843742690777844e-02,4.429633241393560183e-02,1.838904427124532504e-03,-1.544812607740198018e-02
1.019000000000000000e+08,1.743768901035025465e-02,1.289160700697777884e-01,6.388517532979420821e-02,9.945489897560833015e-03,-1.186109840737969989e-02,-1.007738471808750091e-02
1.022000000000000000e+08,6.789219722374184585e-02,1.111224631730465262e-01,5.845566878593899673e-02,-2.828522348988826707e-02,-1.494827017251054713e-02,4.295672117535787038e-03
1.025000000000000000e+08,1.069359640866025529e-01,7.453487114550227943e-02,3.207827387966943888e-02,-5.677944843469617808e-02,-4.712701328678292612e-03,1.480259713788711906e-02
1.028000000000000000e+08,1.280000495169275609e-01,2.533477169673403750e-02,-6.043618531208494460e-03,-6.518339093861413858e-02,9.677049864968978454e-03,1.213536023701067279e-02
1.031000000000000000e+08,1.275535769576663370e-01,-2.820581466376381741e-02,-4.230108020910705591e-02,-5.022452781614106243e-02,1.547079807794915496e-02,-1.286307467751157674e-03
1.034000000000000000e+08,1.056661277772334984e-01,-7.711345790390566890e-02,-6.354344633511743723e-02,-1.708413018771182124e-02,7.551280807810201168e-03,-1.358982495813165770e-02
1.037000000000000000e+08,6.597501076092981975e-02,-1.131985441509471002e-01,-6.194996171407041174e-02,2.232773125855658236e-02,-7.119374162321889798e-03,-1.386208393314802834e-02
1.040000000000000000e+08,1.507487479970848199e-02,-1.303987869101774777e-01,-3.803647555626810117e-02,5.370050368141221497e-02,-1.551998467219561917e-02,-1.765855703979468672e-03
1.043000000000000000e+08,-3.856574266161061360e-02,-1.257719894919375747e-01,-5.313574608720728065e-04,6.566419245012866668e-02,-1.007471635853818270e-02,1.196479593747312720e-02
1.046000000000000000e+08,-8.598778019805308759e-02,-9.998594335061739002e-02,3.690976157265168922e-02,5.403660633234608213e-02,4.393034951057472881e-03,1.500765749408117244e-02
1.049000000000000000e+08,-1.192090736141224738e-01,-5.722958699290359164e-02,6.084397094024751595e-02,2.327720522995946340e-02,1.490128104450860747e-02,4.644160617843340333e-03
1.052000000000000000e+08,-1.325471882770230536e-01,-4.555270387683663103e-03,6.296314340805508891e-02,-1.536030192775683645e-02,1.210079151621101801e-02,-9.790185682277297019e-03
1.055000000000000000e+08,-1.235873869737105224e-01,4.925289868958770967e-02,4.291408475051383675e-02,-4.810626278046470361e-02,-1.395954126465426270e-03,-1.546334494966572493e-02
1.058000000000000000e+08,-9.363370848564755988e-02,9.511526069030651342e-02,8.114487432202110995e-03,-6.362882820958759567e-02,-1.359875616792294295e-02,-7.453323227579744525e-03
1.061000000000000000e+08,-4.755505258157910475e-02,1.251743949038939263e-01,-2.912127232862360415e-02,-5.684812618586931876e-02,-1.377706808915490910e-02,7.136483326291909179e-03
1.064000000000000000e+08,6.969838735940925289e-03,1.341478190032461271e-01,-5.593680030461456454e-02,-3.042133680934000495e-02,-1.744371999940597107e-03,1.544753817694299869e-02
1.067000000000000000e+08,6.070581296577159947e-02,1.202821347434905874e-01,-6.323966190826268985e-02,6.384175055671903465e-03,1.190689506458397773e-02,1.005085008549144732e-02
1.070000000000000000e+08,1.044197594824325392e-01,8.572828562586209955e-02,-4.862782951444444279e-02,4.089658265012019456e-02,1.498606260869195239e-02,-4.354000557597714760e-03
1.073000000000000000e+08,1.304850486699820067e-01,3.624717403199895216e-02,-1.711894199026886554e-02,6.125616724000337854e-02,4.661712742667134535e-03,-1.489201026672049011e-02
1.076000000000000000e+08,1.342481803277522090e-01,-1.973044468478235558e-02,2.049389826256486913e-02,6.035689789776199632e-02,-9.807019552980023036e-03,-1.210152914939044422e-02
1.079000000000000000e+08,1.149006409256401184e-01,-7.254521956949133710e-02,5.118574075532222878e-02,3.830734602915697451e-02,-1.546249748781747257e-02,1.450125202893559617e-03
1.082000000000000000e+08,7.567830928740448826e-02,-1.130046297918028131e-01,6.410146677966821471e-02,2.573307471550378978e-03,-7.361387296668908675e-03,1.361994296117075010e-02
1.085000000000000000e+08,2.333145666995051215e-02,-1.340253628254686191e-01,5.441478686761769268e-02,-3.439425824699071654e-02,7.203425152709996837e-03,1.366358430294667414e-02
1.088000000000000000e+08,-3.305222763025739141e-02,-1.319143819461601197e-01,2.525928697392032518e-02,-5.942003652920391232e-02,1.534465272667517866e-02,1.619692358545421484e-03
1.091000000000000000e+08,-8.366075811694884123e-02,-1.070428489624930535e-01,-1.313455926965900744e-02,-6.335931030591268609e-02,9.878515239726937125e-03,-1.185368868397063125e-02
1.094000000000000000e+08,-1.197079840231936032e-01,-6.378193021380695882e-02,-4.699083378645951825e-02,-4.458450228561616768e-02,-4.381195864979758881e-03,-1.480150215067510544e-02
1.097000000000000000e+08,-1.349938283997076383e-01,-9.712531023865267343e-03,-6.402367386787943815e-02,-9.761723407109457185e-03,-1.474876611491282574e-02,-4.547904520194379074e-03
1.100000000000000000e+08,-1.269866163545430027e-01,4.573915373863712830e-02,-5.803840222961298423e-02,2.851895651278368859e-02,-1.192938235415397230e-02,9.759558658032574385e-03
1.103000000000000000e+08,-9.723520638652871639e-02,9.298168498347081368e-02,-3.126470617264942575e-02,5.640442800135758716e-02,1.531774942364449998e-03,1.529276397943135635e-02
1.106000000000000000e+08,-5.104893523487419316e-02,1.239427948121800682e-01,6.506327725006144647e-03,6.391238655665176793e-02,1.353001951358123733e-02,7.157196533725596055e-03
1.109000000000000000e+08,3.480009124288585554e-03,1.334560047677229022e-01,4.160531415475077210e-02,4.854937599361619505e-02,1.339039773110073384e-02,-7.261261318134870635e-03
1.112000000000000000e+08,5.692136430972993821e-02,1.201120331402023567e-01,6.151903416804316294e-02,1.608851902196306582e-02,1.383560997297195172e-03,-1.509324900818853621e-02
1.115000000000000000e+08,1.001533134862313545e-01,8.644149099353626298e-02,5.937108394486756424e-02,-2.167661354434358145e-02,-1.172618303142769491e-02,-9.490232034707446473e-03
1.118000000000000000e+08,1.259211265808630742e-01,3.841658624395449806e-02,3.625483643081395257e-02,-5.127272604278232393e-02,-1.434554238514351709e-02,4.456068063447560235e-03
1.121000000000000000e+08,1.300447242120839064e-01,-1.562410636800848351e-02,6.729806354854872552e-04,-6.236404702917752729e-02,-4.248200303564431124e-03,1.434843867770041470e-02
1.124000000000000000e+08,1.120805439404790604e-01,-6.643100286862591020e-02,-3.462369559161970756e-02,-5.133965325350686726e-02,9.540277188889945137e-03,1.145583085285295510e-02
1.127000000000000000e+08,7.533982493167457051e-02,-1.054258533714715895e-01,-5.722046945317060818e-02,-2.244932324784087996e-02,1.476367539926570771e-02,-1.577971115565901528e-03
1.130000000000000000e+08,2.627379200650636903e-02,-1.261442576773674773e-01,-5.940478508966862137e-02,1.385435120938893760e-02,6.836882082097872626e-03,-1.310034827302786198e-02
1.133000000000000000e+08,-2.666054853763455412e-02,-1.253004683095042537e-01,-4.077923643309588897e-02,4.472438843878023818e-02,-7.075094308788720809e-03,-1.287619383700189246e-02
1.136000000000000000e+08,-7.445730214554657778e-02,-1.033023937049222241e-01,-8.234948956683751931e-03,5.948187769861590368e-02,-1.453836460514423834e-02,-1.242664823124073337e-03
1.139000000000000000e+08,-1.090938148575162359e-01,-6.413698479592255808e-02,2.663574695989723295e-02,5.329546957085540271e-02,-9.033981404748203659e-03,1.131420090462142980e-02
1.142000000000000000e+08,-1.248797409631166033e-01,-1.465095644742575587e-02,5.169159292327663024e-02,2.870781074335582161e-02,4.343513442172763916e-03,1.368713787603326182e-02
1.145000000000000000e+08,-1.193960523689483466e-01,3.664707406282730062e-02,5.844846770112610557e-02,-5.441445379730680543e-03,1.367531485083617326e-02,3.985880158509758076e-03
1.148000000000000000e+08,-9.386647118083857322e-02,8.105583074450350978e-02,4.488921806175483198e-02,-3.721223396965456232e-02,1.085614336668072610e-02,-9.059554046089601798e-03
1.151000000000000000e+08,-5.290109020949529395e-02,1.111679728026331304e-01,1.599121412372284112e-02,-5.570376488479666932e-02,-1.450751882750012101e-03,-1.397409830163098832e-02
1.154000000000000000e+08,-3.661061732422865589e-03,1.221168324920967052e-01,-1.810447534146675252e-02,-5.472402140610199694e-02,-1.233869223659667114e-02,-6.551094759416287161e-03
1.157000000000000000e+08,4.540503284269448159e-02,1.123686125824718829e-01,-4.559954092876239429e-02,-3.480924253446460170e-02,-1.224552802353429115e-02,6.563799542817605470e-03
1.160000000000000000e+08,8.602723345929064180e-02,8.392707170618507462e-02,-5.704681820250101509e-02,-2.981480462452168467e-03,-1.348090654325062587e-03,1.374428761337753713e-02
1.163000000000000000e+08,1.115228088668018813e-01,4.192392513368758955e-02,-4.856101829690118166e-02,2.965724136778646880e-02,1.059909103495471072e-02,8.698841957979652761e-03
1.166000000000000000e+08,1.179018094557662266e-01,-6.321399758164147897e-03,-2.317513824225159169e-02,5.172576927243710543e-02,1.301471172526902365e-02,-3.935313493684589048e-03
1.169000000000000000e+08,1.044834498694768854e-01,-5.259580441671118933e-02,1.015775652788875050e-02,5.552251644743932957e-02,3.948083856009532155e-03,-1.287955171328292181e-02
1.172000000000000000e+08,7.392961490050709017e-02,-8.920531466425529743e-02,3.966167096730544017e-02,3.978112599156702345e-02,-8.400114814591574941e-03,-1.037077868994629171e-02
1.175000000000000000e+08,3.170816805904053126e-02,-1.102585522331196444e-01,5.492004644123937851e-02,1.018504317191570863e-02,-1.318256390881344942e-02,1.150234574495812012e-03
1.178000000000000000e+08,-1.490183361573826915e-02,-1.126052920308779903e-01,5.064693039068401959e-02,-2.264582719450913828e-02,-6.380946469050741143e-03,1.148387505388370755e-02
1.181000000000000000e+08,-5.807661501185634734e-02,-9.628377786826547435e-02,2.860535621039161924e-02,-4.702152500550482728e-02,5.913545116825957848e-03,1.164364154291774867e-02
1.184000000000000000e+08,-9.076209138200397319e-02,-6.442130340781204723e-02,-3.100285013942993828e-03,-5.445088104376338833e-02,1.289147688086700327e-02,1.588350522254700081e-03
1.187000000000000000e+08,-1.078157545694722330e-01,-2.262715024676253961e-02,-3.308412982377717526e-02,-4.266485991801971522e-02,8.455459012139954211e-03,-9.761823743730246861e-03
1.190000000000000000e+08,-1.067955062172529779e-01,2.200123365297201872e-02,-5.086820633326283314e-02,-1.626264260849552556e-02,-3.379231216214861888e-03,-1.237329306496803838e-02
1.193000000000000000e+08,-8.828158861695101223e-02,6.208135667374392597e-02,-5.057773090570094610e-02,1.516387789517636975e-02,-1.205989489255898661e-02,-4.046836030752842817e-03
1.196000000000000000e+08,-5.569814404769601879e-02,9.115605686486105697e-02,-3.281686521701487891e-02,4.059282404944042355e-02,-9.986605415789995277e-03,7.685349160041710093e-03
1.199000000000000000e+08,-1.468146753833821094e-02,1.047174553753080772e-01,-4.186147506928250550e-03,5.144030306584568280e-02,7.926550424315337295e-04,1.245235706666392161e-02
1.202000000000000000e+08,2.788928367519361018e-02,1.008882605650853748e-01,2.521690219595029703e-02,4.438436592378991463e-02,1.066425764193468240e-02,6.246191446891202759e-03
1.205000000000000000e+08,6.503535104741331452e-02,8.066314737708069060e-02,4.533744040625720118e-02,2.228281442759794118e-02,1.104746172781290170e-02,-5.296232380700871545e-03
1.208000000000000000e+08,9.081049055944845350e-02,4.768378685371033043e-02,4.953037602018639518e-02,-6.990076201603301342e-03,1.775586036330878414e-03,-1.202453560031813140e-02
1.211000000000000000e+08,1.012432812427306317e-01,7.593546686223362485e-03,3.668984417060983105e-02,-3.331159741860290069e-02,-8.913410489455486641e-03,-8.128907739752833095e-03
1.214000000000000000e+08,9.494367572942508104e-02,-3.291808696048548200e-02,1.150638257350067306e-02,-4.774857710210511641e-02,-1.162653174013428270e-02,2.840411694663202979e-03
1.217000000000000000e+08,7.328189015443342669e-02,-6.722442613766332897e-02,-1.719834844058709677e-02,-4.555112607081213127e-02,-4.083851687425976706e-03,1.113718596756996249e-02
1.220000000000000000e+08,4.011560809422576312e-02,-8.984376420536932528e-02,-3.951099107645461572e-02,-2.772550420883135303e-02,6.902275727100004588e-03,9.498545837509198009e-03
1.223000000000000000e+08,1.113635243157773402e-03,-9.731924998536811700e-02,-4.783571890347104727e-02,-6.477516305665176333e-04,1.159933258641387965e-02,-4.293233198495727265e-04
1.226000000000000000e+08,-3.721020291889942655e-02,-8.875327747699657266e-02,-3.950989841234786581e-02,2.617849061905985764e-02,6.043779833788676115e-03,-9.741591587015818732e-03
1.229000000000000000e+08,-6.859063711296187194e-02,-6.590962196496974457e-02,-1.769622385127433972e-02,4.346265744729294056e-02,-4.637843283802567385e-03,-1.032377378096072107e-02
1.232000000000000000e+08,-8.804729253694176805e-02,-3.286887736997101683e-02,9.787902078173260634e-03,4.538630328274706471e-02,-1.100769303172910440e-02,-1.911033815410689840e-03
1.235000000000000000e+08,-9.268800641059726786e-02,4.700684266829568969e-03,3.328995771656195757e-02,3.160199950458775220e-02,-7.650835068290007257e-03,7.945052349022319049e-03
1.238000000000000000e+08,-8.214361912997958370e-02,4.052750210065170222e-02,4.475770039607596118e-02,7.251850274663240725e-03,2.263647595867723794e-03,1.065173292351317968e-02
1.241000000000000000e+08,-5.856426214056398294e-02,6.880216790541737737e-02,4.053294826341868884e-02,-1.897072028060620141e-02,9.960026791873133334e-03,4.041925936171253397e-03
1.244000000000000000e+08,-2.618624343828912515e-02,8.513665070327647300e-02,2.251054451865286410e-02,-3.796663793317378577e-02,8.810070142615700206e-03,-5.903111531203819595e-03
1.247000000000000000e+08,9.443986516927793673e-03,8.725208975405251977e-02,-2.698178486056690417e-03,-4.341786949782289184e-02,5.035348949888884817e-05,-1.045503838209782543e-02
1.250000000000000000e+08,4.244210304284479207e-02,7.528308198434530141e-02,-2.622289664793697739e-02,-3.388434226896208656e-02,-8.497145957619522960e-03,-5.818633802263661892e-03
1.253000000000000000e+08,6.757681190816811068e-02,5.165973587401140321e-02,-4.008137661037380894e-02,-1.312215729343080284e-02,-9.434546509410779436e-03,3.702298786066648972e-03
1.256000000000000000e+08,8.110582853244352464e-02,2.060695928530265064e-02,-3.989072384707981200e-02,1.140848936828575688e-02,-2.209544328536594548e-03,9.718379248596420439e-03
1.259000000000000000e+08,8.132017862099871763e-02,-1.263253115242690683e-02,-2.622464986285422128e-02,3.124821074028005796e-02,6.665419887482926242e-03,7.178106689366359205e-03
1.262000000000000000e+08,6.872047760323596322e-02,-4.270201970322773377e-02,-4.209916630131260717e-03,3.986868352730965626e-02,9.520689371939283774e-03,-1.420078016771242346e-03
1.265000000000000000e+08,4.581915644524769959e-02,-6.499993378771051766e-02,1.841799369697127986e-02,3.480861894014708469e-02,4.146267759566057975e-03,-8.504194868393710749e-03
1.268000000000000000e+08,1.662813929605988506e-02,-7.637142119370565752e-02,3.405631848845303011e-02,1.831847024480026676e-02,-4.576279712438235947e-03,-8.099788807484742392e-03
1.271000000000000000e+08,-1.405983865555526791e-02,-7.552199260789649315e-02,3.778970688172478276e-02,-3.629992615621802088e-03,-9.116021453323241985e-03,-8.177131335784793009e-04
1.274000000000000000e+08,-4.146346579625515005e-02,-6.310864989498554678e-02,2.889423276579350386e-02,-2.353603620067445945e-02,-5.760335008488937092e-03,6.925636969725701420e-03
1.277000000000000000e+08,-6.154676598481501060e-02,-4.152110643246942345e-02,1.084685376780214483e-02,-3.494218363468348798e-02,2.383575614473443238e-03,8.540672598378762359e-03
1.280000000000000000e+08,-7.158562947893187811e-02,-1.441396237891012788e-02,-1.005700232495598812e-02,-3.449512253916253712e-02,8.246679378657972848e-03,2.855267418979678951e-03
1.283000000000000000e+08,-7.049552509359102714e-02,1.391692833962565601e-02,-2.691311723833678116e-02,-2.285282385545173156e-02,6.933136132644790450e-03,-5.066104005301497182e-03
1.286000000000000000e+08,-5.889291357181036801e-02,3.920710974843899521e-02,-3.446036284032061303e-02,-4.237686826485287384e-03,-1.962142259515076148e-04,-8.445413641631205337e-03
1.289000000000000000e+08,-3.890517341596932965e-02,5.784285103555220076e-02,-3.065545839766059544e-02,1.510820045907479425e-02,-6.924622389860246585e-03,-4.598944530307846890e-03
1.292000000000000000e+08,-1.377828593440710847e-02,6.734364834410655476e-02,-1.713783238677990539e-02,2.899332752650707334e-02,-7.622115390589101480e-03,2.985556696053492942e-03
1.295000000000000000e+08,1.264565206300005684e-02,6.665249637014625250e-02,1.467623635207360167e-03,3.320020561569947404e-02,-1.913722442466792018e-03,7.841127096973821153e-03
1.298000000000000000e+08,3.649906210091558023e-02,5.621037462092459691e-02,1.911576963171057741e-02,2.669815739731973281e-02,5.241654423556951770e-03,6.004513952184709069e-03
1.301000000000000000e+08,5.442771128134893388e-02,3.782212784199145972e-02,3.025722462045621342e-02,1.183395949844623374e-02,7.841073987023605696e-03,-8.137230278535412253e-04
1.304000000000000000e+08,6.402964161239310670e-02,1.434681866063414191e-02,3.152649826584763559e-02,-6.501137415213520399e-03,3.817844942844317302e-03,-6.809550472347325467e-03
1.307000000000000000e+08,6.414471316325887074e-02,-1.073565172717394489e-02,2.271865542488171741e-02,-2.244344331839442930e-02,-3.333617950062262025e-03,-6.983114520480171450e-03
1.310000000000000000e+08,5.496742555924072349e-02,-3.381926332485107878e-02,6.787630499403007889e-03,-3.098608334020980237e-02,-7.564629572328840368e-03,-1.292264343156546147e-03
1.313000000000000000e+08,3.797854205107853431e-02,-5.166295833801370918e-02,-1.111758560074349589e-02,-2.951873974791396904e-02,-5.378213463032466279e-03,5.390275468187155639e-03
1.316000000000000000e+08,1.571225353552563320e-02,-6.181768075899185533e-02,-2.528271298596962424e-02,-1.861639038080653563e-02,1.283684083603020554e-03,7.450189911629934159e-03
1.319000000000000000e+08,-8.606539270076041248e-03,-6.293938744991578460e-02,-3.122600366312155984e-02,-1.835362398828976893e-03,6.777730259273084812e-03,3.242453138742718011e-03
1.322000000000000000e+08,-3.150690951271428730e-02,-5.495284913317277642e-02,-2.710655329624955812e-02,1.542469199753782050e-02,6.537487758080828826e-03,-3.630282422065533865e-03
1.325000000000000000e+08,-4.974257110210089650e-02,-3.904879911974390438e-02,-1.429750400603779781e-02,2.764031430039537440e-02,8.275640973778308762e-04,-7.409305218590844788e-03
1.328000000000000000e+08,-6.073021445391191264e-02,-1.751615675943796191e-02,3.062090346887202941e-03,3.092150751223599059e-02,-5.552198082668269308e-03,-4.962166125565659058e-03
1.331000000000000000e+08,-6.290079805421555648e-02,6.569873847904972308e-03,1.939549941290863444e-02,2.424511068488754972e-02,-7.263785018920998482e-03,1.653474901420537435e-03
1.334000000000000000e+08,-5.591856704073450146e-02,2.976568874250062890e-02,2.946996806369384103e-02,9.770407067286157599e-03,-2.858281316122202043e-03,6.892862143391909058e-03
1.337000000000000000e+08,-4.073746386924881335e-02,4.873118418518274098e-02,3.006050687031347479e-02,-7.858825566806615370e-03,3.983374621881807798e-03,6.331938133943282310e-03
1.340000000000000000e+08,-1.948384718345153033e-02,6.069517295010129487e-02,2.096858578704541287e-02,-2.299590197981160600e-02,7.492601700477052873e-03,4.055664551998461320e-04
1.343000000000000000e+08,4.823707429238766053e-03,6.385215606237437669e-02,5.080906289961717448e-03,-3.078214645802290761e-02,4.672477889528181549e-03,-5.904918072452858269e-03
1.346000000000000000e+08,2.868474116714025968e-02,5.763448724878017515e-02,-1.254153798824120258e-02,-2.868461238581332395e-02,-2.133826705858155037e-03,-7.253201797592367939e-03
1.349000000000000000e+08,4.860534681104411447e-02,4.281809355086352298e-02,-2.625535029736170145e-02,-1.730500437894377797e-02,-7.189141009860122722e-03,-2.455944373465968056e-03
1.352000000000000000e+08,6.159920735818502635e-02,2.144088180052960979e-02,-3.161487252782535506e-02,-2.112382124188627586e-04,-6.190733954454685772e-03,4.479139946955257301e-03
1.355000000000000000e+08,6.563065738301077090e-02,-3.461613071436886457e-03,-2.679269232511671817e-02,1.716074141635814954e-02,8.704202829790119722e-05,7.693609337401596804e-03
1.358000000000000000e+08,5.993401948529708534e-02,-2.827231040257416339e-02,-1.319777679324829478e-02,2.920628404208613915e-02,6.387115165793488814e-03,4.399932405540596392e-03
1.361000000000000000e+08,4.515833585539041906e-02,-4.930580690511021658e-02,4.915416428758589973e-03,3.193597312115770137e-02,7.341338946957876033e-03,-2.711030498968369784e-03
1.364000000000000000e+08,2.330997695725045560e-02,-6.334741592228354534e-02,2.174953607926966015e-02,2.428789263580455327e-02,2.025810316709453218e-03,-7.638500588157626225e-03
1.367000000000000000e+08,-2.505681795369696374e-03,-6.813986751621925464e-02,3.179419355600998642e-02,8.539231741679031984e-03,-5.140020078769680367e-03,-6.109692691222079475e-03
1.370000000000000000e+08,-2.851247498445275141e-02,-6.274417376251051337e-02,3.161627853344839423e-02,-1.034440245822310089e-02,-8.038196591044766137e-03,7.096077096164776776e-04
1.373000000000000000e+08,-5.080412404787182368e-02,-4.771712755090362634e-02,2.103211107468894170e-02,-2.624958365183971409e-02,-4.072146273614407619e-03,7.068057664255888994e-03
1.376000000000000000e+08,-6.592126511536378075e-02,-2.507311192577077463e-02,3.258824662637493930e-03,-3.387658713592855975e-02,3.496467965874217043e-03,7.469223289682247469e-03
1.379000000000000000e+08,-7.138082517325017307e-02,1.971266566840768064e-03,-1.603942417267489873e-02,-3.049600391165796509e-02,8.216228448404194751e-03,1.429101434226254241e-03
1.382000000000000000e+08,-6.607806984932551586e-02,2.943925953599801915e-02,-3.053459321108675795e-02,-1.691927970311013496e-02,5.945474648711979171e-03,-5.984635536982807480e-03
1.385000000000000000e+08,-5.049777737680472001e-02,5.316397216308388352e-02,-3.529043335744574961e-02,2.658548671561788979e-03,-1.519045128901552744e-03,-8.401698367087817587e-03
1.388000000000000000e+08,-2.669675789704228919e-02,6.940690984739461555e-02,-2.842909897418621767e-02,2.192737345097839352e-02,-7.857708857756051657e-03,-3.610877599655282211e-03
1.391000000000000000e+08,1.948181250043035107e-03,7.543595610957609665e-02,-1.185494729260483382e-02,3.446521853992123852e-02,-7.560205517961549049e-03,4.438160811574221043e-03
1.394000000000000000e+08,3.119905430281733061e-02,6.997624110986677692e-02,9.232002324353061340e-03,3.585298405129933030e-02,-6.899634970096713005e-04,8.868284092770295501e-03
1.397000000000000000e+08,5.656361180076885375e-02,5.346216645437351644e-02,2.792428030028304420e-02,2.522039647621099334e-02,6.993447713412592748e-03,5.714909145702051774e-03
1.400000000000000000e+08,7.396768229959604923e-02,2.804425509865993149e-02,3.783306127019159248e-02,5.693644778801854045e-03,8.817603019323883018e-03,-2.528864878357239832e-03
1.403000000000000000e+08,8.039666819323088021e-02,-2.662445230203758229e-03,3.525805698447470604e-02,-1.646338690179760533e-02,2.984137809150411158e-03,-8.825522026324250646e-03
1.406000000000000000e+08,7.440899437789028070e-02,-3.406494566880979846e-02,2.057656306659794154e-02,-3.381272656503853113e-02,-5.649386545073298294e-03,-7.586773262104884452e-03
1.409000000000000000e+08,5.643695215292154899e-02,-6.125461775158669298e-02,-1.673681943927363136e-03,-4.022502397450899991e-02,-9.595131150604174763e-03,3.419993843660762423e-04
1.412000000000000000e+08,2.881599156458491962e-02,-7.975588982487558098e-02,-2.414461626992192578e-02,-3.306346315053687590e-02,-5.250005180897687751e-03,8.210484921731264762e-03
1.415000000000000000e+08,-4.480195889726701353e-03,-8.625238428680859215e-02,-3.909374040799207251e-02,-1.427730740778709873e-02,3.828070499665159332e-03,9.126383837260831910e-03
1.418000000000000000e+08,-3.837848111702157894e-02,-7.917620082143983495e-02,-4.107656475194687573e-02,1.006469312771995916e-02,9.844062465958813846e-03,2.072550027469421963e-03
1.421000000000000000e+08,-6.745443526986605320e-02,-5.905748608891875362e-02,-2.895683984939978473e-02,3.173090125787303428e-02,7.426276873516712840e-03,-7.047192024328019500e-03
1.424000000000000000e+08,-8.678633138548264014e-02,-2.856012826499210178e-02,-6.466038060395362663e-03,4.313774899783195949e-02,-1.623804833059239172e-03,-1.030237700544089918e-02
1.427000000000000000e+08,-9.278485805413083654e-02,7.826784370030814841e-03,1.894796322585534654e-02,4.002557895748370953e-02,-9.595299610822394243e-03,-4.575549857626093342e-03
1.430000000000000000e+08,-8.386009799195903724e-02,4.441826131533854749e-02,3.861170564974258923e-02,2.303167602740252562e-02,-9.368175288031466152e-03,5.440788381879002600e-03
1.433000000000000000e+08,-6.080152422372009369e-02,7.520386600016237821e-02,4.559156638214290069e-02,-2.412153130064709217e-03,-7.968484075888682128e-04,1.100408636112781835e-02
1.436000000000000000e+08,-2.678419725772585025e-02,9.483099062067523732e-02,3.710688256363425808e-02,-2.782997439861745193e-02,8.798309397334946880e-03,6.972572305359747702e-03
1.439000000000000000e+08,1.302859944763667954e-02,9.954121860827847001e-02,1.557273470506004287e-02,-4.450794969016236280e-02,1.089646001291555422e-02,-3.404017771167389128e-03
1.442000000000000000e+08,5.224748330199702195e-02,8.789422557427073457e-02,-1.207530511872789702e-02,-4.642934688374111829e-02,3.378965650000509413e-03,-1.110547565854425045e-02
1.445000000000000000e+08,8.427671885206677871e-02,6.113771969724801636e-02,-3.657019062363531248e-02,-3.238639272930043944e-02,-7.400381241197351301e-03,-9.204813635863118293e-03
1.448000000000000000e+08,1.034296739050262204e-01,2.313452774762403408e-02,-4.934518121062581031e-02,-6.573952466579768839e-03,-1.199088604877829312e-02,9.529784188551104762e-04
1.451000000000000000e+08,1.059489798535793170e-01,-2.016833981859100788e-02,-4.546772663826459393e-02,2.258143475288942881e-02,-6.065074348953203298e-03,1.065681411258001532e-02
1.454000000000000000e+08,9.074500264924267867e-02,-6.166163190243700853e-02,-2.551999973356089413e-02,4.507527636245711733e-02,5.532613981714007423e-03,1.121415307853723675e-02
1.457000000000000000e+08,5.970616644768256265e-02,-9.424471572066117631e-02,4.272369446013613015e-03,5.269245251958842857e-02,1.263245539801971518e-02,1.715558591444121816e-03
1.460000000000000000e+08,1.750433214769486767e-02,-1.120503813073339128e-01,3.386114571442533361e-02,4.200586263447125823e-02,8.628512419463163496e-03,-9.703066544670457816e-03
1.463000000000000000e+08,-2.909411395745564732e-02,-1.115093099076329697e-01,5.269823802747453101e-02,1.591747987535413467e-02,-3.304960564662451361e-03,-1.278853202885354978e-02
1.466000000000000000e+08,-7.231153029492531914e-02,-9.205924390179198724e-02,5.351087211398919408e-02,-1.696615069229334694e-02,-1.266200091878033618e-02,-4.450141843263200059e-03
1.469000000000000000e+08,-1.046622996333042011e-01,-5.635942680889538536e-02,3.516918664692525454e-02,-4.511019562391904714e-02,-1.091656053260692261e-02,8.157211539201014716e-03
1.472000000000000000e+08,-1.202562308342436381e-01,-9.953323632765354034e-03,3.470659237166273670e-03,-5.812574356629474082e-02,6.964323373210845602e-04,1.381730844722417473e-02
1.475000000000000000e+08,-1.158743334563325789e-01,3.958229572635296734e-02,-3.063255676119069904e-02,-5.067895454927473509e-02,1.204258540221303520e-02,7.234861160977601457e-03
1.478000000000000000e+08,-9.162110249430099884e-02,8.387267926654384809e-02,-5.485193128612309010e-02,-2.470966535390139995e-02,1.291832660039915481e-02,-6.064970623337551103e-03
1.481000000000000000e+08,-5.102428427535699029e-02,1.151642025143893022e-01,-6.006125526940309101e-02,1.098934625589098601e-02,2.181614430753597844e-03,-1.433468023962181093e-02
1.484000000000000000e+08,-5.442485663991192268e-04,1.276875710725082769e-01,-4.377878718449323969e-02,4.377863075665633374e-02,-1.087772715597168371e-02,-9.930212642263569478e-03
1.487000000000000000e+08,5.144411585280295185e-02,1.187260760368280543e-01,-1.128318265723748937e-02,6.170269776637926640e-02,-1.451162600456257223e-02,3.599027887839501005e-03
1.490000000000000000e+08,9.604013447219017507e-02,8.919144787005373054e-02,2.610801955522390472e-02,5.788603258280566877e-02,-5.111996151143216593e-03,1.427402057251980771e-02
1.493000000000000000e+08,1.253487495878289337e-01,4.358714784668960007e-02,5.501608840228300323e-02,3.316795678517941992e-02,9.174622787682551461e-03,1.231531941413077647e-02
1.496000000000000000e+08,1.338914705299032448e-01,-1.065923006218927327e-02,6.482044207749027009e-02,-4.021843063364283211e-03,1.551480427259832595e-02,-8.327721405780863506e-04
1.499000000000000000e+08,1.196427097734016343e-01,-6.440229074597336734e-02,5.157837735497139420e-02,-4.055743121419030928e-02,7.985735973605301297e-03,-1.352303009090238817e-02
1.502000000000000000e+08,8.449192284652440321e-02,-1.083312636920101824e-01,1.959468158199229038e-02,-6.328462446169247357e-02,-6.897037607586753438e-03,-1.428842519131912070e-02
1.505000000000000000e+08,3.402587218295138882e-02,-1.346041647878166714e-01,-1.998641187083194382e-02,-6.379255459708588205e-02,-1.587342457727913825e-02,-2.213390634484113662e-03
1.508000000000000000e+08,-2.335563475739377282e-02,-1.382719022813247989e-01,-5.310975733837608459e-02,-4.153551840539648765e-02,-1.076515202095151835e-02,1.209805245497364012e-02
1.511000000000000000e+08,-7.785359765435373447e-02,-1.182261373018569373e-01,-6.784902663278558066e-02,-4.128039163035168713e-03,4.130783360068335242e-03,1.584085691355241465e-02
1.514000000000000000e+08,-1.199719551317173227e-01,-7.748248478109331927e-02,-5.871143237683895677e-02,3.531909282168399500e-02,1.564560125041225547e-02,5.409780603301328483e-03
1.517000000000000000e+08,-1.422038060538284299e-01,-2.272874820916115368e-02,-2.863417217940877890e-02,6.284657671602644768e-02,1.331760468653442331e-02,-1.014069309616161263e-02
1.520000000000000000e+08,-1.403915419425203481e-01,3.679532819690933820e-02,1.202617246022441577e-02,6.858269181386233981e-02,-1.091174555469365259e-03,-1.687881192695783739e-02
1.523000000000000000e+08,-1.145056466918816795e-01,9.089223563346138235e-02,4.910347178288532177e-02,5.021462475506410783e-02,-1.480413446614647910e-02,-8.500034398593925289e-03
1.526000000000000000e+08,-6.869342355241769837e-02,1.301879468741446999e-01,6.952741572487752819e-02,1.382283270203998882e-02,-1.538982052366577591e-02,7.693812960923196442e-03
1.529000000000000000e+08,-1.058562980698241063e-02,1.477768038175284460e-01,6.583949038866876435e-02,-2.815145178308853247e-02,-2.131774350019099984e-03,1.719243588026131420e-02
1.532000000000000000e+08,5.001249979746091867e-02,1.404334142541898700e-01,3.882978650142376864e-02,-6.109402758417559198e-02,1.320518400665093850e-02,1.138931543412979863e-02
1.535000000000000000e+08,1.028075747699830345e-01,1.091784912063573643e-01,-2.562888919925399023e-03,-7.319258694035823964e-02,1.693025840357620382e-02,-4.676690125492655170e-03
1.538000000000000000e+08,1.387800107454353338e-01,5.910707603369047547e-02,-4.409976515785274387e-02,-5.959653853438595661e-02,5.582936447112274436e-03,-1.681166047757898241e-02
1.541000000000000000e+08,1.517148279819053869e-01,-1.478811927071888022e-03,-7.100914018782589210e-02,-2.436871953931785129e-02,-1.097592478653552917e-02,-1.412862953377924669e-02
1.544000000000000000e+08,1.392448184908658959e-01,-6.247161060930750409e-02,-7.318658423561430482e-02,2.055570320830923947e-02,-1.803781220786504491e-02,1.302159916896528102e-03
1.547000000000000000e+08,1.032417377059147157e-01,-1.136477278263043900e-01,-4.905661836519925600e-02,5.927471179281695868e-02,-8.998466794281512193e-03,1.590968195705499966e-02
1.550000000000000000e+08,4.950515334910221554e-02,-1.463611693886761600e-01,-6.577769551483925170e-03,7.753533046863481104e-02,8.364833525888570875e-03,1.644876079013357639e-02
1.553000000000000000e+08,-1.318668384152488215e-02,-1.549676536377546654e-01,3.925678716286995495e-02,6.810407754253589019e-02,1.847875304720503209e-02,2.132040326856099455e-03
1.556000000000000000e+08,-7.450217780855439287e-02,-1.377576459216456328e-01,7.175605938303419862e-02,3.377402037845911309e-02,1.207679327042399109e-02,-1.431026396910795029e-02
1.559000000000000000e+08,-1.242286681876123566e-01,-9.725859268453262985e-02,7.877797711965683902e-02,-1.336664511273255584e-02,-5.248773301829601223e-03,-1.809488834818040459e-02
1.562000000000000000e+08,-1.539311619119274610e-01,-3.986410797830330921e-02,5.740593581995767636e-02,-5.629890103057988426e-02,-1.808464147421773305e-02,-5.725140040134135688e-03
1.565000000000000000e+08,-1.583429516903436252e-01,2.515285120248833550e-02,1.512999467746567461e-02,-7.940101969429846918e-02,-1.493697604725241490e-02,1.194748222247454805e-02
1.568000000000000000e+08,-1.362734325082897158e-01,8.709673522191252459e-02,-3.293153716624885874e-02,-7.422750155126323079e-02,1.652262883283128758e-03,1.924873557673478786e-02
1.571000000000000000e+08,-9.088625700340458025e-02,1.355608798882350641e-01,-6.960078928784696473e-02,-4.252295983122778011e-02,1.712638791602216770e-02,9.397723617517783623e-03
1.574000000000000000e+08,-2.928898287004244594e-02,1.621367444189907303e-01,-8.181052530781585119e-02,4.532753534487454772e-03,1.749114383525807170e-02,-9.181559232921188141e-03
1.577000000000000000e+08,3.852563389463625754e-02,1.618548935697319280e-01,-6.514363195111627647e-02,5.038203808756236413e-02,2.002729573007400177e-03,-1.985515097292278597e-02
1.580000000000000000e+08,1.012472862761200076e-01,1.341186135004797109e-01,-2.527535621612742034e-02,7.888538313105897259e-02,-1.560322377588363452e-02,-1.271331730696090290e-02
1.583000000000000000e+08,1.480981074952154586e-01,8.295429446132018825e-02,2.401786001250627578e-02,7.986282066906369437e-02,-1.934054763670189914e-02,6.060785240588728584e-03
1.586000000000000000e+08,1.706768677058931871e-01,1.649860680669945623e-02,6.553975748408902291e-02,5.260165623845836080e-02,-5.649303880744582784e-03,1.959389760846619311e-02
1.589000000000000000e+08,1.644867393093676355e-01,-5.423819106675864532e-02,8.452650686641050015e-02,6.225603795719791833e-03,1.329010805257269112e-02,1.563139210948349955e-02
1.592000000000000000e+08,1.298631124386702140e-01,-1.171663967227409842e-01,7.380038598849125719e-02,-4.324062131006201071e-02,2.051480237200564716e-02,-2.443265418669682276e-03
1.595000000000000000e+08,7.209881246635063690e-02,-1.611886580916817024e-01,3.650044129426532891e-02,-7.826497400321841269e-02,9.382047679267202511e-03,-1.859175748777630588e-02
1.598000000000000000e+08,6.927363359920946095e-04,-1.781942830945624223e-01,-1.466885079408086767e-02,-8.595933981236214549e-02,-1.041122171112363048e-02,-1.824603473346542160e-02
1.601000000000000000e+08,-7.219374904444464391e-02,-1.646055505571268895e-01,-6.163260265842041008e-02,-6.287553086419706005e-02,-2.114893350521640514e-02,-1.377070791079404444e-03
1.604000000000000000e+08,-1.338295052742495272e-01,-1.221627942755674212e-01,-8.729978764461066021e-02,-1.661433964510194983e-02,-1.288453045630433280e-02,1.704647649569324130e-02
1.607000000000000000e+08,-1.731880840422803658e-01,-5.776240846141433849e-02,-8.185762279504160688e-02,3.656053747180010305e-02,7.221762121588426453e-03,2.027024654578468699e-02
1.610000000000000000e+08,-1.829792216264252147e-01,1.766124411969371977e-02,-4.662372028725769724e-02,7.743466107734775505e-02,2.102545496066454689e-02,5.117880454790224576e-03
1.613000000000000000e+08,-1.610414611807016172e-01,9.102870105558480418e-02,6.127974012045456220e-03,9.086268153122745161e-02,1.589188343999126118e-02,-1.482570115761205898e-02
1.616000000000000000e+08,-1.108143633133380490e-01,1.494408416578210108e-01,5.744626352401382974e-02,7.146704208528120716e-02,-3.661217831123053656e-03,-2.149980070842616442e-02
1.619000000000000000e+08,-4.078613916134088413e-02,1.825015679924817391e-01,8.857058324993261067e-02,2.582121849378893330e-02,-2.002708265170838331e-02,-8.804858414634963992e-03
1.622000000000000000e+08,3.698623216092755683e-02,1.841994846749486214e-01,8.785488537250785157e-02,-2.976736474504093621e-02,-1.844273556963571536e-02,1.189874666894752409e-02
1.625000000000000000e+08,1.090072987629611134e-01,1.539978412624520843e-01,5.517053558435236482e-02,-7.511382779482289607e-02,-2.422427772188484596e-04,2.202833560497197141e-02
1.628000000000000000e+08,1.627265045578241143e-01,9.693840010906740190e-02,2.122217733088405112e-03,-9.353796435576100521e-02,1.832465630363344644e-02,1.239754938750081692e-02
1.631000000000000000e+08,1.887393682694380459e-01,2.275389813240735748e-02,-5.207507210111828044e-02,-7.806920433122854774e-02,2.053466125343561544e-02,-8.508773882510922704e-03
1.634000000000000000e+08,1.824178717265141358e-01,-5.583513489405333985e-02,-8.761513629046646656e-02,-3.414427920868945421e-02,4.202830872216622993e-03,-2.192903005861523980e-02
1.637000000000000000e+08,1.446968050414909612e-01,-1.253247663346144236e-01,-9.144586500005402740e-02,2.229409989514863355e-02,-1.607943842927284095e-02,-1.561113264051527949e-02
1.640000000000000000e+08,8.189921932050481246e-02,-1.737442368586528119e-01,-6.215589017853062614e-02,7.067108794699095142e-02,-2.192549921404918223e-02,4.888467580073552199e-03
1.643000000000000000e+08,4.650223424334853917e-03,-1.926917796183289511e-01,-1.048960680732591300e-02,9.342764895978916684e-02,-7.956616547929229455e-03,2.102689781168010086e-02
1.646000000000000000e+08,-7.392406107291549233e-02,-1.787568410076829650e-01,4.472351494759152502e-02,8.249464447436594128e-02,1.318148968934451659e-02,1.820074189059539549e-02
1.649000000000000000e+08,-1.404072575036110493e-01,-1.341043284740948138e-01,8.360430498404980426e-02,4.211151332279428061e-02,2.243328220230011993e-02,-9.638035740380246352e-04
1.652000000000000000e+08,-1.833509048339152514e-01,-6.613334679569504715e-02,9.246036254251066566e-02,-1.298137697592949280e-02,1.158888406119729098e-02,-1.922603431826530596e-02
1.655000000000000000e+08,-1.952154638015315413e-01,1.373243983263705559e-02,6.851498410517820048e-02,-6.309666109100930953e-02,-9.616475407241864559e-03,-2.031282096152153827e-02
1.658000000000000000e+08,-1.736795582242507407e-01,9.193201161627939655e-02,2.056072594901081629e-02,-9.067077096861453356e-02,-2.230169736427001226e-02,-3.227549271343832515e-03
1.661000000000000000e+08,-1.220976517085858859e-01,1.550345718705727904e-01,-3.441932222263233143e-02,-8.627843958603875762e-02,-1.505335043090383351e-02,1.687745438124466091e-02
1.664000000000000000e+08,-4.901469322255991301e-02,1.920246752165581938e-01,-7.724927150631799577e-02,-5.164051978740502591e-02,5.823121615549098351e-03,2.193362014135402660e-02
1.667000000000000000e+08,3.320680770546857730e-02,1.962275169066529656e-01,-9.306925075799199476e-02,1.160127491182549875e-03,2.157305396414699317e-02,7.202416613083073571e-03
1.670000000000000000e+08,1.104450031212849126e-01,1.665395662159241397e-01,-7.628550733456052058e-02,5.382243178790702132e-02,1.787550892161959837e-02,-1.407601855088813636e-02
1.673000000000000000e+08,1.692351508026632700e-01,1.077291313193171618e-01,-3.247773583191815305e-02,8.795984718793903312e-02,-1.918125731393161004e-03,-2.264336570353719935e-02
1.676000000000000000e+08,1.991373750633869122e-01,2.971861628883942785e-02,2.332370482200474271e-02,9.133093937209224578e-02,-1.990699227049219644e-02,-1.087097594750474627e-02
1.679000000000000000e+08,1.946340036093801018e-01,-5.406428805935803439e-02,7.155743081501952929e-02,6.221229024092878035e-02,-2.004356735791645860e-02,1.055712397756281007e-02
1.682000000000000000e+08,1.561964025057420713e-01,-1.290046775421203051e-01,9.482886951086300087e-02,1.037795870756497152e-02,-2.316612033254727976e-03,2.254519614616867784e-02
1.685000000000000000e+08,9.029683779728259196e-02,-1.818871916583120196e-01,8.423348647916384380e-02,-4.592639050985525273e-02,1.753198919377041420e-02,1.444820245478695142e-02
1.688000000000000000e+08,8.330709740206998504e-03,-2.032808199267037708e-01,4.298135609363384901e-02,-8.629890118839256274e-02,2.181059470429147495e-02,-6.654844012452088009e-03
1.691000000000000000e+08,-7.537692443571586409e-02,-1.892715021059458991e-01,-1.431643185529196671e-02,-9.570244462457111467e-02,6.485150211503309947e-03,-2.195378260964275796e-02
1.694000000000000000e+08,-1.461235106889944291e-01,-1.422055629676037825e-01,-6.679559083951858156e-02,-7.032061162936997789e-02,-1.482060254984673975e-02,-1.753007652801841232e-02
1.697000000000000000e+08,-1.914670176232959875e-01,-7.029328152790981221e-02,-9.513396353290204388e-02,-1.925856927256575091e-02,-2.281132274127628534e-02,2.768468955764546990e-03
1.700000000000000000e+08,-2.034562521024696480e-01,1.385774457180843910e-02,-8.891204051846557377e-02,3.878643714868701409e-02,-1.021085285492517869e-02,2.056805302257203039e-02
