taper_ns,frequency_Hz,reflected_real,reflected_imag
0,20000000.0,-0.014328312043054514,0.010310257191320726
0,20300000.0,0.002023655644624034,0.025430867358195997
0,20600000.0,0.020146783623687048,0.011429233234440339
0,20900000.0,0.009571237432425495,-0.006559806734885543
0,21200000.0,-0.006611992207516265,0.003409072501985966
0,21500000.0,0.004850123239869442,0.020270024832507394
0,21800000.0,0.024938552594341856,0.00949238124839935
0,22100000.0,0.01790086036130778,-0.012116822287852047
0,22400000.0,-0.0018327807514103567,-0.007799096561429497
0,22700000.0,0.0032442644324213177,0.010394971760989247
0,23000000.0,0.023386901442950636,0.004326788755844024
0,23300000.0,0.019848441095055902,-0.018611860072808906
0,23600000.0,-0.00249061371551762,-0.019204689559614435
0,23900000.0,-0.004225152563136936,0.0002383297235043491
0,24200000.0,0.014797727705070152,0.000343392648408436
0,24500000.0,0.015287892998592234,-0.021418863976657043
0,24800000.0,-0.007737281305744803,-0.025892736556102636
0,25100000.0,-0.015478160994497392,-0.0055409582191203455
0,25400000.0,0.002084548722444568,0.0014800469571774055
0,25700000.0,0.007572132913147955,-0.017150701588895867
0,26000000.0,-0.013579043715725714,-0.024837606519371613
0,26300000.0,-0.02566432570136834,-0.004692149466155482
0,26600000.0,-0.009473457914237704,0.008745607679983891
0,26900000.0,0.0018438226810311709,-0.005861150153558814
0,27200000.0,-0.014980325809327066,-0.016783334339987577
0,27500000.0,-0.029633894306061337,0.0011648809281691597
0,27800000.0,-0.014969353956311604,0.019262812325755996
0,28100000.0,0.0021507996498975057,0.008535156086936446
0,28400000.0,-0.008804689197849158,-0.006123484057247053
0,28700000.0,-0.024852715624475354,0.007219881699685793
0,29000000.0,-0.012637590533417953,0.02752233490921896
0,29300000.0,0.008956005720111015,0.02004766420881854
0,29600000.0,0.0040655234725525125,0.0013323197427046463
0,29900000.0,-0.013092821334340393,0.008086519708019817
0,30200000.0,-0.00503993116806023,0.028317441446476688
0,30500000.0,0.018539376761833815,0.02376104083566788
0,30800000.0,0.018753255954674475,0.0015853027342407344
0,31100000.0,0.00019734336427701393,0.000985554956078341
0,31400000.0,0.0021557267794005686,0.019793178008833137
0,31700000.0,0.024805433552779865,0.018640223205173667
0,32000000.0,0.028732840322829634,-0.005127735091001728
0,32300000.0,0.00867454216387914,-0.012316580496043172
0,32600000.0,0.0032881094785764953,0.004844258674559489
0,32900000.0,0.022644811051098612,0.008337567802648715
0,33200000.0,0.029335001662397553,-0.014184272171031687
0,33500000.0,0.008598830972599614,-0.02604805259394488
0,33800000.0,-0.003951824554431438,-0.010085798735377793
0,34100000.0,0.011023509022026978,-0.000618802154747744
0,34400000.0,0.020480903359038405,-0.018964206835417885
0,34700000.0,0.0010858106694053848,-0.033340006575766745
0,35000000.0,-0.01686393387852425,-0.018317883105240462
0,35300000.0,-0.006010332834416987,-0.0024057943271869053
0,35600000.0,0.007014120216905617,-0.014587056426073497
0,35900000.0,-0.008274234032875083,-0.03001094382213254
0,36200000.0,-0.028857099358566507,-0.01661885577876604
0,36500000.0,-0.021143520144850658,0.004679054497725099
0,36800000.0,-0.0037339125115813943,-0.0009407105856382714
0,37100000.0,-0.012397056845054988,-0.01711869580772829
0,37400000.0,-0.032904471679199944,-0.007169860515839149
0,37700000.0,-0.027605763817109885,0.01694312790533825
0,38000000.0,-0.00594291648007772,0.016794514053199094
0,38300000.0,-0.006751607041297153,-0.0007308436519402051
0,38600000.0,-0.025520194807224943,0.003419235006077853
0,38900000.0,-0.02293322387103891,0.027045022966817434
0,39200000.0,0.0013146796702849795,0.030606996723791635
0,39500000.0,0.007777103093731287,0.011145481420980374
0,39800000.0,-0.009017900051135619,0.007678123488764732
0,40100000.0,-0.010541156954547715,0.027965258821172505
0,40400000.0,0.0132808799444597,0.0339007937406155
0,40700000.0,0.024929857575243575,0.012911550056698307
0,41000000.0,0.009353385837824524,0.0015528935361615592
0,41300000.0,0.001926909392282683,0.017078168085896024
0,41600000.0,0.021923590519643987,0.025229422854672112
0,41900000.0,0.03618876521397335,0.004610986300667808
0,42200000.0,0.021106746639456803,-0.01300587751997806
0,42500000.0,0.006730969349919236,-0.001991636203235232
0,42800000.0,0.020375624425738037,0.009365355749885396
0,43100000.0,0.035390770656389625,-0.007853426563742882
0,43400000.0,0.021126705423973144,-0.028724424461424314
0,43700000.0,0.0004463900329441106,-0.02092503210453763
0,44000000.0,0.006996349539291513,-0.005059923190195603
0,44300000.0,0.02231367084016611,-0.01581844381966735
0,44600000.0,0.010635672886412727,-0.036768925243420236
0,44900000.0,-0.013833634988794086,-0.031003623936012206
0,45200000.0,-0.0132771115772643,-0.01020669122960327
0,45500000.0,0.0031435084743125508,-0.012704607087155928
0,45800000.0,-0.003251581220540478,-0.03163867701548595
0,46100000.0,-0.027881379883868934,-0.02787703958325577
0,46400000.0,-0.031217390447357385,-0.0034656720780254224
0,46700000.0,-0.012618682728637642,0.0020445105990081203
0,47000000.0,-0.011318543588225316,-0.014483899059455796
0,47300000.0,-0.03272162023180192,-0.014139673952131782
0,47600000.0,-0.03815002862992012,0.010835889458791784
0,47900000.0,-0.017261188590232734,0.022212506817149924
0,48200000.0,-0.00741722092667646,0.007115690217615489
0,48500000.0,-0.023705465867863602,0.0018512940001073064
0,48800000.0,-0.030762854071740398,0.023569396017690453
0,49100000.0,-0.009207309451585655,0.03785184947352527
0,49400000.0,0.007832624972287316,0.0229801423410656
0,49700000.0,-0.003440374787166703,0.010443447473770573
0,50000000.0,-0.013173063701612642,0.025775219585420492
0,50300000.0,0.005882659628126952,0.040606714115535514
0,50600000.0,0.026982652431831622,0.025801576434526075
0,50900000.0,0.019191861528896167,0.0060899482140969186
0,51200000.0,0.005049263837891171,0.013807860124998877
0,51500000.0,0.018033468160129074,0.028439915474487654
0,51800000.0,0.039556627572860714,0.01526842486794533
0,52100000.0,0.03358101725780255,-0.00931279195093504
0,52400000.0,0.013989159885193392,-0.008237933124485786
0,52700000.0,0.018450612042516967,0.007077114587543953
0,53000000.0,0.037768400841126315,-0.0015376944403433512
0,53300000.0,0.03312514847208736,-0.027130749516244057
0,53600000.0,0.008907040058291849,-0.03032490425456652
0,53900000.0,0.0046185718864788505,-0.01280283065198129
0,54200000.0,0.021037048762403865,-0.013868380572646943
0,54500000.0,0.01900027712955099,-0.0365390726305721
0,54800000.0,-0.006908594044463534,-0.04169492722565632
0,55100000.0,-0.01788760605937756,-0.021257449756383884
0,55400000.0,-0.0032943174679338494,-0.013253771785531221
0,55700000.0,-0.00023796978736978502,-0.030536381884960218
0,56000000.0,-0.02367874515315338,-0.03675165640514744
0,56300000.0,-0.03805340456932582,-0.0145952969873277
0,56600000.0,-0.023618326174217552,0.0015720611616821811
0,56900000.0,-0.013182441690955504,-0.010117329561631028
0,57200000.0,-0.030395907081782636,-0.018342460950016348
0,57500000.0,-0.04526122987666026,0.0023786404377044157
0,57800000.0,-0.030253691575595765,0.023577606268319284
0,58100000.0,-0.01187544433512877,0.015822760015825388
0,58400000.0,-0.021023274364887046,0.0035101846158369643
0,58700000.0,-0.03518927742292499,0.018783499777058676
0,59000000.0,-0.020817929616408826,0.04095805509580763
0,59300000.0,0.0035708665965559216,0.034991990477100554
0,59600000.0,0.0018047896728184964,0.016913361324083498
0,59900000.0,-0.01247709765174465,0.023590170653474907
0,60200000.0,-0.0017480142782460018,0.043507207197179376
0,60500000.0,0.024693738833182932,0.038291892523444115
0,60800000.0,0.027765218892153942,0.01464848196567825
0,61100000.0,0.011469446244253112,0.011882689030679017
0,61400000.0,0.01503676160649925,0.028395345451346143
0,61700000.0,0.03907842280653662,0.024904613132381348
0,62000000.0,0.044166224834710444,-0.0016496418019356085
0,62300000.0,0.024510580006171512,-0.012039463152494823
0,62600000.0,0.018658959954718224,0.002098582028896012
0,62900000.0,0.03716985416609808,0.0029806054880550104
0,63200000.0,0.04281834941430651,-0.02210852138246233
0,63500000.0,0.02043277307527014,-0.036586777198620135
0,63800000.0,0.005473674524584693,-0.022757202571328072
0,64100000.0,0.017788241073676048,-0.014628261704629386
0,64400000.0,0.024689768051337047,-0.03387352556244472
0,64700000.0,0.0025489175697979705,-0.04896549244488435
0,65000000.0,-0.018548146506969343,-0.034083850459595944
0,65300000.0,-0.010785508627831453,-0.017400113265302775
0,65600000.0,-0.00033344445298166825,-0.028248600068215612
0,65900000.0,-0.017883860541118346,-0.04219707083510049
0,66200000.0,-0.04072604377736788,-0.02696404684426157
0,66500000.0,-0.034938294336410713,-0.003121298141837814
0,66800000.0,-0.01863400665659265,-0.005806990004671775
0,67100000.0,-0.027739233348435866,-0.01919724287692781
0,67400000.0,-0.04845134812373053,-0.0065376608520734125
0,67700000.0,-0.04297219744472813,0.02056289583251325
0,68000000.0,-0.02029250126292803,0.0234603554681303
0,68300000.0,-0.01936679358928406,0.008467742921161037
0,68600000.0,-0.036212028502166205,0.01459996396028218
0,68900000.0,-0.03155784921150051,0.04005487942362329
0,69200000.0,-0.004704569450164842,0.0452336242815754
0,69500000.0,0.004843680578142773,0.026652728599036113
0,69800000.0,-0.008957499736655716,0.023233966435229236
0,70100000.0,-0.007779130724824057,0.043192615520688316
0,70400000.0,0.01880508732908126,0.04855604402479807
0,70700000.0,0.033327704842975425,0.026331528536569504
0,71000000.0,0.020204631860333222,0.012941930288928871
0,71300000.0,0.014520730353889788,0.02612972310102668
0,71600000.0,0.035889418774980975,0.03194896423502103
0,71900000.0,0.05136014729364424,0.00870052812115607
0,72200000.0,0.0369046743244511,-0.012026935673625339
0,72500000.0,0.022255261914695512,-0.004141862114756423
0,72800000.0,0.03506695882197719,0.004499048972423703
0,73100000.0,0.04905931193343216,-0.015235625256807106
0,73400000.0,0.03333166150521499,-0.03869060073658792
0,73700000.0,0.010424251755984826,-0.03318694268651323
0,74000000.0,0.014302843353801276,-0.01885696671793724
0,74300000.0,0.027004182561997103,-0.030549630724799215
0,74600000.0,0.012670705800826576,-0.052216406360638734
0,74900000.0,-0.01482573869253212,-0.046762470530749445
0,75200000.0,-0.017425709534342637,-0.02542508162121937
0,75500000.0,-0.0037353273701801193,-0.026656460999475273
0,75800000.0,-0.012415154962341357,-0.044091416442282094
0,76100000.0,-0.03925441075102731,-0.03860183235967929
0,76400000.0,-0.04462445100683299,-0.011841879599809868
0,76700000.0,-0.027358233651977315,-0.0034390717082295463
0,77000000.0,-0.026605719516036852,-0.01708582052911045
0,77300000.0,-0.048200126645775165,-0.01403788138447637
0,77600000.0,-0.053548816371857266,0.013809617526725715
0,77900000.0,-0.031876466018194716,0.02824342428673199
0,78200000.0,-0.020426595425155458,0.01585305199716025
0,78500000.0,-0.03476029451397317,0.012674696418101705
0,78800000.0,-0.03978301719473665,0.036188229365309965
0,79100000.0,-0.01579477494324899,0.05213493189202101
0,79400000.0,0.00423641145333975,0.03836146152612119
0,79700000.0,-0.00395242209770813,0.026047491953245183
0,80000000.0,-0.010910281796779553,0.041059334398462655
0,80300000.0,0.010833266437176414,0.055352387812523274
0,80600000.0,0.03477008072319887,0.039508696521000974
0,80900000.0,0.029584647969070565,0.017945565882006465
0,81200000.0,0.017356379975222436,0.023321556158830692
0,81500000.0,0.03172814063976981,0.03558656302166319
0,81800000.0,0.05445772133702287,0.019899501318937585
0,82100000.0,0.049281791547205245,-0.007663079935234407
0,82400000.0,0.029636857816247808,-0.009772426775360943
0,82700000.0,0.03332418234448353,0.0026954880795220237
0,83000000.0,0.05160763702945659,-0.008430307683659155
0,83300000.0,0.045631712981671346,-0.03654693635628181
0,83600000.0,0.019388291082677034,-0.042139771360135914
0,83900000.0,0.012473685988727445,-0.026362103014618166
0,84200000.0,0.026202777396295174,-0.02844698877492169
0,84500000.0,0.02154584346323002,-0.05181756750545086
0,84800000.0,-0.007258877406335074,-0.057392956850637944
0,85100000.0,-0.02139742804331668,-0.036646387374360545
0,85400000.0,-0.009688076894422415,-0.027497612193252197
0,85700000.0,-0.0089920937038932,-0.04325789730439622
0,86000000.0,-0.03459295770828194,-0.04779886922711829
0,86300000.0,-0.051046277538885354,-0.02348028429122473
0,86600000.0,-0.03815176264005227,-0.004519688418214818
0,86900000.0,-0.028419503752168063,-0.013252216067829004
0,87200000.0,-0.04582582617326969,-0.018728815500081097
0,87500000.0,-0.06065406459281586,0.004767893121151667
0,87800000.0,-0.045066196390991076,0.02897827452205104
0,88100000.0,-0.025258254013001857,0.024068566914891232
0,88400000.0,-0.03245131846676794,0.013988646841462504
0,88700000.0,-0.04456820403540929,0.03105318465446305
0,89000000.0,-0.02789915266339371,0.05488922687772524
0,89300000.0,-0.0006571758508965297,0.050192290724565325
0,89600000.0,0.0007051315197542651,0.03254430997908875
0,89900000.0,-0.010695956090643777,0.03895058080896385
0,90200000.0,0.002689816751205276,0.05832513077012158
0,90500000.0,0.03189563381063687,0.05221507323496155
0,90800000.0,0.037667116381851745,0.026925059137029805
0,91100000.0,0.023475719160035796,0.02186502522336009
0,91400000.0,0.02849447839849517,0.03595466576095241
0,91700000.0,0.053719676373367276,0.0300083864525571
0,92000000.0,0.05971790612169592,0.0006186562113299487
0,92300000.0,0.04023531678192504,-0.01294955356373828
0,92600000.0,0.03372190786523793,-0.0017925738585766737
0,92900000.0,0.051179685815009535,-0.003469833696115643
0,93200000.0,0.05556542427610084,-0.031016372914298262
0,93500000.0,0.03135130804123474,-0.047931871371382995
0,93800000.0,0.013868935911239944,-0.03604261593047409
0,94100000.0,0.023432187647798752,-0.02906938549006277
0,94400000.0,0.027694205713583664,-0.04900629269617962
0,94700000.0,0.002774256851640282,-0.06456478296527646
0,95000000.0,-0.021426882283590576,-0.04957956213202519
0,95300000.0,-0.016672702814120477,-0.031921194348469406
0,95600000.0,-0.008702534482600499,-0.04124859188947205
0,95900000.0,-0.02838825796707249,-0.05352475457384376
0,96200000.0,-0.05329974362257041,-0.03628140580076922
0,96500000.0,-0.04921776534023958,-0.009790662183184473
0,96800000.0,-0.0338100580973541,-0.009485042928062182
0,97100000.0,-0.043145649975500605,-0.020043950486725137
0,97400000.0,-0.06382008402145146,-0.004664556887783888
0,97700000.0,-0.05791282735460801,0.025361848164137335
0,98000000.0,-0.03400833573048917,0.031189210560823355
0,98300000.0,-0.03117559962963254,0.018599096855040465
0,98600000.0,-0.045929917389592345,0.02656416871077738
0,98900000.0,-0.039059219818099566,0.053648625794941784
0,99200000.0,-0.009511226357519498,0.06020605553540381
0,99500000.0,0.0031513901515196757,0.04227354772828118
0,99800000.0,-0.007653910192466057,0.0386849378657792
0,100100000.0,-0.0037967360686851914,0.058083291921924296
0,100400000.0,0.025468366393113173,0.0626337958098917
0,100700000.0,0.04272165495865178,0.03896626014102189
0,101000000.0,0.031884823934219986,0.023386380944811158
0,101300000.0,0.027767663965826393,0.03410001346034042
0,101600000.0,0.050299560035364094,0.037466796286508064
0,101900000.0,0.06672834882596243,0.01151786542560096
0,102200000.0,0.052650014683960134,-0.012323420595709678
0,102500000.0,0.037500615969702625,-0.007529857928072037
0,102800000.0,0.049258848385002024,-0.0015451103195522897
0,103100000.0,0.06200295030086671,-0.023691619377843587
0,103400000.0,0.044611763282734584,-0.049566076456167174
0,103700000.0,0.019330935071145527,-0.04615973758492942
0,104000000.0,0.0204315922407,-0.03316132660291338
0,104300000.0,0.030431458318881735,-0.0455689662478993
0,104600000.0,0.01339728204917745,-0.0677016691096588
0,104900000.0,-0.017105502595700706,-0.062300755089437665
0,105200000.0,-0.022788380284196996,-0.04019025717835678
0,105500000.0,-0.011729147470658723,-0.03994546605388205
0,105800000.0,-0.02256314108843227,-0.055677103052641286
0,106100000.0,-0.05142897919524275,-0.0482758752907424
0,106400000.0,-0.058610314945777855,-0.019036234054357504
0,106700000.0,-0.04244722414068389,-0.0076626817593830054
0,107000000.0,-0.04201159821596401,-0.01838030556275827
0,107300000.0,-0.06354832543538413,-0.012615003936642832
0,107600000.0,-0.06855864348069787,0.018058790705616445
0,107900000.0,-0.04586816134357109,0.03544457090318076
0,108200000.0,-0.03261339838399546,0.025623387818011878
0,108500000.0,-0.044812958489361954,0.024371071850977533
0,108800000.0,-0.047641445448496245,0.049480031601081276
0,109100000.0,-0.021108939844313696,0.06685080015031364
0,109400000.0,0.001964491859351436,0.05392507514999778
0,109700000.0,-0.0031311744548447873,0.04159149205999846
0,110000000.0,-0.007337029599642553,0.056038122911982846
0,110300000.0,0.017021509130489165,0.06954156219737495
0,110600000.0,0.04366203116675482,0.052429105454410596
0,110900000.0,0.0409099668705315,0.028827095041814133
0,111200000.0,0.030405535393139838,0.03170764112894764
0,111500000.0,0.04594781486004773,0.041476415251728405
0,111800000.0,0.06963206046837456,0.023187312348352584
0,112100000.0,0.06499071269490553,-0.007380702394711225
0,112400000.0,0.045040625721812666,-0.012646177238642586
0,112700000.0,0.047713622698413394,-0.0029633576297820596
0,113000000.0,0.06472527428866182,-0.016497192065337618
0,113300000.0,0.05719827702700153,-0.04697896425651349
0,113600000.0,0.028756397705789083,-0.05476865097670425
0,113900000.0,0.019088673733993367,-0.04051565335103113
0,114200000.0,0.03003374393659164,-0.04338571618940046
0,114500000.0,0.02270100393999197,-0.06719734597406246
0,114800000.0,-0.008995563805111129,-0.07291988086943268
0,115100000.0,-0.026230742679846486,-0.05160633242530599
0,115400000.0,-0.01730370303485962,-0.04107861398996082
0,115700000.0,-0.018832557479438794,-0.05509728511343992
0,116000000.0,-0.046411152314869586,-0.05776471906265623
0,116300000.0,-0.06471683947185303,-0.031129191648495258
0,116600000.0,-0.05311739647787139,-0.009275286345915124
0,116900000.0,-0.04383812330303416,-0.014992972795388582
0,117200000.0,-0.06117461697821103,-0.017701138560524576
0,117500000.0,-0.07569324214839401,0.008536870480200243
0,117800000.0,-0.05926701188854211,0.035663193356417544
0,118100000.0,-0.03780385032402167,0.033459119941495086
0,118400000.0,-0.04284404031971212,0.025442572193375312
0,118700000.0,-0.05273818224375293,0.044092630742052386
0,119000000.0,-0.03364039824388376,0.06934448135301752
0,119300000.0,-0.0034729990635002927,0.06565064686569322
0,119600000.0,0.0010385232125202926,0.04816820333213334
0,119900000.0,-0.0075010025392505675,0.05403983877259533
0,120200000.0,0.008474135228045743,0.07260554546809095
0,120500000.0,0.04031773229528701,0.06534931239518471
0,120800000.0,0.0486150373349572,0.03819860904845518
0,121100000.0,0.03632557594219321,0.030669481727730208
0,121400000.0,0.04256714801492545,0.04219309794402415
0,121700000.0,0.06871517423757334,0.03368952063207642
0,122000000.0,0.07534351146528584,0.001421664849758919
0,122300000.0,0.05575803926822642,-0.01530911572980953
0,122600000.0,0.04831961802091045,-0.007073266118589938
0,122900000.0,0.06446926827946009,-0.011207010436457221
0,123200000.0,0.06735446017654678,-0.04105494183242753
0,123500000.0,0.04111348889736788,-0.06020282465892457
0,123800000.0,0.020958027237593102,-0.050020766390521665
0,124100000.0,0.027661008652813956,-0.0439526141532669
0,124400000.0,0.029216197112208908,-0.06430900126854189
0,124700000.0,0.001506614025972297,-0.08004592818657086
0,125000000.0,-0.025746999227907574,-0.06467552840015456
0,125300000.0,-0.023900877185007108,-0.04578290857932599
0,125600000.0,-0.018272813952639133,-0.05334963932915793
0,125900000.0,-0.03990866120612857,-0.06373597428259137
0,126200000.0,-0.06665808705417886,-0.04430502599892172
0,126500000.0,-0.0640221806940533,-0.015043510597913201
0,126800000.0,-0.049240410686463676,-0.011673722836824219
0,127100000.0,-0.05852578989982926,-0.01937248234869804
0,127400000.0,-0.07887291301619492,-0.0012977619315459599
0,127700000.0,-0.07225656565869398,0.03156787946520634
0,128000000.0,-0.04687483861898589,0.04018597004590019
0,128300000.0,-0.04191424176467673,0.02982147143068703
0,128600000.0,-0.054386090704488854,0.03940553446188577
0,128900000.0,-0.045148334670684465,0.06786560807489028
0,129200000.0,-0.01281240372809811,0.07552071065169885
0,129500000.0,0.0030002985070471944,0.05794928836347113
0,129800000.0,-0.004821482501841778,0.05390476284740986
0,130100000.0,0.0016522423677909348,0.07245721941728878
0,130400000.0,0.03347707737352201,0.07592124617065199
0,130700000.0,0.05328576396924367,0.05056999729721712
0,131000000.0,0.044522711301056894,0.03260070569459028
0,131300000.0,0.041730665624544194,0.04067911775645072
0,131600000.0,0.06515283923948201,0.041475154001126224
0,131900000.0,0.08224323091555918,0.012765099716677497
0,132200000.0,0.06824279937735689,-0.014188109508602942
0,132500000.0,0.052305111173384766,-0.012431425776891603
0,132800000.0,0.06273314028010346,-0.009000780521510876
0,133100000.0,0.07396963971041837,-0.03340365497739617
0,133400000.0,0.054691383407663,-0.06148939826834843
0,133700000.0,0.02686270396121415,-0.059935382551467464
0,134000000.0,0.02505822291048121,-0.048000928356218164
0,134300000.0,0.03227537179366369,-0.0608348755548187
0,134600000.0,0.012515805036801275,-0.08312756879916261
0,134900000.0,-0.020953506003709155,-0.07747436376414862
0,135200000.0,-0.029622667140625225,-0.05430415277321332
0,135500000.0,-0.021051833445377977,-0.052319553799080154
0,135800000.0,-0.03385043881209615,-0.06610896362607122
0,136100000.0,-0.06450504634744636,-0.05659563018391811
0,136400000.0,-0.07322443658373201,-0.024729871516627755
0,136700000.0,-0.05787385029138026,-0.01029464384146328
0,137000000.0,-0.05745394499701062,-0.01804261857288969
0,137300000.0,-0.07862328514423966,-0.009574453541498329
0,137600000.0,-0.08299042139002477,0.023847577042572787
0,137900000.0,-0.05900168508909953,0.044048074126220804
0,138200000.0,-0.0436954049386622,0.03661316465648401
0,138500000.0,-0.05354777790689047,0.03706386630939651
0,138800000.0,-0.054010580624010984,0.06350406309973455
0,139100000.0,-0.02481907254966531,0.08200253150729497
0,139400000.0,0.0013494887494589491,0.06961515823057907
0,139700000.0,-0.0006555809727624151,0.05695183747710075
0,140000000.0,-0.002165832133582679,0.0705250724497899
0,140300000.0,0.024691003009196244,0.08294142110214531
0,140600000.0,0.05385941885784584,0.06429214892601287
0,140900000.0,0.05331960968592142,0.03842553078919608
0,141200000.0,0.04428391174894175,0.038627947056447454
0,141500000.0,0.06070932126492634,0.04576355517754438
0,141800000.0,0.08503427899755689,0.024793301500428022
0,142100000.0,0.08060475199336681,-0.00879355905786472
0,142400000.0,0.06003457804281087,-0.0171684081207355
0,142700000.0,0.06139148831930852,-0.010170622043203625
0,143000000.0,0.07684784323105642,-0.02595688184155409
0,143300000.0,0.06751996236603475,-0.05859190577025508
0,143600000.0,0.03667888157385635,-0.06832239361359482
0,143900000.0,0.024109378188650332,-0.05530933946462313
0,144200000.0,0.03217267680576619,-0.05865726397363846
0,144500000.0,0.022124555497728515,-0.082584026961394
0,144800000.0,-0.012436524782057923,-0.08812386301773967
0,145100000.0,-0.032677424352716145,-0.06592852406372507
0,145400000.0,-0.026388454750182255,-0.05373119371952484
0,145700000.0,-0.029947715059772673,-0.06574488475708673
0,146000000.0,-0.059258753606327375,-0.06631358970045476
0,146300000.0,-0.07913009139857952,-0.037189742801845505
0,146600000.0,-0.06851504428092792,-0.01233089950242472
0,146900000.0,-0.05936512335100863,-0.014978760324373175
0,147200000.0,-0.07629940461588447,-0.014921946461733615
0,147500000.0,-0.0901782768275412,0.013988100507089651
0,147800000.0,-0.07260472934693318,0.04389619844081283
0,148100000.0,-0.04921140820795111,0.04421018293923229
0,148400000.0,-0.05186095151410175,0.038024567289369315
0,148700000.0,-0.05933795666940256,0.05798429129838811
0,149000000.0,-0.03767404363000049,0.084339514312334
0,149300000.0,-0.004509191198484697,0.08131702506291405
0,149600000.0,0.0031613514990627145,0.06366435854110253
0,149900000.0,-0.002565803924202914,0.06866782628600476
0,150200000.0,0.015886509587688113,0.0861011557281961
0,150500000.0,0.050191963499645276,0.07740203685920655
0,150800000.0,0.06078634164917229,0.04813622973809051
0,151100000.0,0.050130170761503834,0.03793059442215707
0,151400000.0,0.05729117947357132,0.04673018632843462
0,151700000.0,0.08402918998330389,0.03557052991094034
0,152000000.0,0.09094067522374694,0.00039441336108514413
0,152300000.0,0.0709093857159484,-0.019462258787684372
0,152600000.0,0.06221647051275747,-0.014050992047733413
0,152900000.0,0.0767477493160702,-0.02048549587845927
0,153200000.0,0.07785469332024286,-0.05241905082657694
0,153500000.0,0.049358039845981416,-0.07353269127731032
0,153800000.0,0.0263565848737346,-0.06475595794217126
0,154100000.0,0.03008241626075403,-0.05926542424259784
0,154400000.0,0.02887495981316368,-0.07969348914013996
0,154700000.0,-0.0016103868505754626,-0.09525328471913252
0,155000000.0,-0.03183294692972982,-0.07915337359005459
0,155300000.0,-0.03275063128808986,-0.05870629463638799
0,155600000.0,-0.029265464308546374,-0.06422165478441721
0,155900000.0,-0.052598049729745355,-0.0724662586149043
0,156200000.0,-0.08088508343655709,-0.05064978024076727
0,156500000.0,-0.07936434977565554,-0.01848279346174675
0,156800000.0,-0.06486101087017104,-0.011976781747661258
0,157100000.0,-0.0737388978046205,-0.016806267854861723
0,157400000.0,-0.0934015105663577,0.003904023060917805
0,157700000.0,-0.08573686813496506,0.039478905700357614
0,158000000.0,-0.058572377503125495,0.05069673356637272
0,158300000.0,-0.051218477565030174,0.04231614567138109
0,158600000.0,-0.06118820580656248,0.05323077111217239
0,158900000.0,-0.04942176567767831,0.0827372039933737
0,159200000.0,-0.014204776444854073,0.09113538172779023
0,159500000.0,0.004782589315521335,0.07356231031214155
0,159800000.0,-9.601803826964073e-05,0.0687006284072883
0,160100000.0,0.008887126222248298,0.08605539818701832
0,160400000.0,0.043096182934462934,0.08810594053794812
0,160700000.0,0.06522472606347218,0.06078581809560846
0,161000000.0,0.05825339096989346,0.04019213970539354
0,161300000.0,0.05646603122218741,0.04545373717717979
0,161600000.0,0.08042546595884081,0.04355895532887777
0,161900000.0,0.09780540812554595,0.012039368412212537
0,162200000.0,0.08351060960491985,-0.018001184827392325
0,162500000.0,0.06642506647832569,-0.019189958639362528
0,162800000.0,0.07518336762700795,-0.01815804938878443
0,163100000.0,0.08460476411093021,-0.04459768549097315
0,163400000.0,0.06318062678917702,-0.07461785509048631
0,163700000.0,0.0326043641490914,-0.07459713997470813
0,164000000.0,0.027756150115278544,-0.06337790359011322
0,164300000.0,0.03211683501491791,-0.07626679107630316
0,164600000.0,0.009631052172659693,-0.09833683847888314
0,164900000.0,-0.02673020642655688,-0.09205608166825283
0,165200000.0,-0.03824284024326863,-0.06747414027467827
0,165500000.0,-0.03195683761800483,-0.0634289868457717
0,165800000.0,-0.04645824388804076,-0.07499538212825696
0,166100000.0,-0.0785874899569885,-0.06314364409650991
0,166400000.0,-0.08849357430450278,-0.028491723831314986
0,166700000.0,-0.07358294859875558,-0.010903200610454092
0,167000000.0,-0.07279464878466513,-0.015658075214429773
0,167300000.0,-0.0932105731840327,-0.004536294720894007
0,167600000.0,-0.09656351792741358,0.03150924049475545
0,167900000.0,-0.07093826237206757,0.054331218586882696
0,168200000.0,-0.05328461730137635,0.04903196849527078
0,168500000.0,-0.060542506785600914,0.05088409990110887
0,168800000.0,-0.05845197239646982,0.07830877521560697
0,169100000.0,-0.02648529578248482,0.09755694859617137
0,169400000.0,0.0028200223498697774,0.08531701491215168
0,169700000.0,0.0038757967102789337,0.07193292796595585
0,170000000.0,0.004959923152493495,0.08425058997038815
200,20000000.0,0.0010444937876111504,0.010310928517229812
200,20300000.0,0.0029929182558117717,0.010088362594705469
200,20600000.0,0.004895618596999857,0.009495157467887205
200,20900000.0,0.006680009411518112,0.008539314388716912
200,21200000.0,0.008274982184373503,0.0072459323630231776
200,21500000.0,0.009617285172178525,0.005654434530680819
200,21800000.0,0.01065246253394278,0.0038139811589779082
200,22100000.0,0.011333923475184193,0.0017830155535603076
200,22400000.0,0.011625644667232232,-0.0003698481097778039
200,22700000.0,0.011506201046712045,-0.002568684415916067
200,23000000.0,0.010969371176439507,-0.004734948091785984
200,23300000.0,0.01002291778405709,-0.00678962790465909
200,23600000.0,0.008689507578500316,-0.008654377039241323
200,23900000.0,0.007008114718282804,-0.010255395761950226
200,24200000.0,0.005031991027738408,-0.011528309548135551
200,24500000.0,0.002824801397114912,-0.012419856493234072
200,24800000.0,0.00045926602354823265,-0.012887656397091884
200,25100000.0,-0.0019826652823355106,-0.012902474979219924
200,25400000.0,-0.004412670215049153,-0.012452316554748988
200,25700000.0,-0.00674178766466782,-0.011543613826978216
200,26000000.0,-0.00888437105265788,-0.01019897760791344
200,26300000.0,-0.010759139333139989,-0.008455770052680167
200,26600000.0,-0.012291114040450413,-0.0063669267319268474
200,26900000.0,-0.013416039673044278,-0.004000589193346338
200,27200000.0,-0.014084172065609468,-0.00143672608512313
200,27500000.0,-0.014261437290500167,0.001236609495927965
200,27800000.0,-0.013930106589081392,0.0039254757600573065
200,28100000.0,-0.0130906134567369,0.006532579288802909
200,28400000.0,-0.011762605367726553,0.008961602304902283
200,28700000.0,-0.009983730104802746,0.011121382628427212
200,29000000.0,-0.007807977538290545,0.012928368676392465
200,29300000.0,-0.005305102941798034,0.014309072947410795
200,29600000.0,-0.0025593195109445133,0.015204035915872383
200,29900000.0,0.0003344927375080742,0.015571376205500864
200,30200000.0,0.003275284240379983,0.015387793852888021
200,30500000.0,0.006158698336599766,0.014648426809668713
200,30800000.0,0.008879382407980474,0.013367881896643952
200,31100000.0,0.011335068762075906,0.011581513241852415
200,31400000.0,0.013431717968645007,0.009344492592483822
200,31700000.0,0.015087225753120714,0.006728955262378378
200,32000000.0,0.016233571165796656,0.003821472370255541
200,32300000.0,0.016819292943367592,0.0007210898916176767
200,32600000.0,0.016812459489773945,-0.002463781831433365
200,32900000.0,0.016202410025664582,-0.005619827449035664
200,33200000.0,0.014999894846546347,-0.008633007817838267
200,33500000.0,0.013236987983268389,-0.011392049900375234
200,33800000.0,0.010966997085565922,-0.013792486408651938
200,34100000.0,0.00826297373962126,-0.015741328889148143
200,34400000.0,0.005214594146224383,-0.01716076965636193
200,34700000.0,0.001924987468327255,-0.017990414025987223
200,35000000.0,-0.0014918973320912632,-0.0181894536236773
200,35300000.0,-0.004914786245538927,-0.017739335358286312
200,35600000.0,-0.008220128471199017,-0.016645392583237162
200,35900000.0,-0.011287206957430074,-0.014936397261678613
200,36200000.0,-0.014002033519596169,-0.012663193977728748
200,36500000.0,-0.016260865001727076,-0.00989762525132265
200,36800000.0,-0.0179744120042995,-0.006730980329827219
200,37100000.0,-0.019071959922602577,-0.0032708273641975927
200,37400000.0,-0.01950411679456321,0.0003631879306421615
200,37700000.0,-0.019244454954676193,0.004043384175629217
200,38000000.0,-0.018290944096611472,0.007638104427432402
200,38300000.0,-0.01666681682216875,0.011016554109792853
200,38600000.0,-0.014419960016559208,0.014053947692042601
200,38900000.0,-0.011621147825403355,0.016635923313518375
200,39200000.0,-0.00836204487402703,0.018662375052678093
200,39500000.0,-0.004752742132737464,0.020051485058190877
200,39800000.0,-0.0009179166923121151,0.020743549504776415
200,40100000.0,0.0030080798453012703,0.020703406915322797
200,40400000.0,0.006885952178737997,0.019921440324362494
200,40700000.0,0.010575793621023344,0.01841419713509429
200,41000000.0,0.013941935679284034,0.016224770646622533
200,41300000.0,0.016858438816296895,0.013421903033787874
200,41600000.0,0.019214095467776082,0.010097431747912888
200,41900000.0,0.02091629488809854,0.006362985669059795
200,42200000.0,0.02189432506424427,0.0023465383801130058
200,42500000.0,0.02210248786060054,-0.0018116936178431686
200,42800000.0,0.021522353812948536,-0.005964354874073874
200,43100000.0,0.020163605279385877,-0.00996238032295349
200,43400000.0,0.01806389735403524,-0.013660129769648366
200,43700000.0,0.015288136871564162,-0.01692051278903428
200,44000000.0,0.011926712338473089,-0.019620326782410547
200,44300000.0,0.008092293824418229,-0.021655119476616802
200,44600000.0,0.003915802498141385,-0.022942919425331776
200,44900000.0,-0.0004577838603264661,-0.023427175408915257
200,45200000.0,-0.0048740971149642265,-0.023079382726585718
200,45500000.0,-0.009175008435959642,-0.021900896448380225
200,45800000.0,-0.013204706232624153,-0.019923155356605937
200,46100000.0,-0.016815283940165848,-0.017206522207560804
200,46400000.0,-0.019871770884238305,-0.013838488311246788
200,46700000.0,-0.022257117165591755,-0.009931243408774493
200,47000000.0,-0.023876967188447895,-0.005618032964273323
200,47300000.0,-0.02466344244934493,-0.001048352274848674
200,47600000.0,-0.02457768782131231,0.003617315452834613
200,47900000.0,-0.02361157237979772,0.008212926383653674
200,48200000.0,-0.021788574390261495,0.012572737378999888
200,48500000.0,-0.019163364268371508,0.01653748599936189
200,48800000.0,-0.01582000174314213,0.019960227509788986
200,49100000.0,-0.011869249076734034,0.02271153015579841
200,49400000.0,-0.007445185319287617,0.02468430564751345
200,49700000.0,-0.002700744259573895,0.025798225836908606
200,50000000.0,0.002197851486087532,0.026003059049169885
200,50300000.0,0.007077073565688208,0.025280561160450743
200,50600000.0,0.011761986913995659,0.023645314551258068
200,50900000.0,0.016082291969707008,0.02114481664103529
200,51200000.0,0.019878681640338458,0.017858416373040642
200,51500000.0,0.023008958171150562,0.013894707579952259
200,51800000.0,0.025353260188309412,0.009387721615509381
200,52100000.0,0.02681840940445923,0.004492462472512115
200,52400000.0,0.027341610464328814,-0.0006202233756072983
200,52700000.0,0.026893234823920253,-0.005769639221984035
200,53000000.0,0.025478230181232076,-0.010771776280008805
200,53300000.0,0.023136193239830516,-0.015445841691851814
200,53600000.0,0.019940403254633976,-0.019620647831905424
200,53900000.0,0.01599572703227581,-0.02314094712631587
200,54200000.0,0.011435129444867909,-0.025873368628300475
200,54500000.0,0.006415008219735174,-0.027711387594148595
200,54800000.0,0.00110988365905762,-0.028579228868543805
200,55100000.0,-0.00429343280749428,-0.028434950404724657
200,55400000.0,-0.009602401682401118,-0.027272567228335487
200,55700000.0,-0.014625849671404678,-0.025122709084259842
200,56000000.0,-0.019180934005541883,-0.022051694473211536
200,56300000.0,-0.023099600889089578,-0.018159426985032034
200,56600000.0,-0.026234657373909842,-0.013576338040389935
200,56900000.0,-0.028465420325330837,-0.008459157097003511
200,57200000.0,-0.029702455178254317,-0.0029854498921317862
200,57500000.0,-0.029891023653087045,0.0026526478874620008
200,57800000.0,-0.029013318559370282,0.008255091100958345
200,58100000.0,-0.027089574181144993,0.013620942177775652
200,58400000.0,-0.02417780985359952,0.018555666486469002
200,58700000.0,-0.020372036960458195,0.022878254499597683
200,59000000.0,-0.01579917573339451,0.026427745422815563
200,59300000.0,-0.010614958319453582,0.029069115344464547
200,59600000.0,-0.004998748844969314,0.03069851010802893
200,59900000.0,0.0008527684536155933,0.03124742657373547
200,60200000.0,0.006732630567259035,0.030685429024112088
200,60500000.0,0.012430842769699524,0.029021450498759704
200,60800000.0,0.017741702193572406,0.026303914966801623
200,61100000.0,0.022471241964491462,0.022619572521656472
200,61400000.0,0.026444476304706588,0.018090770586939864
200,61700000.0,0.029511888356481664,0.012871261247007215
200,62000000.0,0.0315549081877039,0.0071409587239297245
200,62300000.0,0.032490429119501285,0.0010998573178193638
200,62600000.0,0.03227423359736303,-0.00503891157844083
200,62900000.0,0.030902982448329563,-0.01105668772350965
200,63200000.0,0.028414639386717844,-0.0167370892712011
200,63500000.0,0.024887493853873233,-0.021873702279524343
200,63800000.0,0.02043783858922643,-0.026277569790904343
200,64100000.0,0.015216170670205087,-0.029784245300539247
200,64400000.0,0.00940199457683999,-0.0322599410217006
200,64700000.0,0.003197622166871694,-0.033606481837340274
200,65000000.0,-0.003178735311152203,-0.0337651020346279
200,65300000.0,-0.009500566155852486,-0.03271904547961846
200,65600000.0,-0.015541216438881844,-0.030494649692251574
200,65900000.0,-0.02108212198301951,-0.02716070110579616
200,66200000.0,-0.02592063971458325,-0.022826242491987614
200,66500000.0,-0.029877339367264777,-0.01763708852514978
200,66800000.0,-0.0328026838223614,-0.011771045208284203
200,67100000.0,-0.03458276039380337,-0.0054318017061143475
200,67400000.0,-0.035143666450039523,0.001158226043882049
200,67700000.0,-0.034454438071650606,0.007765682075742797
200,68000000.0,-0.03252856206493904,0.014154464932857547
200,68300000.0,-0.02942395408929266,0.020094189157674247
200,68600000.0,-0.025241243861988005,0.025368559427400683
200,68900000.0,-0.020120470056858575,0.029783207193199157
200,69200000.0,-0.014236446230472821,0.03317276060447205
200,69500000.0,-0.007792899285179233,0.035407055538106524
200,69800000.0,-0.0010153987692858024,0.036396213446048264
200,70100000.0,0.00585665130641011,0.03609420067654123
200,70400000.0,0.012578477571201008,0.03450073608954174
200,70700000.0,0.01890854327851621,0.03166166750622801
200,71000000.0,0.024617185963941135,0.02766783078222934
200,71300000.0,0.029495039356999486,0.022652232190394583
200,71600000.0,0.03336076416195399,0.016785561169346375
200,71900000.0,0.036067713016507685,0.010270333045053537
200,72200000.0,0.03750941519554518,0.003333957058950565
200,72500000.0,0.0376237707529935,-0.003779147644672909
200,72800000.0,0.03639568804799842,-0.010816205136149781
200,73100000.0,0.03385797094976106,-0.01752510314408795
200,73400000.0,0.03009050518480272,-0.023663378999420726
200,73700000.0,0.025217838269158133,-0.029006946080764262
200,74000000.0,0.019405125038178817,-0.03335832725925236
200,74300000.0,0.01285248202473599,-0.03655399053595643
200,74600000.0,0.0057880469952215075,-0.03847041606234525
200,74900000.0,-0.001539903227492312,-0.0390287704461616
200,75200000.0,-0.008871597093375705,-0.03819813905233649
200,75500000.0,-0.01594501373725754,-0.03599710650800425
200,75800000.0,-0.022505337801632108,-0.0324934630970386
200,76100000.0,-0.02831412918649101,-0.027802077862361774
200,76400000.0,-0.033157901932930556,-0.022081156300731264
200,76700000.0,-0.03685595008828946,-0.015526996733114862
200,77000000.0,-0.039267140767009545,-0.00836728129726616
200,77300000.0,-0.0402952942029543,-0.0008531145281169827
200,77600000.0,-0.039892926324095246,0.006749797667154223
200,77900000.0,-0.03806331479584335,0.0141704981280244
200,78200000.0,-0.03486082022646675,0.021142428662745516
200,78500000.0,-0.03038933700429225,0.02741305258598481
200,78800000.0,-0.02479890070216484,0.03275300150167615
200,79100000.0,-0.01828066759337421,0.03696439919253769
200,79400000.0,-0.011060454775554174,0.03988817223959007
200,79700000.0,-0.003390941945863424,0.04141010799412359
200,80000000.0,0.004457238956855236,0.04146531096522388
200,80300000.0,0.012205094101737424,0.04004082791865349
200,80600000.0,0.01957512653004634,0.037176449269008316
200,80900000.0,0.026301217379024022,0.03296373078898207
200,81200000.0,0.032138272080314834,0.02754316550056113
200,81500000.0,0.036871207348021184,0.021099491086040922
200,81800000.0,0.04032284848576573,0.013855348964073588
200,82100000.0,0.04236049452163815,0.0060636109094232005
200,82400000.0,0.042901001536623684,-0.0020014000130508247
200,82700000.0,0.041914158997111706,-0.010053576404936093
200,83000000.0,0.03942414313330944,-0.017805211746402705
200,83300000.0,0.03550901166571252,-0.02497726408992973
200,83600000.0,0.03029832162033086,-0.031309363557077585
200,83900000.0,0.023968907500235725,-0.03656928372276247
200,84200000.0,0.01673887179346123,-0.040561498743379776
200,84500000.0,0.008860022883217633,-0.043134419469305074
200,84800000.0,0.0006091219364564582,-0.04418606651034129
200,85100000.0,-0.00772177316806566,-0.043668074691740166
200,85400000.0,-0.015835640439424314,-0.041587868955218044
200,85700000.0,-0.023441146774040966,-0.0380088071202167
200,86000000.0,-0.03026313149614701,-0.033048247179442214
200,86300000.0,-0.03605250863103859,-0.026873697519040896
200,86600000.0,-0.04059532350189754,-0.019697219060583526
200,86900000.0,-0.04372068360573311,-0.011768184160487305
200,87200000.0,-0.045307198928407844,-0.0033645879412020907
200,87500000.0,-0.04528763958773607,0.005216722451327094
200,87800000.0,-0.043651690084553496,0.013670510048818363
200,88100000.0,-0.04044673315558878,0.021693987305404505
200,88400000.0,-0.03577656611533453,0.028997688852713477
200,88700000.0,-0.029798040096706502,0.03531593088336482
200,89000000.0,-0.022715789380001072,0.04041643607492995
200,89300000.0,-0.014775275664523135,0.04410883730519588
200,89600000.0,-0.006254320706080285,0.046251804944282604
200,89900000.0,0.002546645540832171,0.046758471148544256
200,90200000.0,0.011315223940690677,0.04559987047387226
200,90500000.0,0.019738114407765295,0.04280630883737824
200,90800000.0,0.02751225765336368,0.038466686475891576
200,91100000.0,0.03435574271016034,0.032725759771622176
200,91400000.0,0.04001807407542474,0.025779336916193607
200,91700000.0,0.044289341476897115,0.017867569865527955
200,92000000.0,0.04700795326097729,0.009266649265949667
200,92300000.0,0.04806671926808881,0.00027919730370173923
200,92600000.0,0.04741706448178101,-0.008776371633644864
200,92900000.0,0.045071149809551014,-0.017577157462890014
200,93200000.0,0.04110180348336545,-0.02580728946967792
200,93500000.0,0.03564030988121486,-0.03316923408065886
200,93800000.0,0.02887212536397843,-0.03939455034563366
200,94100000.0,0.021030596079083308,-0.0442537101696594
200,94400000.0,0.012388880353303156,-0.04756455636263057
200,94700000.0,0.0032504264575723973,-0.04919907120184108
200,95000000.0,-0.006061638224772403,-0.049088277319276674
200,95300000.0,-0.015215907494246006,-0.04722511774573945
200,95600000.0,-0.023884526539795642,-0.04366512960453628
200,95900000.0,-0.03175496839131223,-0.03852482198180773
200,96200000.0,-0.03854127762666282,-0.03197785611530035
200,96500000.0,-0.043994420752096086,-0.024249211033363416
200,96800000.0,-0.04791142758577363,-0.015607494835996327
200,97100000.0,-0.05014296059802312,-0.0063556073025030635
200,97400000.0,-0.05059897760502438,0.0031798991761164963
200,97700000.0,-0.049252293741003705,0.012660337913592112
200,98000000.0,-0.04613994862294249,0.021746898638391077
200,98300000.0,-0.041362295214256356,0.030112768321740813
200,98600000.0,-0.03507978432980709,0.037454905979537934
200,98900000.0,-0.027507570559390487,0.043505000721058895
200,99200000.0,-0.01890817126768088,0.04803924113324465
200,99500000.0,-0.00958240627335371,0.050886596745407964
200,99800000.0,0.00014113111566640968,0.05193528745823084
200,100100000.0,0.009917691598309679,0.051137130937012554
200,100400000.0,0.019398596613315715,0.04850960369279944
200,100700000.0,0.028243635433680664,0.04413559880616047
200,101000000.0,0.03613325800376716,0.03816088908257198
200,101300000.0,0.04278014748008587,0.030789309787592867
200,101600000.0,0.04793969819325192,0.022275793061977023
200,101900000.0,0.051418988247692685,0.012917540224230084
200,102200000.0,0.05308396027496498,0.003043666770076392
200,102500000.0,0.05286457158453661,-0.006996356887658539
200,102800000.0,0.050757682222299205,-0.016845088691262777
200,103100000.0,0.04682754076901388,-0.02614984954525701
200,103400000.0,0.0412038721948208,-0.03457533371792909
200,103700000.0,0.034077644444765076,-0.041815681301876406
200,104000000.0,0.025694611076291146,-0.04760560226407673
200,104300000.0,0.016346819430876847,-0.0517301060472124
200,104600000.0,0.006362419516381862,-0.05403244635808413
200,104900000.0,-0.0039058307592577113,-0.05442002833330495
200,105200000.0,-0.01409299801078498,-0.05286810239288631
200,105500000.0,-0.023834956648347033,-0.049421068363977305
200,105800000.0,-0.03278143747846396,-0.0441912739439152
200,106100000.0,-0.04060861867655391,-0.037355352598576363
200,106400000.0,-0.04703081514346502,-0.02914827333231429
200,106700000.0,-0.05181089523680665,-0.019855299569722096
200,107000000.0,-0.05476904689066886,-0.009802085260545379
200,107300000.0,-0.05578952744142751,0.000656751891940921
200,107600000.0,-0.054825140511013504,0.011150141082300724
200,107900000.0,-0.0518993034289163,0.021303708865795024
200,108200000.0,-0.04710561871898322,0.030753138190584117
200,108500000.0,-0.04060491464196103,0.039157258670120765
200,108800000.0,-0.032619847924522216,0.04621035941697027
200,109100000.0,-0.023427290859490635,0.051653280011341174
200,109400000.0,-0.013348765844093724,0.055282922475839325
200,109700000.0,-0.0027392098285305977,0.05695984348667826
200,110000000.0,0.008025552986961726,0.05661359496006568
200,110300000.0,0.01856214040098869,0.05424558869159313
200,110600000.0,0.02849324360728822,0.04992941503167536
200,110900000.0,0.0374611159643401,0.04380862325727719
200,111200000.0,0.0451404724694886,0.036091994406588945
200,111500000.0,0.05125030710470713,0.02704642430799753
200,111800000.0,0.055564162571585474,0.01698768091999181
200,112100000.0,0.0579184948663124,0.00626939003582061
200,112400000.0,0.05821885539176641,-0.004729381324836357
200,112700000.0,0.05644364398252255,-0.015617536350843064
200,113000000.0,0.052645259104880604,-0.026005865914607185
200,113300000.0,0.04694860653356281,-0.03552095136268907
200,113600000.0,0.039547032615808386,-0.04381857379539511
200,113900000.0,0.030695794223557504,-0.0505961771596386
200,114200000.0,0.02070325264975814,-0.05560391471144621
200,114500000.0,0.009920112745993137,-0.058653838843032435
200,114800000.0,-0.0012728762604127253,-0.05962691104225737
200,115100000.0,-0.012478336639271004,-0.05847761532056106
200,115400000.0,-0.023296367914973137,-0.055235993851251664
200,115700000.0,-0.03333884451581626,-0.05000697192502379
200,116000000.0,-0.042243350637653054,-0.04296697359589796
200,116300000.0,-0.049686238715953235,-0.034357975801969864
200,116600000.0,-0.05539437628598565,-0.024479217145106258
200,116900000.0,-0.05915517273683457,-0.013676814398142056
200,117200000.0,-0.06082449174843907,-0.0023316294680801875
200,117500000.0,-0.06033213964214523,0.009154164429845846
200,117800000.0,-0.057684743766804214,0.02037132993573154
200,118100000.0,-0.05296591670849682,0.030918143806781817
200,118400000.0,-0.046333662088563266,0.04041479777752155
200,118700000.0,-0.038015089458225404,0.04851707942845396
200,119000000.0,-0.028298643032754978,0.05492882699702628
200,119300000.0,-0.017524126475270352,0.05941273795307911
200,119600000.0,-0.006070837720988598,0.061799158399665544
200,119900000.0,0.005655798277670598,0.0619924988087055
200,120200000.0,0.01723860151629708,0.05997500344070872
200,120500000.0,0.028263469718128764,0.05580774803913968
200,120800000.0,0.03833416101966591,0.04962885368377101
200,121100000.0,0.04708653556404352,0.04164895566299487
200,121400000.0,0.054201738363494956,0.03214403956545819
200,121700000.0,0.0594178136372443,0.021445889563941112
200,122000000.0,0.06253932719004185,0.00993050843087584
200,122300000.0,0.06344466960584794,-0.0019950853762749077
200,122600000.0,0.06209076864147267,-0.013907243291210403
200,122900000.0,0.05851500753871619,-0.02538074568271176
200,123200000.0,0.05283426984771444,-0.0360039771568097
200,123500000.0,0.045241154728295596,-0.0453936805276256
200,123800000.0,0.03599747969135092,-0.05320878657126382
200,124100000.0,0.02542526022592173,-0.0591628172997849
200,124400000.0,0.013895477378460308,-0.06303437992084371
200,124700000.0,0.001815058961919247,-0.06467536403885976
200,125000000.0,-0.010387460695073791,-0.06401657376675773
200,125300000.0,-0.02227713103658524,-0.061070594700109115
200,125600000.0,-0.033428105083822546,-0.05593174789513711
200,125900000.0,-0.0434389074101349,-0.04877309657167084
200,126200000.0,-0.05194687917783458,-0.039840622145013604
200,126500000.0,-0.05864129895747472,-0.029444789090137924
200,126800000.0,-0.06327472795634859,-0.01794977305815948
200,127100000.0,-0.06567215414711103,-0.005760704506295955
200,127400000.0,-0.06573757909934508,0.006690615435974934
200,127700000.0,-0.0634578102835226,0.01896100689004321
200,128000000.0,-0.058903325354296765,0.030611680602457447
200,128300000.0,-0.05222615052776125,0.04122393827028281
200,128600000.0,-0.043654798918837834,0.05041422707492149
200,128900000.0,-0.03348645280696405,0.0578479889188257
200,129200000.0,-0.02207667848560213,0.06325182080199454
200,129500000.0,-0.009827014100540543,0.06642352987556466
200,129800000.0,0.002829165221238217,0.06723970125761625
200,130100000.0,0.01544199895493592,0.06566046467124975
200,130400000.0,0.02756113326692211,0.061731280617041584
200,130700000.0,0.038751783937588824,0.05558170140263963
200,131000000.0,0.048610327270471654,0.04742114308924661
200,131300000.0,0.05677886874034854,0.03753177815366149
200,131600000.0,0.06295824022034147,0.026258778726763854
200,131900000.0,0.06691894280295152,0.013998267230264538
200,132200000.0,0.06850965203711468,0.001183405111910396
200,132500000.0,0.06766297933016308,-0.011730906971955779
200,132800000.0,0.06439825641397245,-0.024284183631013256
200,133100000.0,0.058821225102091645,-0.03602677468772697
200,133400000.0,0.05112064729500343,-0.046535960963413725
200,133700000.0,0.041561947196979254,-0.05543116948993143
200,134000000.0,0.030478077114052482,-0.062387767134142624
200,134300000.0,0.018257911084520462,-0.06714890923857153
200,134600000.0,0.005332594568122406,-0.06953499742134728
200,134900000.0,-0.007839653014752646,-0.06945042140181235
200,135200000.0,-0.02078976747402317,-0.06688735378659771
200,135500000.0,-0.03305455018262338,-0.06192643222057059
200,135800000.0,-0.04419325198132951,-0.05473426466548714
200,136100000.0,-0.053803411459496964,-0.04555784101814986
200,136400000.0,-0.0615353825928846,-0.034716061751635774
200,136700000.0,-0.06710504890183966,-0.022588672329098003
200,137000000.0,-0.0703042619821459,-0.009602968357659947
200,137300000.0,-0.0710086052093768,0.0037812632202083307
200,137600000.0,-0.06918219467345121,0.01708802217889893
200,137900000.0,-0.06487934643453697,0.02984201890306748
200,138200000.0,-0.05824303208767567,0.04158565622099797
200,138500000.0,-0.049500148150178,0.05189545633918424
200,138800000.0,-0.038953761245240415,0.0603973250275569
200,139100000.0,-0.026972614702827524,0.06678010837680137
200,139400000.0,-0.013978256441463888,0.07080697467479191
200,139700000.0,-0.0004302116645775733,0.0723242055620148
200,140000000.0,0.013190282541990062,0.07126704447924159
200,140300000.0,0.026397379643313457,0.06766237215849547
200,140600000.0,0.03871794306295362,0.06162812385450911
200,140900000.0,0.049708485102854194,0.05336947069284026
200,141200000.0,0.05897113531702258,0.04317187124165267
200,141500000.0,0.06616805085371169,0.03139121157716285
200,141800000.0,0.07103373174599037,0.01844138360903802
200,142100000.0,0.07338480003987646,0.0047797481552567245
200,142400000.0,0.07312689374672043,-0.009109013706850577
200,142700000.0,0.0702584095848735,-0.02273009975500928
200,143000000.0,0.06487093983815617,-0.03559621681441549
200,143300000.0,0.05714638530883276,-0.04724500606753934
200,143600000.0,0.04735084283836022,-0.057255653471266044
200,143900000.0,0.035825457593993804,-0.06526410000545813
200,144200000.0,0.02297453950564865,-0.07097628738679096
200,144500000.0,0.009251371202446457,-0.0741789395047967
200,144800000.0,-0.004857773521254938,-0.07474749578861029
200,145100000.0,-0.018850845172660335,-0.0726509249886782
200,145400000.0,-0.03222788242734964,-0.06795323058113012
200,145700000.0,-0.0445088889304901,-0.06081155641892644
200,146000000.0,-0.055251062185806,-0.05147094275239872
200,146300000.0,-0.06406475005854251,-0.04025592567663816
200,146600000.0,-0.0706275757688073,-0.027559274722337435
200,146900000.0,-0.07469622651516161,-0.013828246263718258
200,147200000.0,-0.07611546422633264,0.0004511721907980437
200,147500000.0,-0.07482402120341103,0.014771462344357111
200,147800000.0,-0.0708571671424294,0.02862160938859115
200,148100000.0,-0.06434584280530986,0.04150534024331276
200,148400000.0,-0.05551236427770245,0.05295891459440982
200,148700000.0,-0.044662837264158206,0.062567815566408
200,149000000.0,-0.03217655737752523,0.06998173713354494
200,149300000.0,-0.018492768151409766,0.07492734555600955
200,149600000.0,-0.0040952193695749095,0.07721835871519311
200,149900000.0,0.010504943699192637,0.0767625535027685
200,150200000.0,0.024787338678630366,0.07356542299331581
200,150500000.0,0.0382408894287658,0.06773035295942398
200,150800000.0,0.05038210303086332,0.05945531667862469
200,151100000.0,0.06077244498965895,0.04902618638095513
200,151400000.0,0.06903418537777695,0.036806869895742444
200,151700000.0,0.07486412898674066,0.023226613315743938
200,152000000.0,0.07804473074916052,0.008764924322392842
200,152300000.0,0.0784521987257234,-0.006065355087599977
200,152600000.0,0.07606128124625933,-0.02073623700776661
200,152900000.0,0.07094654655303057,-0.03472338802507702
200,153200000.0,0.06328010175731036,-0.047524863759428104
200,153500000.0,0.053325829231342325,-0.058679115502241364
200,153800000.0,0.04143032485079168,-0.06778163588340158
200,154100000.0,0.028010833062923624,-0.07449963638759938
200,154400000.0,0.013540603314804667,-0.07858420597873694
200,154700000.0,-0.0014677983920843296,-0.07987950864235027
200,155000000.0,-0.01648063256281951,-0.07832870087034927
200,155300000.0,-0.030961961493134904,-0.07397635063226426
200,155600000.0,-0.044392790758041034,-0.06696723977424679
200,155900000.0,-0.05628967824611708,-0.05754156778604913
200,156200000.0,-0.06622213182015546,-0.046026726603035195
200,156500000.0,-0.07382817819558873,-0.032825938948936484
200,156800000.0,-0.07882755002590391,-0.018404147930203285
200,157100000.0,-0.08103200605915051,-0.0032716435542760047
200,157400000.0,-0.08035239897811364,0.012033992599859933
200,157700000.0,-0.07680223186531876,0.026966981857050154
200,158000000.0,-0.07049756588979061,0.040992811334155
200,158300000.0,-0.06165325888931905,0.053607374273218156
200,158600000.0,-0.050575651061469884,0.06435509065816303
200,158900000.0,-0.037651959262340995,0.07284534994647163
200,159200000.0,-0.023336756572340356,0.07876669598632369
200,159500000.0,-0.008135996439286863,0.08189825207975349
200,159800000.0,0.00741087300976595,0.08211795692373325
200,160100000.0,0.02275006482225228,0.07940728726939289
200,160400000.0,0.037333180727224136,0.07385228956647372
200,160700000.0,0.05063680801149539,0.06564088825079223
200,161000000.0,0.062181301455423554,0.055056555596624535
200,161300000.0,0.07154808067742335,0.042468542058996805
200,161600000.0,0.07839480840385793,0.028318998370098936
200,161900000.0,0.08246789486106465,0.013107446452059718
200,162200000.0,0.08361187814279836,-0.0026268525232197304
200,162500000.0,0.08177533503329038,-0.01832401626007482
200,162800000.0,0.07701309231849773,-0.033423466928252904
200,163100000.0,0.0694846487073506,-0.0473839475501725
200,163400000.0,0.059448859902381024,-0.059702917553127004
200,163700000.0,0.047255060445551944,-0.06993464472154778
200,164000000.0,0.0333309117923104,-0.07770634138557427
200,164300000.0,0.01816739719683058,-0.08273174473865325
200,164600000.0,0.0023015061939788417,-0.08482164166473813
200,164900000.0,-0.013702772391702922,-0.08389096704465582
200,165200000.0,-0.02927448983143499,-0.0799622210472035
200,165500000.0,-0.04385611037689996,-0.07316505897817656
200,165800000.0,-0.05692348309559492,-0.06373204041202113
200,166100000.0,-0.0680046838417101,-0.05199068029535306
200,166400000.0,-0.07669705200448051,-0.03835208498537329
200,166700000.0,-0.08268181663290797,-0.023296566744080982
200,167000000.0,-0.08573578064842646,-0.007356732653053866
200,167300000.0,-0.0857396300379607,0.00890135580055107
200,167600000.0,-0.08268256178499955,0.024898282242497183
200,167900000.0,-0.07666305573253274,0.04006192509027656
200,168200000.0,-0.06788574227023458,0.053847925986023226
200,168500000.0,-0.056654457440755035,0.06575923650213833
200,168800000.0,-0.043361729136962346,0.07536403210360121
200,169100000.0,-0.0284750697637568,0.08231135566553321
200,169400000.0,-0.012520547764061973,0.08634393832506138
200,169700000.0,0.003935800915805032,0.08730772627653627
200,170000000.0,0.02030806472316593,0.08515774454934355
400,20000000.0,0.0010444867322789153,0.010312193396245561
400,20300000.0,0.00299411319495263,0.01008860328913519
400,20600000.0,0.004896099338435267,0.009494079584267512
400,20900000.0,0.006679139485903873,0.00853860608433421
400,21200000.0,0.008274125553480505,0.007246488247790506
400,21500000.0,0.009617467460782209,0.00565528520474623
400,21800000.0,0.010653122142435634,0.0038141321169724574
400,22100000.0,0.011334259703183497,0.0017826879753195524
400,22400000.0,0.011625682277953547,-0.0003701617459950235
400,22700000.0,0.011506097806867177,-0.002568996391752121
400,23000000.0,0.010968959399485667,-0.0047351524060867956
400,23300000.0,0.010022425574133464,-0.00678930039637371
400,23600000.0,0.008689626248839954,-0.008653706170815623
400,23900000.0,0.007008825936416885,-0.010255271517547238
400,24200000.0,0.005032317395672614,-0.011528952211439458
400,24500000.0,0.002824279330613938,-0.012420313862694377
400,24800000.0,0.0004587364032964114,-0.012887260620342289
400,25100000.0,-0.0019823873867424457,-0.012901902798191589
400,25400000.0,-0.004412069441357747,-0.012452471799618614
400,25700000.0,-0.006741799360334644,-0.011544217782289534
400,26000000.0,-0.008884924321876098,-0.010199124670324577
400,26300000.0,-0.010759425404494427,-0.008455341160158003
400,26600000.0,-0.012290871572683881,-0.006366570337442035
400,26900000.0,-0.013415716174186465,-0.004000630315806664
400,27200000.0,-0.014084061028141692,-0.0014369167516028458
400,27500000.0,-0.014261439870981385,0.0012364460258714738
400,27800000.0,-0.013930210579504776,0.003925302161284061
400,28100000.0,-0.013090892347564553,0.0065325430579651345
400,28400000.0,-0.011762804967687557,0.00896189001172265
400,28700000.0,-0.00998351571341477,0.011121713076473139
400,29000000.0,-0.007807578897230438,0.012928269316267116
400,29300000.0,-0.0053050876906634015,0.014308666607112386
400,29600000.0,-0.002559696208612794,0.015203930313094416
400,29900000.0,0.0003343215513112452,0.015571710006990536
400,30200000.0,0.0032755715262683394,0.015388018295370953
400,30500000.0,0.00615897227870521,0.014648196223357779
400,30800000.0,0.008879230144533401,0.01336756860238797
400,31100000.0,0.01133474558731734,0.011581564642584086
400,31400000.0,0.013431663799813198,0.009344777400456583
400,31700000.0,0.0150874213891245,0.006729088176831932
400,32000000.0,0.016233726486658995,0.003821395845981179
400,32300000.0,0.016819327689732988,0.0007209791933794341
400,32600000.0,0.016812444684606853,-0.0024638822576178443
400,32900000.0,0.016202309512635626,-0.005619923901228674
400,33200000.0,0.014999711184881581,-0.008632966528444808
400,33500000.0,0.013236938277896015,-0.011391828468733767
400,33800000.0,0.010967204408067477,-0.013792347758808554
400,34100000.0,0.008263175143074342,-0.015741487090824458
400,34400000.0,0.005214496587009565,-0.017161001334456083
400,34700000.0,0.0019247494491965722,-0.01799037191612285
400,35000000.0,-0.0014919017730880002,-0.01818922050672478
400,35300000.0,-0.004914563059817856,-0.017739287520106783
400,35600000.0,-0.008220034860538461,-0.016645596893664072
400,35900000.0,-0.01128737449465339,-0.014936535879809032
400,36200000.0,-0.014002203346683062,-0.012663085317850653
400,36500000.0,-0.01626082939603929,-0.009897453953946478
400,36800000.0,-0.017974277128029292,-0.006730948391073355
400,37100000.0,-0.019071888902128797,-0.003270894956089787
400,37400000.0,-0.01950410758230342,0.000363120795797256
400,37700000.0,-0.01924447717618688,0.004043315229172673
400,38000000.0,-0.018291036059681742,0.007638058636508349
400,38300000.0,-0.016666928423945904,0.011016628176912069
400,38600000.0,-0.014419933198951962,0.014054101983508649
400,38900000.0,-0.011620982134391666,0.0166359532662409
400,39200000.0,-0.008361966262129261,0.018662223890892782
400,39500000.0,-0.004752865471577161,0.02005137396023804
400,39800000.0,-0.0009180461650627469,0.02074364285393071
400,40100000.0,0.0030081449391817783,0.0207035473280468
400,40400000.0,0.006886100143507656,0.01992140464509007
400,40700000.0,0.01057579268198705,0.01841404750093978
400,41000000.0,0.013941797422270752,0.01622473239795319
400,41300000.0,0.016858365339800674,0.01342201123786213
400,41600000.0,0.01921415699740403,0.01009752382668716
400,41900000.0,0.02091637918108269,0.006362975928836279
400,42200000.0,0.021894355435412516,0.0023464885758051057
400,42500000.0,0.022102488347465643,-0.0018117382492135459
400,42800000.0,0.02152232524992015,-0.005964403677742314
400,43100000.0,0.02016352671134858,-0.009962390752172645
400,43400000.0,0.01806384040044673,-0.01366004807628729
400,43700000.0,0.015288198038589385,-0.016920417579630143
400,44000000.0,0.011926828249364974,-0.01962035464874967
400,44300000.0,0.008092299887173304,-0.021655238341204974
400,44600000.0,0.003915692164845219,-0.022942952615402024
400,44900000.0,-0.0004578366701002423,-0.023427077958609654
400,45200000.0,-0.004874013640018271,-0.023079314342228097
400,45500000.0,-0.009174925743431483,-0.021900963248091765
400,45800000.0,-0.013204750192870485,-0.019923249591999315
400,46100000.0,-0.016815381335539503,-0.01720650794219647
400,46400000.0,-0.01987178823132596,-0.013838402072360645
400,46700000.0,-0.022257057761770005,-0.009931202016980278
400,47000000.0,-0.023876918753784282,-0.005618055717185988
400,47300000.0,-0.024663430288295207,-0.0010483867454577078
400,47600000.0,-0.024577691606979313,0.003617282289883339
400,47900000.0,-0.023611605603196195,0.008212893859684378
400,48200000.0,-0.021788635991944805,0.01257275103457145
400,48500000.0,-0.019163381259957868,0.01653756061858125
400,48800000.0,-0.015819931627892414,0.019960275041596143
400,49100000.0,-0.011869179586285417,0.02271147686902175
400,49400000.0,-0.0074452173568374524,0.024684225449262742
400,49700000.0,-0.0027008264759442735,0.025798238246632743
400,50000000.0,0.002197847616958848,0.02600313898704998
400,50300000.0,0.007077149441978681,0.025280579707427253
400,50600000.0,0.011762020598370615,0.02364524547780822
400,50900000.0,0.016082235426008618,0.02114476804765797
400,51200000.0,0.019878622571463778,0.017858452951399317
400,51500000.0,0.023008969701414417,0.013894767134038255
400,51800000.0,0.025353307042426443,0.009387733581668778
400,52100000.0,0.026818435139300267,0.004492439465834774
400,52400000.0,0.027341615131548425,-0.0006202475966852194
400,52700000.0,0.026893227188342306,-0.0057696657643566684
400,53000000.0,0.025478195077001553,-0.010771794120147837
400,53300000.0,0.023136150328064597,-0.01544581337784523
400,53600000.0,0.019940413350699293,-0.01962058833661595
400,53900000.0,0.01599579108794491,-0.023140934965760973
400,54200000.0,0.011435160949200607,-0.025873426895801965
400,54500000.0,0.006414961315061696,-0.027711432012679005
400,54800000.0,0.0011098322848233089,-0.028579194341261882
400,55100000.0,-0.004293409737614717,-0.028434895464634957
400,55400000.0,-0.009602344682965391,-0.027272578927965974
400,55700000.0,-0.014625848434859812,-0.025122766079910153
400,56000000.0,-0.019180986387281274,-0.022051710192749763
400,56300000.0,-0.023099629724315784,-0.018159386105427222
400,56600000.0,-0.026234634397238388,-0.013576302246620542
400,56900000.0,-0.028465387707183543,-0.00845915997608937
400,57200000.0,-0.02970244230425856,-0.0029854687481200015
400,57500000.0,-0.029891022198657136,0.002652629432845166
400,57800000.0,-0.029013330274382132,0.008255069846176633
400,58100000.0,-0.027089607816666028,0.013620937517006215
400,58400000.0,-0.024177834324522474,0.01855570141467766
400,58700000.0,-0.02037201092232943,0.022878295510429858
400,59000000.0,-0.01579912568263553,0.026427734032852146
400,59300000.0,-0.010614954585889125,0.02906906416723587
400,59600000.0,-0.00499879578148088,0.030698494290770872
400,59900000.0,0.0008527442332548762,0.031247467138698193
400,60200000.0,0.006732664416438161,0.030685459351261657
400,60500000.0,0.012430878314721228,0.0290214240492902
400,60800000.0,0.017741685224983095,0.02630387534128331
400,61100000.0,0.02247120148398729,0.02261957742266485
400,61400000.0,0.026444468322090908,0.01809080621025272
400,61700000.0,0.029511912624554437,0.012871279100156285
400,62000000.0,0.03155492883297828,0.007140950076074404
400,62300000.0,0.03249043552742037,0.0010998429115227637
400,62600000.0,0.03227423286575637,-0.005038927116759906
400,62900000.0,0.030902967039063034,-0.011056703371524979
400,63200000.0,0.02841461043098703,-0.01673708294987386
400,63500000.0,0.024887485805344167,-0.021873667301476774
400,63800000.0,0.02043787134615227,-0.02627754722587472
400,64100000.0,0.015216203757857483,-0.029784269802873853
400,64400000.0,0.009401980639423768,-0.03225997909137046
400,64700000.0,0.003197583639172552,-0.033606477673405744
400,65000000.0,-0.0031787389717169434,-0.03376506542489599
400,65300000.0,-0.009500532329774547,-0.032719035314421774
400,65600000.0,-0.015541200022912594,-0.03049467980328524
400,65900000.0,-0.02108214625248317,-0.02716072353254151
400,66200000.0,-0.025920666309198537,-0.022826227073577066
400,66500000.0,-0.02987733500106149,-0.01763706202363191
400,66800000.0,-0.0328026632492463,-0.011771039129646388
400,67100000.0,-0.03458274819253593,-0.005431811224776872
400,67400000.0,-0.03514366300970473,0.001158214762344345
400,67700000.0,-0.034454441259973656,0.007765668271330739
400,68000000.0,-0.03252857991374569,0.014154455611828487
400,68300000.0,-0.02942397588858614,0.020094203509363195
400,68600000.0,-0.025241238831673063,0.025368589581115986
400,68900000.0,-0.020120437666497182,0.02978321369674486
400,69200000.0,-0.014236429611922952,0.0331727314678425
400,69500000.0,-0.007792922059408625,0.035407032272983585
400,69800000.0,-0.001015425223510169,0.036396229266143054
400,70100000.0,0.005856660902229249,0.03609422816128305
400,70400000.0,0.012578505135905638,0.03450073214530369
400,70700000.0,0.018908545234170182,0.03166164071181177
400,71000000.0,0.02461716179066531,0.027667822442525747
400,71300000.0,0.02949502525889569,0.02265225078185029
400,71600000.0,0.033360774253105796,0.016785578246556465
400,71900000.0,0.03606772832311467,0.010270332546451488
400,72200000.0,0.037509422273977244,0.003333948672535225
400,72500000.0,0.03762377262006478,-0.0037791573280463453
400,72800000.0,0.03639568199549337,-0.010816217124246519
400,73100000.0,0.033857952566914595,-0.017525105782200123
400,73400000.0,0.0300904919131606,-0.023663360034745562
400,73700000.0,0.025217852274888486,-0.02900692381699943
400,74000000.0,0.01940515220482908,-0.033358333020371056
400,74300000.0,0.012852484868930314,-0.0365540180762427
400,74600000.0,0.005788022320497466,-0.038470425724738355
400,74900000.0,-0.0015399173158804347,-0.039028749981774746
400,75200000.0,-0.008871580899793896,-0.038198122272367074
400,75500000.0,-0.015944995072592505,-0.03599711849825171
400,75800000.0,-0.022505345023920542,-0.03249348304823663
400,76100000.0,-0.0283141490329466,-0.02780207638790766
400,76400000.0,-0.03315790654361872,-0.022081139146505224
400,76700000.0,-0.03685593873983961,-0.015526987459826946
400,77000000.0,-0.03926713031866724,-0.008367284677731623
400,77300000.0,-0.040295289825609704,-0.0008531215260931813
400,77600000.0,-0.03989292590692395,0.006749788569688331
400,77900000.0,-0.03806332366380183,0.014170488736574338
400,78200000.0,-0.03486083700912879,0.021142432329694483
400,78500000.0,-0.030389341610307374,0.027413072719212117
400,78800000.0,-0.024798881987840415,0.03275301457479052
400,79100000.0,-0.01828064835843235,0.03696438554521686
400,79400000.0,-0.011060461866401416,0.03988815025056769
400,79700000.0,-0.003390963728378882,0.041410109032469444
400,80000000.0,0.004457235388068637,0.04146533088351134
400,80300000.0,0.01220511163587168,0.04004083484212395
400,80600000.0,0.01957513623487961,0.03717643434520945
400,80900000.0,0.02630120576825301,0.03296371858983749
400,81200000.0,0.03213825824865402,0.027543172556814266
400,81500000.0,0.03687120883138739,0.021099504526851387
400,81800000.0,0.04032285861036189,0.013855352769634122
400,82100000.0,0.042360501397033734,0.006063606807982014
400,82400000.0,0.0429010045548025,-0.002001406179128029
400,82700000.0,0.041914157549920006,-0.010053585183358082
400,83000000.0,0.03942413213723106,-0.01780521761278253
400,83300000.0,0.035508998402654535,-0.024977255283685995
400,83600000.0,0.030298324686189648,-0.03130934528762164
400,83900000.0,0.023968927030584397,-0.03656927959609679
400,84200000.0,0.016738882277982814,-0.040561516013263965
400,84500000.0,0.008860009978298722,-0.0431344340271651
400,84800000.0,0.0006091057604249439,-0.04418605838191447
400,85100000.0,-0.007721769151031954,-0.04366805857438605
400,85400000.0,-0.01583562511906811,-0.04158786965765815
400,85700000.0,-0.023441144492599042,-0.038008821285547834
400,86000000.0,-0.03026314381142048,-0.03304825245270604
400,86300000.0,-0.03605251654994024,-0.026873688352778702
400,86600000.0,-0.040595318910161216,-0.019697209873114074
400,86900000.0,-0.04372067563173776,-0.011768183583607428
400,87200000.0,-0.04530719424063079,-0.003364591867410116
400,87500000.0,-0.045287637520552204,0.005216716432608237
400,87800000.0,-0.04365169378958178,0.01367050198561337
400,88100000.0,-0.040446745048001054,0.021693985603465693
400,88400000.0,-0.03577657451157845,0.028997701012322352
400,88700000.0,-0.029798031215007792,0.03531594501630586
400,89000000.0,-0.022715772142982482,0.04041643268682593
400,89300000.0,-0.014775273257102262,0.044108820040551944
400,89600000.0,-0.006254335671820599,0.04625179799563561
400,89900000.0,0.002546635900264549,0.046758482807553126
400,90200000.0,0.01131523235518328,0.045599881296797484
400,90500000.0,0.019738125620413216,0.042806303258179135
400,90800000.0,0.027512254788079726,0.03846667525047742
400,91100000.0,0.03435573205672465,0.032725759680346744
400,91400000.0,0.0400180709253069,0.025779345801134834
400,91700000.0,0.04428934700375553,0.017867575341484532
400,92000000.0,0.04700795917178607,0.009266648302225455
400,92300000.0,0.04806672279532431,0.00027919360730432885
400,92600000.0,0.047417065395984725,-0.008776377900217902
400,92900000.0,0.045071143818967874,-0.017577164016977065
400,93200000.0,0.04110179221018695,-0.025807286923388517
400,93500000.0,0.0356403069156454,-0.033169220669173605
400,93800000.0,0.028872137717199264,-0.039394541659346416
400,94100000.0,0.02103060894197778,-0.04425371889645602
400,94400000.0,0.012388876368290336,-0.047564570957768115
400,94700000.0,0.0032504123882953206,-0.049199071585373844
400,95000000.0,-0.0060616417517294074,-0.049088265115867724
400,95300000.0,-0.015215897526159206,-0.04722511231147308
400,95600000.0,-0.023884519939453064,-0.04366513743886147
400,95900000.0,-0.031754974058001234,-0.03852482942290525
400,96200000.0,-0.03854128549284158,-0.03197785301732825
400,96500000.0,-0.04399442067383674,-0.02424920372263717
400,96800000.0,-0.0479114223869643,-0.0156074920433249
400,97100000.0,-0.0501429561734649,-0.0063556088269947075
400,97400000.0,-0.05059897475091543,0.0031798953665562735
400,97700000.0,-0.04925229442096138,0.012660331463927754
400,98000000.0,-0.04613995643121907,0.021746894459082622
400,98300000.0,-0.04136230438680541,0.030112774564869937
400,98600000.0,-0.03507978212640152,0.03745491857263028
400,98900000.0,-0.027507557166362384,0.043505003648213414
400,99200000.0,-0.018908163766838015,0.04803922953184747
400,99500000.0,-0.009582414452501208,0.05088658639487198
400,99800000.0,0.00014111990235128602,0.05193529188359802
400,100100000.0,0.009917692907170771,0.05113714155498128
400,100400000.0,0.019398605986581163,0.04850960458644904
400,100700000.0,0.028243637903956016,0.0441355908016301
400,101000000.0,0.03613325150103772,0.03816088527411532
400,101300000.0,0.04278014255402405,0.030789314307936078
400,101600000.0,0.047939700043827846,0.022275798407340286
400,101900000.0,0.051418992640631295,0.012917541383056452
400,102200000.0,0.05308396384955119,0.0030436650265750487
400,102500000.0,0.05286457374919863,-0.0069963611707164475
400,102800000.0,0.0507576796016377,-0.016845094831335672
400,103100000.0,0.0468275320555252,-0.02614985071234921
400,103400000.0,0.04120386627462838,-0.03457532488242476
400,103700000.0,0.03407765083742617,-0.04181567124814389
400,104000000.0,0.025694623351710494,-0.047605604524167955
400,104300000.0,0.01634682158170156,-0.05173011818035844
400,104600000.0,0.006362409405925251,-0.05403245192934092
400,104900000.0,-0.003905838165004172,-0.05442002109718658
400,105200000.0,-0.01409299352633478,-0.05286809456166308
400,105500000.0,-0.023834949191441607,-0.04942107067925905
400,105800000.0,-0.032781438102636506,-0.04419128075429679
400,106100000.0,-0.040608624658113324,-0.03735535352551356
400,106400000.0,-0.04703081759508476,-0.02914826866656961
400,106700000.0,-0.05181089270033962,-0.01985529598227176
400,107000000.0,-0.05476904324785248,-0.009802084956359813
400,107300000.0,-0.05578952429990047,0.0006567498385283699
400,107600000.0,-0.054825139379919174,0.01115013620244909
400,107900000.0,-0.051899308018145796,0.02130370378819446
400,108200000.0,-0.0471056271602977,0.030753140238887422
400,108500000.0,-0.04060491669326166,0.03915726864267821
400,108800000.0,-0.032619838817211255,0.04621036578875026
400,109100000.0,-0.023427281318489146,0.05165327378943951
400,109400000.0,-0.013348768248320153,0.05528291172011146
400,109700000.0,-0.0027392198940994206,0.05695984237591434
400,110000000.0,0.008025549475105143,0.05661360314700925
400,110300000.0,0.018562146411721492,0.05424559336695234
400,110600000.0,0.02849324860564806,0.04992941092722791
400,110900000.0,0.03746111344516845,0.04380861829029081
400,111200000.0,0.04514046772127678,0.036091995385516995
400,111500000.0,0.05125030639724537,0.027046428403786127
400,111800000.0,0.05556416517770013,0.016987683232612127
400,112100000.0,0.05791849805823557,0.00626938987792558
400,112400000.0,0.05821885818071049,-0.0047293839542885685
400,112700000.0,0.05644364364540244,-0.015617541607355179
400,113000000.0,0.05264525292897959,-0.026005869147769367
400,113300000.0,0.046948599565008964,-0.035520946412271215
400,113600000.0,0.03954703442816221,-0.043818564229314294
400,113900000.0,0.030695804358283008,-0.0505961749258681
400,114200000.0,0.020703258524372936,-0.055603923308222836
400,114500000.0,0.009920107077192486,-0.05865384693085485
400,114800000.0,-0.0012728848154052175,-0.05962690859720743
400,115100000.0,-0.012478336797352885,-0.058477607651797214
400,115400000.0,-0.023296361743267435,-0.055235992073549234
400,115700000.0,-0.033338841911459194,-0.05000697659639508
400,116000000.0,-0.04224335398027956,-0.04296697664676019
400,116300000.0,-0.049686242055920427,-0.03435797382459249
400,116600000.0,-0.055394375957149466,-0.024479213849208925
400,116900000.0,-0.059155170257169765,-0.013676812876659117
400,117200000.0,-0.06082448872069268,-0.0023316300505058507
400,117500000.0,-0.060332137436194366,0.009154161021475371
400,117800000.0,-0.05768474587201644,0.020371324837284988
400,118100000.0,-0.05296592371683384,0.030918143002355958
400,118400000.0,-0.04633366659994409,0.04041480484280058
400,118700000.0,-0.03801508437337997,0.0485170872182179
400,119000000.0,-0.02829863348682271,0.05492882530721088
400,119300000.0,-0.017524124496762994,0.059412728630792166
400,119600000.0,-0.006070845169031447,0.0617991535972946
400,119900000.0,0.005655792097549295,0.06199250360892217
400,120200000.0,0.017238603817734788,0.059975009632660115
400,120500000.0,0.028263475110437364,0.055807747555296494
400,120800000.0,0.03833416167260162,0.04962884931419831
400,121100000.0,0.04708653217537195,0.04164895423138315
400,121400000.0,0.054201736255731214,0.03214404187833386
400,121700000.0,0.059417814494748145,0.021445892149769996
400,122000000.0,0.06253932962110187,0.009930509467944937
400,122300000.0,0.06344467257354292,-0.0019950865660018913
400,122600000.0,0.06209076984978923,-0.013907247454965521
400,122900000.0,0.05851500366101936,-0.025380749906787514
400,123200000.0,0.05283426299531313,-0.03600397531188104
400,123500000.0,0.045241153256621924,-0.04539367246407311
400,123800000.0,0.03599748701084171,-0.05320878154530506
400,124100000.0,0.025425267875752056,-0.059162822149290584
400,124400000.0,0.013895475839045712,-0.06303438851145504
400,124700000.0,0.0018150511496310973,-0.06467536555230602
400,125000000.0,-0.010387464208689856,-0.06401656784545784
400,125300000.0,-0.022277127272570363,-0.06107059043344254
400,125600000.0,-0.03342810096825266,-0.05593174986700067
400,125900000.0,-0.043438908113902164,-0.04877310015716274
400,126200000.0,-0.05194688217455812,-0.039840622406678516
400,126500000.0,-0.058641300155123366,-0.029444786807351075
400,126800000.0,-0.06327472681453528,-0.017949770966788403
400,127100000.0,-0.06567215159691919,-0.0057607038877733885
400,127400000.0,-0.06573757633506938,0.006690613411262092
400,127700000.0,-0.06345781049219923,0.018961002282068762
400,128000000.0,-0.058903330649694,0.03061167796702957
400,128300000.0,-0.0522261561998405,0.04122394254583828
400,128600000.0,-0.04365479726533228,0.05041423489608121
400,128900000.0,-0.03348644453095595,0.05784799070317126
400,129200000.0,-0.022076673575893047,0.06325181391145529
400,129500000.0,-0.009827018341692417,0.06642352309872068
400,129800000.0,0.0028291581940129706,0.0672397025646636
400,130100000.0,0.015441997937560625,0.06566047064561875
400,130400000.0,0.027561137590058626,0.0617312829312322
400,130700000.0,0.03875178665183987,0.05558169866672369
400,131000000.0,0.04861032577472235,0.047421140442553966
400,131300000.0,0.05677886628444684,0.037531778633947965
400,131600000.0,0.06295823963487646,0.026258780869381493
400,131900000.0,0.0669189442084801,0.013998269003435926
400,132200000.0,0.06850965480217308,0.0011834051725156947
400,132500000.0,0.06766298153893935,-0.011730909939832834
400,132800000.0,0.06439825453291581,-0.02428418812303068
400,133100000.0,0.0588212190654116,-0.03602677520751785
400,133400000.0,0.05112064366242297,-0.04653595488830664
400,133700000.0,0.04156195156840825,-0.0554311630570834
400,134000000.0,0.030478085054285398,-0.062387768535732135
400,134300000.0,0.018257912933140386,-0.0671489169192312
400,134600000.0,0.005332588672420258,-0.06953500176436389
400,134900000.0,-0.007839658481591627,-0.06945041803213359
400,135200000.0,-0.02078976646896269,-0.06688734854361922
400,135500000.0,-0.033054545993122186,-0.061926431600605625
400,135800000.0,-0.04419325054155365,-0.05473426760517741
400,136100000.0,-0.05380341332000338,-0.04555784278621511
400,136400000.0,-0.061535384541338445,-0.03471606083061074
400,136700000.0,-0.06710504904593684,-0.02258867028681788
400,137000000.0,-0.07030426021243708,-0.009602966867599871
400,137300000.0,-0.07100860230902661,0.00378126248543742
400,137600000.0,-0.06918219346985222,0.017088018384739723
400,137900000.0,-0.06487934995965494,0.02984201521743346
400,138200000.0,-0.058243037988302326,0.041585658020162786
400,138500000.0,-0.04950014921200463,0.05189546328448991
400,138800000.0,-0.03895375495766684,0.06039732920682783
400,139100000.0,-0.026972608200573234,0.06678010431114778
400,139400000.0,-0.013978257487966772,0.07080696737804648
400,139700000.0,-0.00043021813814547727,0.07232420381301741
400,140000000.0,0.013190279015846684,0.07126704904947889
400,140300000.0,0.026397382056615015,0.0676623762032098
400,140600000.0,0.0387179466747023,0.06162812317780508
400,140900000.0,0.049708485513798806,0.05336946791092001
400,141200000.0,0.05897113334935611,0.04317187020248103
400,141500000.0,0.06616804932140541,0.031391212792609924
400,141800000.0,0.07103373202531271,0.018441385617070427
400,142100000.0,0.0733848022657404,0.004779749231065278
400,142400000.0,0.07312689650307513,-0.009109015437139156
400,142700000.0,0.07025840938270811,-0.02273010400069131
400,143000000.0,0.06487093502338315,-0.03559621903141208
400,143300000.0,0.05714638045558118,-0.047245002135881675
400,143600000.0,0.04735084445837012,-0.05725564671341443
400,143900000.0,0.03582546475709947,-0.06526409854150605
400,144200000.0,0.022974543805299952,-0.07097629326545829
400,144500000.0,0.009251367810741318,-0.07417894548159598
400,144800000.0,-0.004857779629755754,-0.07474749516942891
400,145100000.0,-0.018850846725774417,-0.07265092003354834
400,145400000.0,-0.032227879222626044,-0.06795322791480007
400,145700000.0,-0.044508886116672475,-0.060811557973157404
400,146000000.0,-0.055251062546534335,-0.051470945188566875
400,146300000.0,-0.06406475201351292,-0.040255926126706365
400,146600000.0,-0.07062757693683341,-0.027559273241490878
400,146900000.0,-0.07469622572254098,-0.0138282442987947
400,147200000.0,-0.0761154615681785,0.00045117260456639663
400,147500000.0,-0.07482401901749602,0.01477145957569026
400,147800000.0,-0.07085716896437866,0.028621605270796824
400,148100000.0,-0.06434584827129264,0.041505339971051436
400,148400000.0,-0.0555123673162119,0.05295892010615688
400,148700000.0,-0.044662833277830494,0.06256782113839421
400,149000000.0,-0.03217655042773071,0.06998173586487733
400,149300000.0,-0.01849276640875086,0.0749273388720999
400,149600000.0,-0.004095224323162672,0.07721835465926019
400,149900000.0,0.010504938659390728,0.0767625559966949
400,150200000.0,0.024787338874744158,0.07356542767056085
400,150500000.0,0.0382408928957072,0.06773035428214924
400,150800000.0,0.050382104987735765,0.0594553146072172
400,151100000.0,0.060772444062313635,0.049026184367345405
400,151400000.0,0.06903418348353352,0.03680686996223281
400,151700000.0,0.07486412822250088,0.0232266150749032
400,152000000.0,0.07804473217031793,0.008764926106594517
400,152300000.0,0.078452201617635,-0.006065355604019995
400,152600000.0,0.07606128239205123,-0.020736240627656333
400,152900000.0,0.07094654317471027,-0.03472339134190783
400,153200000.0,0.06328009645451926,-0.04752486191266325
400,153500000.0,0.05332582848927503,-0.058679109232034454
400,153800000.0,0.041430330531812665,-0.06778163227288014
400,154100000.0,0.02801083883504507,-0.07449964000186138
400,154400000.0,0.013540602552028602,-0.07858421247375758
400,154700000.0,-0.0014678040439526363,-0.07987951053409059
400,155000000.0,-0.016480636110527414,-0.07832869713373802
400,155300000.0,-0.030961959923208937,-0.07397634670126452
400,155600000.0,-0.04439278743180619,-0.06696723963003715
400,155900000.0,-0.056289677117622006,-0.057541570095374195
400,156200000.0,-0.0662221331737487,-0.0460267281570409
400,156500000.0,-0.0738281799752305,-0.032825938371876195
400,156800000.0,-0.07882755026023869,-0.01840414592368156
400,157100000.0,-0.08103200397152177,-0.0032716422082017527
400,157400000.0,-0.08035239622366053,0.012033990978751685
400,157700000.0,-0.0768022321381201,0.02696697780975099
400,158000000.0,-0.07049757045535454,0.04099280944004491
400,158300000.0,-0.061653263194125785,0.05360737805516769
400,158600000.0,-0.05057564939840997,0.06435509674224393
400,158900000.0,-0.037651952781493137,0.07284535116185309
400,159200000.0,-0.023336752679111505,0.07876669071874076
400,159500000.0,-0.008135999316557285,0.08189824660636552
400,159800000.0,0.007410867466359772,0.08211795711398528
400,160100000.0,0.02275006291901427,0.0794072915990291
400,160400000.0,0.03733318323761159,0.07385229248089492
400,160700000.0,0.05063681092168748,0.06564088743823748
400,161000000.0,0.06218130181541026,0.05505655325497977
400,161300000.0,0.07154807899598037,0.04246854101119596
400,161600000.0,0.07839480684704103,0.02831899948083688
400,161900000.0,0.08246789531776466,0.01310744857311072
400,162200000.0,0.08361188078863169,-0.0026268519323195683
400,162500000.0,0.08177533717351437,-0.018324018975432177
400,162800000.0,0.07701309045149518,-0.03342347080459501
400,163100000.0,0.0694846435796661,-0.04738394758900481
400,163400000.0,0.0594488572966827,-0.059702912351695135
400,163700000.0,0.04725506424097059,-0.06993463972352015
400,164000000.0,0.03333091811274924,-0.07770634261575125
400,164300000.0,0.018167398847133143,-0.08273175080401851
400,164600000.0,0.002301501821807772,-0.08482164553539014
400,164900000.0,-0.013702777174468217,-0.08389096510081684
400,165200000.0,-0.029274490156451005,-0.07996221670759703
400,165500000.0,-0.043856107347509,-0.07316505718792385
400,165800000.0,-0.05692348078044329,-0.06373204194989995
400,166100000.0,-0.06800468419033168,-0.051990682501864366
400,166400000.0,-0.07669705390890114,-0.03835208545078786
400,166700000.0,-0.08268181778715622,-0.023296565109671458
400,167000000.0,-0.08573577938389043,-0.007356730672103351
400,167300000.0,-0.08573962712040295,0.00890135535434633
400,167600000.0,-0.08268256073585167,0.024898278678154195
400,167900000.0,-0.07666305909121185,0.04006192204648151
400,168200000.0,-0.06788574718413631,0.053847927941500395
400,168500000.0,-0.05665445791221302,0.06575924236157266
400,168800000.0,-0.04336172380592629,0.0753640353094866
400,169100000.0,-0.028475064472345046,0.0823113523025285
400,169400000.0,-0.012520548368883055,0.08634393233520449
400,169700000.0,0.003935795774272499,0.08730772429680106
400,170000000.0,0.02030806114615702,0.085157747765017
