timestamp,name,memory_used_MiB,memory_free_MiB,utilization_pct,temperature_C
2026/09/24 21:19:00.610, NVIDIA GeForce RTX 4090 Laptop GPU, 10250, 5799, 99, 75
2026/09/24 21:19:05.660, NVIDIA GeForce RTX 4090 Laptop GPU, 10251, 5798, 99, 75
2026/09/24 21:19:10.719, NVIDIA GeForce RTX 4090 Laptop GPU, 10246, 5803, 99, 75
2026/09/24 21:19:15.782, NVIDIA GeForce RTX 4090 Laptop GPU, 10232, 5817, 99, 75
2026/09/24 21:19:20.833, NVIDIA GeForce RTX 4090 Laptop GPU, 10232, 5817, 99, 75
2026/09/24 21:19:25.884, NVIDIA GeForce RTX 4090 Laptop GPU, 10246, 5803, 99, 75
2026/09/24 21:19:30.942, NVIDIA GeForce RTX 4090 Laptop GPU, 10256, 5793, 99, 75
2026/09/24 21:19:35.993, NVIDIA GeForce RTX 4090 Laptop GPU, 10232, 5817, 99, 75
2026/09/24 21:19:41.040, NVIDIA GeForce RTX 4090 Laptop GPU, 10246, 5803, 99, 75
2026/09/24 21:19:46.097, NVIDIA GeForce RTX 4090 Laptop GPU, 10246, 5803, 99, 75
2026/09/24 21:19:51.158, NVIDIA GeForce RTX 4090 Laptop GPU, 10246, 5803, 99, 75
2026/09/24 21:19:56.214, NVIDIA GeForce RTX 4090 Laptop GPU, 10232, 5817, 99, 75
2026/09/24 21:20:01.278, NVIDIA GeForce RTX 4090 Laptop GPU, 10246, 5803, 99, 75
2026/09/24 21:20:06.336, NVIDIA GeForce RTX 4090 Laptop GPU, 10254, 5795, 99, 75
2026/09/24 21:20:11.438, NVIDIA GeForce RTX 4090 Laptop GPU, 10249, 5800, 99, 75
2026/09/24 21:20:16.509, NVIDIA GeForce RTX 4090 Laptop GPU, 10232, 5817, 99, 75
2026/09/24 21:20:21.572, NVIDIA GeForce RTX 4090 Laptop GPU, 10245, 5804, 99, 75
2026/09/24 21:20:26.630, NVIDIA GeForce RTX 4090 Laptop GPU, 10247, 5802, 99, 75
2026/09/24 21:20:31.700, NVIDIA GeForce RTX 4090 Laptop GPU, 10236, 5813, 99, 75
2026/09/24 21:20:36.760, NVIDIA GeForce RTX 4090 Laptop GPU, 10232, 5817, 99, 75
2026/09/24 21:20:41.818, NVIDIA GeForce RTX 4090 Laptop GPU, 10233, 5816, 99, 75
2026/09/24 21:20:46.869, NVIDIA GeForce RTX 4090 Laptop GPU, 10247, 5802, 99, 75
2026/09/24 21:20:51.929, NVIDIA GeForce RTX 4090 Laptop GPU, 10232, 5817, 99, 75
2026/09/24 21:20:56.986, NVIDIA GeForce RTX 4090 Laptop GPU, 10240, 5809, 99, 75
2026/09/24 21:21:02.055, NVIDIA GeForce RTX 4090 Laptop GPU, 10240, 5809, 99, 75
2026/09/24 21:21:07.109, NVIDIA GeForce RTX 4090 Laptop GPU, 10240, 5809, 99, 75
2026/09/24 21:21:12.156, NVIDIA GeForce RTX 4090 Laptop GPU, 10240, 5809, 99, 75
2026/09/24 21:21:17.209, NVIDIA GeForce RTX 4090 Laptop GPU, 10259, 5790, 99, 75
2026/09/24 21:21:22.261, NVIDIA GeForce RTX 4090 Laptop GPU, 10242, 5807, 99, 75
2026/09/24 21:21:27.320, NVIDIA GeForce RTX 4090 Laptop GPU, 10243, 5806, 99, 75
2026/09/24 21:21:32.374, NVIDIA GeForce RTX 4090 Laptop GPU, 10253, 5796, 99, 75
2026/09/24 21:21:37.437, NVIDIA GeForce RTX 4090 Laptop GPU, 10233, 5816, 99, 75
2026/09/24 21:21:42.488, NVIDIA GeForce RTX 4090 Laptop GPU, 10242, 5807, 99, 75
2026/09/24 21:21:47.551, NVIDIA GeForce RTX 4090 Laptop GPU, 10243, 5806, 99, 75
2026/09/24 21:21:52.610, NVIDIA GeForce RTX 4090 Laptop GPU, 10243, 5806, 99, 75
2026/09/24 21:21:57.670, NVIDIA GeForce RTX 4090 Laptop GPU, 10233, 5816, 99, 75
2026/09/24 21:22:02.734, NVIDIA GeForce RTX 4090 Laptop GPU, 10253, 5796, 99, 75
2026/09/24 21:22:07.785, NVIDIA GeForce RTX 4090 Laptop GPU, 1495, 14554, 13, 72
