frequency_Hz,official_real_V_per_m_A,official_imag_V_per_m_A,theory_real_V_per_m_A,theory_imag_V_per_m_A,relative_complex_error,amplitude_difference_dB,wrapped_phase_difference_deg
20000000.0,-0.23334276547615598,-0.18863839357288326,-0.16531843996762677,1.4383824987362746,1.1247300721414257,-13.670450114104009,122.39624338281489
20300000.0,-1.320988256204583,0.29272736865348403,-0.17000086779850673,1.4130487320715257,1.1285561208172399,-0.4393818020009329,70.64515841088023
20600000.0,-1.7613767765458344,1.3627111286377542,-0.17473447329906816,1.388482519057145,1.133923756282895,4.0352683101245415,45.099506692226186
20900000.0,-1.3402628241613028,2.4189886822903897,-0.17951846315144465,1.364654477870079,1.1392692496817738,6.060405195246962,21.494894487984382
21200000.0,-0.3099658125590675,2.8842262393946063,-0.1843520344609943,1.3415369258707426,1.1430058370156575,6.6171591069789315,-1.690500091180413
21500000.0,0.7586668889758276,2.5137247733145376,-0.18923437484359973,1.3191037603539404,1.144375191142595,5.890907959399259,-24.958100202644783
21800000.0,1.2901742165863248,1.5168152783996163,-0.1941646625140311,1.2973303491383044,1.1438494215146744,3.6255184719609854,-48.89583674331402
22100000.0,1.012135848009528,0.4324270215750126,-0.19914206637536971,1.2761934300594298,1.1428823924982157,-1.3898933061458851,-75.7349134967269
22400000.0,0.09252620352878588,-0.16798651747770685,-0.20416574610947952,1.2556710185321034,1.1431293314425806,-16.434656511846597,-160.38941398728525
22700000.0,-0.961940639851409,0.013134235425106689,-0.2092348522685182,1.2357423224352315,1.1455359109490881,-2.2975398099248823,79.60761060475916
23000000.0,-1.585781758390569,0.8475850388162579,-0.21434852636748367,1.2163876636509516,1.1498039676730143,3.2619489330054927,51.882022476215596
23300000.0,-1.4587601340085696,1.8611161411915638,-0.21950590097778036,1.1975884056583008,1.1545502916244739,5.765808868802193,27.70322627602934
23600000.0,-0.6708745478798456,2.4960994767788405,-0.224706099821805,1.1793268866427684,1.1580654771718,6.660586968438828,4.2561318710463185
23900000.0,0.33627263091255555,2.4120487305282166,-0.22994823786853352,1.1615863576371759,1.1592364521255256,6.263349154549852,-19.134190052383662
24200000.0,1.014698301965816,1.6623782690014415,-0.23523142143010983,1.1443509252573565,1.1581364246992532,4.439037143078858,-43.01530378836647
24500000.0,1.0060449349309082,0.6559963965360743,-0.24055474825942041,1.1276054986389006,1.155984802636871,0.35460230290328576,-68.93596982353976
24800000.0,0.32880073009968974,-0.07038912993489539,-0.24591730764864828,1.1113357402193074,1.1544948194339013,-10.59125190107335,-114.56079767478509
25100000.0,-0.6407515722736559,-0.1428136488827564,-0.2513181805287984,1.095528020043918,1.1549376392807278,-4.670858311509118,89.64465603727875
25400000.0,-1.3786710510582691,0.4535292622517566,-0.2567564395701825,1.0801693733043745,1.1574315951879912,2.3269173506029452,58.41972694133412
25700000.0,-1.4975540278390302,1.3748619674106728,-0.26223114928385494,1.0652474608455624,1.160870268200179,5.3580396762376425,33.61635673113601
26000000.0,-0.9509185500373194,2.1114233893696057,-0.2677413661239933,1.0507505324013615,1.1635332134747478,6.590360827170892,9.94998957985513
26300000.0,-0.05022109248576472,2.264498517491681,-0.27328613859120765,1.0366673923414051,1.164021598902645,6.4969981909385215,-13.49784236605269
26600000.0,0.7102805800948662,1.7575866222157934,-0.27886450733677537,1.0229873677307013,1.1620027481459978,5.046607819575824,-37.25298446172755
26900000.0,0.9226347848380132,0.8701163775342905,-0.2844755052677882,1.0097002785216402,1.1583821184754797,1.6482372077029823,-62.41277780416143
27200000.0,0.4820017524203581,0.0796523318943415,-0.29011815765320215,0.9967964097138493,1.1548184821746823,-6.547285799967274,-96.84415948044519
27500000.0,-0.36383046630546545,-0.19859478655678844,-0.2957914822307822,0.9842664853317095,1.152823904848208,-7.8872147524259795,101.90110859514301
27800000.0,-1.1550613794076143,0.16689553210049074,-0.301494489314927,0.9721016440823169,1.1529264921658402,1.1887410283397233,64.5470750544354
28100000.0,-1.4711136476506892,0.9595385377174327,-0.3072261819053725,0.9602934165683827,1.1543736819889856,4.821102909639362,39.14446540471536
28400000.0,-1.1554319437361722,1.7382905915045,-0.312985555796754,0.9488337039411998,1.1555522801060387,6.399180801939693,15.355927901589158
28700000.0,-0.39389285027053816,2.0790519866458284,-0.31877159968902236,0.937714757888371,1.1548748055282256,6.594106484593181,-8.047230023677121
29000000.0,0.3921233230218299,1.8018991856835465,-0.3245832952987039,0.9269291618597447,1.1516310122442233,5.472300863054496,-31.575854832501733
29300000.0,0.776780272587905,1.0625841722364784,-0.3304196174709928,0.9164698134428925,1.146358791966477,2.6135715620372206,-55.99391933283503
29600000.0,0.558461313578194,0.26203400804442867,-0.3362795342926631,0.9063299078066602,1.1405532158474119,-3.901862949664145,-85.22028150218307
29900000.0,-0.13654689082812346,-0.17387447994887062,-0.34216200720579426,0.8965029221378669,1.1358597177995784,-12.75053701630644,120.96678212882566
30200000.0,-0.9284551763054667,-0.023482847411435286,-0.34806599112229614,0.8869826010021675,1.133171579126987,-0.22232693569354717,70.0230110128395
30500000.0,-1.3929611876418424,0.6156841672587389,-0.3539904345392239,0.8777629425655452,1.1321357632091285,4.131772126624643,44.191149696892516
30800000.0,-1.2899986139384558,1.3855838461623415,-0.3599342796548733,0.8688381856178297,1.1313569440358666,6.076959289404908,20.45117881067579
31100000.0,-0.6890830828330476,1.8650478138176858,-0.3658964624856418,0.8602027973441756,1.1291747030031298,6.55526563560664,-2.7651309449843464
31400000.0,0.07401519153847759,1.7972406116650606,-0.37187591298364964,0.8518514617945553,1.1245637542521767,5.734634997360418,-25.94194569582278
31700000.0,0.5827571414792535,1.2244916642948462,-0.3778715551551055,0.8437790690051197,1.1176739813582488,3.327392328810298,-49.57497792029669
32000000.0,0.5651709707201429,0.45987615892893774,-0.3838823071794083,0.8359807047287187,1.1097431626778067,-2.0247184225111083,-75.52954714811958
32300000.0,0.03728169978634791,-0.08610464010330418,-0.389907081528972,0.8284516407350738,1.1024307812520011,-19.787535820396553,178.2078974616194
32600000.0,-0.7108592093756221,-0.12794547024433509,-0.3959447850897649,0.8211873256439755,1.0969154286000429,-2.0225097472887343,74.46168863431795
32900000.0,-1.2761169836814972,0.3437162180333216,-0.40199431928254836,0.8141833762575779,1.0932490047446215,3.2600978260792997,48.64802578118055
33200000.0,-1.361030449356756,1.0621093036448805,-0.4080545801848082,0.8074355693602951,1.0903409952623802,5.6128836873647465,25.221825707679614
33500000.0,-0.9318051769090906,1.6327328342045,-0.4141244586533624,0.8009398339570725,1.086577263035236,6.381835422356344,2.372382593285263
33800000.0,-0.23175243380936275,1.7477374126519694,-0.420202840447638,0.7946922439228757,1.0807064908611428,5.850538320815026,-20.31473669242473
34100000.0,0.35445915321137617,1.3499053444287974,-0.4262886063536022,0.7886890110381571,1.072505622535054,3.8444123004361606,-43.10397728455437
34400000.0,0.5101400957509816,0.6590003568169142,-0.43238063230833823,0.7829264783868158,1.0628885233477356,-0.6136279142669847,-66.65409153751087
34700000.0,0.155700626393553,0.04874574752933547,-0.43847778952525435,0.7774011140947928,1.0534126690070886,-14.7605961279252,-102.04035772372998
35000000.0,-0.5126479284749261,-0.15683901480138937,-0.4445789446199115,0.772109505388948,1.04543717336428,-4.412166265887547,77.07767476860094
35300000.0,-1.1331614588289374,0.14313287189737708,-0.45068295973646116,0.767048352957237,1.0393829658316418,2.170190205996337,52.36436035115885
35600000.0,-1.3759664773334042,0.7759415218341722,-0.45678869267467975,0.762214465592506,1.0345155029697912,4.997128935274089,29.64637281391699
35900000.0,-1.1199809426680454,1.392790691255833,-0.4628949970175882,0.757604755103378,1.0293733358679158,6.07708587223568,7.378862401481163
36200000.0,-0.5145640610981335,1.6594057375144742,-0.4690007222596439,0.7532162314768278,1.0225820853660923,5.8363905812617904,-14.680933436305411
36500000.0,0.10533285792137374,1.4356475799285846,-0.4751047139354936,0.7490459982780359,1.0135929635191137,4.205660065592712,-36.58237752621301
36800000.0,0.40245494540314114,0.8477255977562215,-0.48120581374927646,0.7450912482740639,1.0029637185040399,0.48962765199785035,-58.25165535775236
37100000.0,0.21877088661702843,0.21593308194213337,-0.4873028597044599,0.7413492592687521,0.9920525919030501,-9.206336648432172,-78.69170270844343
37400000.0,-0.342377561928104,-0.12086938095174665,-0.49339468623420585,0.7378173901370645,0.9822858404831539,-7.764028534355452,75.67301909014347
37700000.0,-0.9760904508304606,0.01206556238991688,-0.4994801243322426,0.734493077047845,0.9743844980918823,0.8199123539942668,55.07476988443971
38000000.0,-1.3432331985609258,0.5339241629688825,-0.5055580016842417,0.7313738298646465,0.9679816036477582,4.2211129739383155,33.66863922661462
38300000.0,-1.2535323978153217,1.1558685545161944,-0.5116271427996777,0.7284572287149488,0.9618495689214152,5.6454994926316395,12.239150690193949
38600000.0,-0.7656739963670723,1.5397873897635845,-0.5176863691441667,0.7257409207186779,0.9545941531934516,5.706782730417324,-9.061766582194354
38900000.0,-0.15183712551516562,1.4810916973047041,-0.5237344992722652,0.7232226168675026,0.9454118614953533,4.440560658277349,-30.057499336444078
39200000.0,0.2521447871421638,1.0168075767908131,-0.5297703489607188,0.7209000890469053,0.9345077279418313,1.3711261268745745,-50.23827411297872
39500000.0,0.2285888420285639,0.40194005689090245,-0.5357927313421487,0.718771167193512,0.9229735970825862,-5.750718170200253,-66.32939255513023
39800000.0,-0.20661169304866292,-0.03115596615652007,-0.5418004570391632,0.7168337365806174,0.9121978315478128,-12.670132139269397,61.492416939235
40100000.0,-0.8160663607305007,-0.052923740167607286,-0.547792334298881,0.7150857352252659,0.9031139757065323,-0.8397419207899204,56.25659810518214
40400000.0,-1.2720490649433016,0.34130214747374793,-0.5537671691278518,0.7135251514106437,0.8956994068067032,3.2762729438975318,37.16571618742436
40700000.0,-1.3343498974689765,0.9321208793909272,-0.5597237654273679,0.7121500213179042,0.8890104644838347,5.09086285728532,16.897418688838485
41000000.0,-0.9783686282066579,1.3975417336926026,-0.5656609251291442,0.7109584267618938,0.8817247200154527,5.4725950663205545,-3.512382704822135
41300000.0,-0.4052114355609195,1.4879278030313976,-0.5715774483313631,0.7099484930255695,0.8728674999237174,4.567760997472398,-23.60336361536526
41600000.0,0.06992193955183862,1.1594225696528255,-0.577472133435066,0.7091183867881928,0.8623246614420053,2.076861491393138,-42.608913738072374
41900000.0,0.18919028847820518,0.5946094537865841,-0.5833437772808783,0.708466314142677,0.8508881632297371,-3.3507876870721227,-57.11749203823676
42200000.0,-0.10979468208977097,0.10090183360599224,-0.5891911752860586,0.7079905186977179,0.8398237921820902,-15.81541344076087,7.649545863949903
42500000.0,-0.6631302417985961,-0.056863184784314874,-0.5950131215818577,0.7076892797605898,0.8301860859093435,-2.8551804666334446,54.8445512519028
42800000.0,-1.1721285733311761,0.20147454682605812,-0.60080840915117,0.7075609105967219,0.8222483882472875,2.152836713024285,39.911411248892975
43100000.0,-1.3661529731727324,0.7307892679815885,-0.606575829966471,0.7076037567623767,0.8153702755933734,4.414500035979717,21.252546469117778
43400000.0,-1.148068913159601,1.2420075077980837,-0.6123141751280247,0.7078161945069715,0.8083734610441228,5.1399334981933285,1.8869613094259319
43700000.0,-0.6441944646912874,1.459880891391906,-0.6180222350023451,0.708196629241755,0.8001967007435652,4.596955397684154,-17.300047262396436
44000000.0,-0.13315686064014207,1.2711389967895914,-0.6236987993609047,0.7087434940717494,0.7904605853154176,2.6309336226404474,-35.36783333464584
44300000.0,0.1063549819623622,0.7833320645927263,-0.6293426575190704,0.7094552483880205,0.7796538884584769,-1.5812759110873085,-49.30746422257044
44600000.0,-0.05419440714285928,0.26387355524180117,-0.6349525984752589,0.7103303765175051,0.768860495989424,-10.972237230765273,-30.186973070768108
44900000.0,-0.5259192229313102,-0.006252033797092398,-0.6405274110502938,0.7113673864277693,0.7591716215015233,-5.201471948280462,48.680674490535644
45200000.0,-1.0533274329255253,0.11586223469251282,-0.6460658840269565,0.7125648084842149,0.7510939482787377,0.8413784834885782,41.52504194361969
45500000.0,-1.3542601274099861,0.5598360894785996,-0.6515668062897102,0.7139211942573759,0.7442835073118298,3.6146996908560043,25.15491176853141
45800000.0,-1.272357093634993,1.0827521254233459,-0.6570289669645923,0.7154351153780761,0.7377558956986233,4.710401477190337,7.03962809178812
46100000.0,-0.8597107106500209,1.4023775841958326,-0.6624511555592533,0.7171051624383303,0.7304400933971809,4.5316016791017795,-11.221415799703427
46400000.0,-0.3460706916266241,1.3498442836553333,-0.6678321621031378,0.7189299439359887,0.7217552782440367,3.0465127962812715,-28.51011411238688
46700000.0,-0.012671529287688763,0.959236777834082,-0.6731707772877839,0.7209080852612146,0.7119065526266591,-0.2412621132429038,-42.28195855653602
47000000.0,-0.0399254844865398,0.44661017914433154,-0.678465792607238,0.7230382277229961,0.7017612560311163,-6.892835226898186,-38.0699448734039
47300000.0,-0.4114206924050218,0.0911652213164648,-0.6837160004985634,0.7253190276139747,0.6923765578799607,-7.478026622950564,34.197131815270346
47600000.0,-0.9252623677648409,0.08388468012061251,-0.6889201944824348,0.7277491553119637,0.6844250551404643,-0.6574832377512678,41.38970763746966
47900000.0,-1.3052850977596986,0.4256469786156178,-0.6940771693038013,0.7303272944166114,0.677833115383988,2.6878073209684654,28.396934083965345
48200000.0,-1.350920578887914,0.9291276333759515,-0.6991857210726067,0.7330521409197376,0.6718380300668904,4.182289464912866,11.835382538446595
48500000.0,-1.04443241981491,1.3221672546803327,-0.7042446474045538,0.735922402407951,0.6654227860491333,4.371542746094609,-5.433322944209169
48800000.0,-0.558225456311102,1.3956104102875317,-0.7092527475618976,0.7389367972962139,0.6578704832192572,3.3317912834052414,-22.025005331632425
49100000.0,-0.1595203942579798,1.1153477133008127,-0.7142088225942536,0.7420940540910964,0.6491368428739419,0.7798204702760076,-35.763620755632886
49400000.0,-0.06505627289894719,0.6385804921938368,-0.7191116754794122,0.7453929106825158,0.6398588845208656,-4.15575795265,-38.1548923745503
49700000.0,-0.32478543875438237,0.22670330093614582,-0.7239601112641386,0.748832113662816,0.631005023146577,-8.398093181869783,11.052094853463046
50000000.0,-0.7969339152926203,0.103038470568889,-0.7287529372049503,0.7524104176721009,0.6233484818560184,-2.302420653480012,38.54795495830619
50300000.0,-1.2267786721435547,0.3328139358463182,-0.733488962908857,0.7561265847687836,0.6170474716240729,1.6315575537798606,30.692162150813523
50600000.0,-1.3854129554898615,0.7898525685529527,-0.7381670004740467,0.7599793838243596,0.6115699605611409,3.5521612804615965,16.145785076660395
50900000.0,-1.1929401274314542,1.226909403324687,-0.742785864630511,0.7639675899414693,0.6060018586947035,4.114920868518554,0.0011510614368185
51200000.0,-0.7598294169430869,1.4104925114196745,-0.7473443728805862,0.768089983894345,0.5995514035251845,3.4927144094792455,-15.90444040690151
51500000.0,-0.3250864561750997,1.2466850582664029,-0.7518413456394085,0.7723453515907921,0.5919671852647239,1.5495826660547798,-29.614246139577062
51800000.0,-0.1257966375393476,0.8301996966836803,-0.7562756063752581,0.7767324835548833,0.5836581696402089,-2.2191240921783772,-35.619232703139375
52100000.0,-0.2692145678547426,0.3910929921487235,-0.7606459817497881,0.7812501744295909,0.575465051359479,-7.221456800327269,-9.692260643899107
52400000.0,-0.6763763985385245,0.1690674352453699,-0.7649513017581178,0.7858972224986104,0.5682028467753962,-3.9349020887631516,31.73967810478771
52700000.0,-1.1268363856659656,0.2840067782943699,-0.7691903998687815,0.7906724292266687,0.5622167157660534,0.4524370685091549,31.642865282709813
53000000.0,-1.3792378480738459,0.6726377884563371,-0.7733621131635167,0.7955745988176361,0.5571995394407874,2.816748136525823,19.81318291605517
53300000.0,-1.3018045345729254,1.1247430016342146,-0.7774652824768798,0.8006025377897973,0.5523746127168503,3.7593915458884712,5.013387530145422
53600000.0,-0.9422310275994212,1.3982629425640412,-0.7814987525356717,0.805755054567659,0.546929374359205,3.534033036233517,-10.150092769341805
53900000.0,-0.4999389971889452,1.3502952905934738,-0.7854613720981685,0.8110309590897097,0.5404505028563941,2.112337526524914,-23.765643830945933
54200000.0,-0.2167582369711018,1.0131249307239318,-0.7893519940931332,0.8164290624315583,0.5331326116255479,-0.7970200929044708,-31.957582457422816
54500000.0,-0.24592859951287568,0.5748656468486973,-0.7931694757586019,0.8219481764439159,0.5256637160016814,-5.233934359799162,-20.817863189848676
54800000.0,-0.5703552537886475,0.2762113073518672,-0.7969126787804302,0.827587113404904,0.5188503869730374,-5.167728153101329,20.241801153604456
55100000.0,-1.0136930035653775,0.2799363564320108,-0.8005804694305817,0.8333446856861891,0.5131779359507269,-0.8187818827050246,30.711012171696385
55400000.0,-1.3372660293624123,0.5838721342939062,-0.8041717187051539,0.8392197054324797,0.5085476742538803,1.9756430680827397,22.634874581415673
55700000.0,-1.369584212190484,1.0238555872219177,-0.8076853024621165,0.8452109842539202,0.5043418913524083,3.3029848309199354,9.5199949044243
56000000.0,-1.0982008504020382,1.364089243563052,-0.8111201015587606,0.8513173329309589,0.4997729460655982,3.4596880669305947,-4.77803223354325
56300000.0,-0.6747352663161826,1.4252038695688372,-0.8144750019888359,0.857537561131267,0.49431052648015056,2.498468225895114,-18.190366051413942
56600000.0,-0.33127489182839176,1.1804978291689479,-0.8177488950193672,0.8638704771383117,0.4879562184512287,0.2629893298639807,-27.753605522675226
56900000.0,-0.2542213639228271,0.7687418831700581,-0.8209406773271379,0.8703148875912055,0.4812320891886148,-3.3912443126990004,-25.028847508642873
57200000.0,-0.4841277651556625,0.41751715546927476,-0.824049251134822,0.876869597235458,0.4748952170695772,-5.49350879822097,6.003843268736105
57500000.0,-0.8953244542386365,0.31940848024410795,-0.8270735243467562,0.8835334086842878,0.46952539467694476,-2.097538003505914,27.256461694535364
57800000.0,-1.265499868726266,0.5283807025224493,-0.8300124106843376,0.8903051221901497,0.4652085937780341,1.0359364019320398,24.345381633355256
58100000.0,-1.3967391223897103,0.9320704740381487,-0.832864829821032,0.8971835354261611,0.4614968657733001,2.7450663376134976,13.413194615565335
58400000.0,-1.2221435857104246,1.314168849550074,-0.8356297075169796,0.9041674432771127,0.4576647935182663,3.2730617113135074,0.17799226242321914
58700000.0,-0.8406165101257488,1.4722897630526834,-0.8383059757531892,0.9112556376397682,0.4531077844465084,2.7294517928838298,-12.88780181453611
59000000.0,-0.46176741726660764,1.327119430414637,-0.8408925728653023,0.9184469072321663,0.4476604767281447,1.049392734270648,-23.290754445163373
59300000.0,-0.2915961061667124,0.9640027792940665,-0.843388443676914,0.925740037411651,0.4416750892555431,-1.8924965840374393,-25.50508498868593
59600000.0,-0.421278913376103,0.5851956711329449,-0.8457925396324442,0.9331338100013675,0.43582701372382315,-4.843867953337581,-6.4392724858416255
59900000.0,-0.7790767729330635,0.3994631636191304,-0.848103818929538,0.940627003124967,0.4307477994376314,-3.2069043414903713,20.8150293787193
60200000.0,-1.1707019008470863,0.5092648001468486,-0.8503212466509875,0.948218391049282,0.42667967899054415,0.020643984101247816,24.606188495708835
60500000.0,-1.3854649043498921,0.8564697832857563,-0.852443794896157,0.9559067440347307,0.42334633426369994,2.087914466865206,16.550930235073174
60800000.0,-1.3102307266725353,1.2553364670363374,-0.8544704429119061,0.9636908281932364,0.420113957558311,2.9773637365713763,4.663478982457073
61100000.0,-0.9895677928997265,1.4940865926502471,-0.8564001772229894,0.9715694053534287,0.4163432045619109,2.8208477231136215,-7.87748556840653
61400000.0,-0.6001351489283364,1.449547837444398,-0.8582319917619264,0.9795412329329388,0.41173061350966755,1.6173154767566933,-18.733142979930403
61700000.0,-0.35397656904696767,1.1528241813582158,-0.8599648879983229,0.9876050638175657,0.40646201575423974,-0.7158475259667085,-23.97878480804888
62000000.0,-0.38363949200784386,0.7710030349299969,-0.8615978750676376,0.9957596462471422,0.4011069904276308,-3.688367578198352,-14.414306326012017
62300000.0,-0.6713396298237798,0.5155898211557098,-0.8631299698993766,1.0040037237078956,0.3963100141160932,-3.8855184940611185,11.79043057113211
62600000.0,-1.0600059232315333,0.5278285545011768,-0.8645601973447011,1.0123360348311377,0.39243846572507673,-1.0171966367558527,23.030899004042567
62900000.0,-1.3394571747243924,0.8030692678940774,-0.8658875903034428,1.0207553132981,0.38938226424943695,1.3395755657801822,18.747960245281757
63200000.0,-1.360448940998152,1.1946618346059228,-0.8671111898505085,1.029260287750762,0.3866213506438213,2.5763356301931544,8.599588730318347
63500000.0,-1.1147252618294314,1.4945197237322232,-0.8682300453616603,1.0378496817084937,0.3835175826222639,2.784271976528836,-3.196369909520731
63800000.0,-0.738155264720722,1.546114041790962,-0.869243214638665,1.0465222134903762,0.37965974239459327,2.003009496202795,-14.192053184993446
64100000.0,-0.4359818463583576,1.328557681314755,-0.8701497640337943,1.055276596143035,0.375076537216007,0.19158887528170693,-21.340120932018962
64400000.0,-0.3712890048426287,0.9666285715449608,-0.8709487685736653,1.0641115373738543,0.3702147912692099,-2.463786807342564,-18.28732754889083
64700000.0,-0.5772792410593253,0.6620055927635329,-0.8716393120824104,1.0730257394894254,0.3656973864709408,-3.9395488413163946,2.0013223803774665
65000000.0,-0.9405296051023821,0.5835928285880116,-0.872220487304161,1.0820178993390992,0.3619843373332743,-1.977030852366245,19.308177761642053
65300000.0,-1.2636186637425555,0.7765582452520737,-0.8726913960248357,1.0910867082635116,0.3591203984382144,0.5188496101046252,19.773040390135428
65600000.0,-1.3725638751823364,1.1390561744574947,-0.873051149193218,1.1002308520479518,0.35671475326526575,2.075488023139761,11.879000056287007
65900000.0,-1.2106176155493094,1.478592253207264,-0.8732988670413148,1.109449010880467,0.35416271683932493,2.628882154419247,1.1014432874273765
66200000.0,-0.8678709433723358,1.6168561199368259,-0.8734336792039787,1.1187398593145663,0.35097639361142424,2.2313797916347347,-9.754899700639472
66500000.0,-0.531250637222432,1.485945302933885,-0.8734547248377875,1.1281020662364292,0.3470413332574536,0.8756571951152059,-18.0766854532548
66800000.0,-0.3826413484398209,1.1640688078088652,-0.8733611527391627,1.1375342948364942,0.3426710758677212,-1.3666340363558311,-19.319635877922444
67100000.0,-0.500642075214659,0.8319812203244586,-0.8731521214617218,1.1470352025853348,0.33843684793665824,-3.4322737274003154,-6.242012431617402
67400000.0,-0.8190071704439582,0.6743928231696893,-0.8728267994328447,1.1566034412137105,0.3348583056344176,-2.707521457914232,13.491124413307393
67700000.0,-1.1637247711183116,0.7801146095303876,-0.8723843650694516,1.1662376566967003,0.3321185316384881,-0.33690797092467883,19.365974212285767
68000000.0,-1.3480035067086802,1.0949051439650166,-0.8718240068929697,1.1759364892418145,0.3299651963570474,1.4841870226449452,14.362287900930781
68300000.0,-1.2733322217279683,1.4520355523351423,-0.871144923643488,1.185698573281005,0.32785554110444787,2.362707905901684,4.943358586292645
68600000.0,-0.9819503560279934,1.6633765270194676,-0.8703463243930791,1.1955225374664693,0.3252563419195995,2.3202636303812834,-5.499937993621409
68900000.0,-0.6327982649230498,1.6212588928096752,-0.8694274286582826,1.2054070046701708,0.32192795107648525,1.3710890745843807,-14.480547849700805
69200000.0,-0.41460705794357183,1.3559698988792406,-0.8683874665117363,1.2153505919869885,0.31804596052278566,-0.4521780401238359,-18.544657843172278
69500000.0,-0.44363690222096835,1.018197022713682,-0.8672256786929423,1.22535191074141,0.31410444538234605,-2.6171776414396946,-11.745260500154894
69800000.0,-0.7014593188145121,0.7965517760239527,-0.8659413167181589,1.2354095664976925,0.31064992994728746,-3.0544307096433716,6.339843402713576
70100000.0,-1.0460649417785357,0.8153010961547323,-0.8645336429894073,1.2455221590734171,0.30798286500152255,-1.1623270947078577,17.3021807414029
70400000.0,-1.2896691936032483,1.0677446241893955,-0.8630019309025766,1.2556882825563485,0.30599255314200197,0.8190004394909468,15.878187979069743
70700000.0,-1.3006003559800654,1.4209417491521152,-0.8613454649546254,1.2659065253245472,0.3042226207038659,1.9941018091121525,8.236067209465626
71000000.0,-1.0740003193055625,1.6886312630852147,-0.8595635408498583,1.276175470069642,0.3021257661739211,2.2831224829920314,-1.504994597549415
71300000.0,-0.7333884673832138,1.7323594467693997,-0.8576554656052734,1.2864936938232108,0.2993586583463024,1.7035772832853922,-10.744647487606246
71600000.0,-0.46282209314963246,1.5359225712264342,-0.8556205576549661,1.2968597679861946,0.2959598371919675,0.27759084752894536,-16.64614867217712
71900000.0,-0.40689855374821043,1.213110537291379,-0.8534581469535825,1.307272258361282,0.292325483716654,-1.728154835355493,-14.596322403371907
72200000.0,-0.5929152540064128,0.9451196373331046,-0.8511675750788074,1.3177297251881945,0.28899710906057074,-2.9599414066849934,-0.7579640133036378
72500000.0,-0.9170780769866758,0.8820448752079304,-0.8487481953328728,1.328230723181829,0.28636767566215793,-1.859949645024654,13.536697886570742
72800000.0,-1.2016860225240997,1.0619933030233435,-0.8461993728430901,1.3387738015731716,0.28446511652805934,0.10859176786404129,16.235500345601473
73100000.0,-1.2918002182926636,1.3913962030865825,-0.8435204846613779,1.349357504152949,0.2829394324618042,1.5335901960936302,10.863611540142537
73400000.0,-1.1388210620403831,1.6966630637351392,-0.8407109198627858,1.359980369317942,0.28125993774860286,2.130978379634398,2.1465222495360567
73700000.0,-0.8259015994167608,1.818675871578108,-0.8377700796430049,1.3706409301199187,0.27900436184913163,1.8923330500345814,-7.01045201057324
74000000.0,-0.5219299899201649,1.6986965957866134,-0.8346973774148423,1.381337714317127,0.27608053733746163,0.8363286857761669,-14.063457525686355
74300000.0,-0.3895325512134096,1.4093173293773142,-0.8314922389036666,1.392069244428291,0.27277108984794546,-0.8983998036936978,-15.39945880937627
74600000.0,-0.4971987144995176,1.1141626752126745,-0.8281541022417988,1.4028340377890722,0.2695822964254368,-2.510975230908818,-6.506233219912354
74900000.0,-0.7830000754644316,0.9786983941805166,-0.824682418061849,1.4136306066109259,0.2669715014871217,-2.3172445692069092,8.402895058054414
75200000.0,-1.0891068519930724,1.0807529128762243,-0.821076649588982,1.4244574580423266,0.26509599537661577,-0.6004577990815304,15.260853881780998
75500000.0,-1.2478805714527956,1.3691276899254539,-0.8173362727321064,1.435313094232296,0.2637269644480441,0.9964121240310428,12.688092635734039
75800000.0,-1.1725918659208734,1.6922933906186568,-0.8134607761739754,1.4461960123961954,0.26237978636753223,1.8740788397013595,5.361112248913976
76100000.0,-0.903681531352713,1.8811068483566253,-0.8094496614601905,1.4571047048837351,0.26058085893070887,1.952194638173044,-3.3934377540403275
76400000.0,-0.5859018581133331,1.8404052661614256,-0.8053024430870944,1.468037659249161,0.258119086140759,1.2402893557695307,-11.08815812631065
76700000.0,-0.3892357293934818,1.5998873741115796,-0.8010186485885499,1.4789933583235646,0.255153413670879,-0.18488369951776668,-14.766043868019379
77000000.0,-0.41678640356855995,1.2970878582932128,-0.7965978186215915,1.4899702802892842,0.2521272500043263,-1.8692958653066238,-10.317249471911214
77300000.0,-0.6495405530238214,1.1021754649507798,-0.7920395070509407,1.500966898756348,0.24953174878194112,-2.454594931046538,2.6919545993689766
77600000.0,-0.9575864266041153,1.1256834185010873,-0.7873432810323747,1.5119816828409236,0.24763797946133867,-1.240158557143602,12.879239010657741
77900000.0,-1.1712117740490904,1.3591927893519353,-0.7825087210949437,1.5230130972457312,0.24634705375522986,0.40592648774854123,13.557722731705109
78200000.0,-1.1729810801552958,1.680789807642312,-0.7775354212220186,1.5340596023423825,0.24524761206510312,1.5236285856135194,8.032131273732379
78500000.0,-0.9608450498368779,1.9218533534483127,-0.7724229889311736,1.545119654255603,0.24384463120769503,1.895322695048486,0.0021126541620360476
78800000.0,-0.6483771907093925,1.9585942381988997,-0.7671710453528793,1.5561917049493095,0.24182526325987694,1.5044356773171896,-7.925646692631773
79100000.0,-0.4024842640272518,1.7786612121365433,-0.7617792253080117,1.5672742023144914,0.23922070706344492,0.3947823789935612,-13.171795982206051
79400000.0,-0.35274332255444385,1.4869846386499899,-0.7562471773841574,1.5783655902588793,0.23638753697680553,-1.1777855627312157,-12.255561387612087
79700000.0,-0.5216038337978366,1.2481530552104787,-0.7505745640107122,1.5894643087983416,0.23381882788054528,-2.2748380903446206,-2.597474906021466
80000000.0,-0.8130429695655312,1.196956567851493,-0.7447610615327646,1.6005687941499944,0.23187778481371726,-1.7274211031958255,9.233600681768163
80300000.0,-1.0653744145429223,1.36570887904849,-0.7388063602837522,1.6116774788269819,0.23059718062952594,-0.20243437749495097,13.330284537417683
80600000.0,-1.1391779538495515,1.6675261892229136,-0.7327101646568853,1.6227887917348938,0.22966253636306247,1.0938521538202866,10.039317769630252
80900000.0,-0.9925398547211728,1.9441927414974214,-0.7264721931753299,1.6339011582697853,0.22858873683589057,1.7326852876194665,3.073905730643049
81200000.0,-0.7030078252560252,2.0522531062077585,-0.7200921785611387,1.6450130004177725,0.22698356383598395,1.6417257183372025,-4.731931942175862
81500000.0,-0.4247773115929652,1.9404925871994863,-0.7135698678029294,1.6561227368561666,0.22475295124342703,0.840108239600333,-10.962264233641859
81800000.0,-0.30473547351730945,1.6769663974204119,-0.7069050222222896,1.6672287830561154,0.22214752068361973,-0.5263186173478875,-12.677638649154117
82100000.0,-0.40306662465440946,1.4113262238325082,-0.7000974175389141,1.6783295513867265,0.21963051099129954,-1.8611746807126692,-6.703904878497861
82400000.0,-0.6613247858398187,1.2932871920567157,-0.6931468439344608,1.6894234512206325,0.21763022988654915,-1.9877372040404582,4.7753573711448905
82700000.0,-0.93489860494737,1.3916473015633335,-0.6860531061151153,1.700508889040978,0.216305079808987,-0.7783207733774998,11.921807109317244
83000000.0,-1.071847747823747,1.6576530977526036,-0.6788160233728574,1.7115842685497957,0.21545590596088152,0.6045412826929343,11.253608139947481
83300000.0,-0.9951402420137324,1.9522079633023037,-0.6714354296454296,1.7226479907777335,0.21463895099407068,1.4755423530194878,5.715951805306818
83600000.0,-0.7437877518492707,2.121752071804219,-0.6639111735749919,1.733698454195119,0.21340973061679813,1.6634881563797017,-1.635795261678819
83900000.0,-0.4509220066187099,2.0814273941371972,-0.6562431185654534,1.7447340548243258,0.21155829210361846,1.1571770411594826,-8.388974971630304
84200000.0,-0.27111648328057525,1.8604943798500038,-0.6484311428384895,1.7557531863534073,0.20921620338899197,0.039259482055369714,-11.979147789771034
84500000.0,-0.2966215719213832,1.5857013532377915,-0.640475139488215,1.7667542402509857,0.2067869457986748,-1.3259548771241223,-9.331037702990281
84800000.0,-0.5078986628441907,1.4120377661239423,-0.6323750165345272,1.7777356058823506,0.20473271638114016,-1.9894745262171523,0.20179282717142727
85100000.0,-0.7849691304707208,1.4386949354817502,-0.6241306969750949,1.7886956706267605,0.203323391819292,-1.258608029208733,9.381965411999058
85400000.0,-0.9730154514230428,1.6557947035988305,-0.6157421188360079,1.7996328199958997,0.20248672108330182,0.08393247060300207,11.551990061121652
85700000.0,-0.9663730568359953,1.950487434939456,-0.6072092352210509,1.810545437753485,0.20185013798097198,1.1371124175674387,7.816115073273295
86000000.0,-0.765352695295095,2.1687098668598837,-0.5985320143596226,1.8214319060359778,0.20094782644790957,1.5802074450366534,1.2474962739416715
86300000.0,-0.4753438782784703,2.1988123774388173,-0.5897104396532851,1.8322906054743904,0.19947031008564528,1.3541921515081734,-5.64182161735893
86600000.0,-0.24908103138411328,2.0316684222750654,-0.5807445097209258,1.8431199153171556,0.19742406326715528,0.49969161020204234,-10.499461037024581
86900000.0,-0.20369225059053622,1.7649113996161454,-0.5716342384425454,1.853918213554028,0.1951265665416757,-0.7643163334057003,-10.553038824318406
87200000.0,-0.35757521224925815,1.549388216229551,-0.5623796550016487,1.8646838770410097,0.19304025928582366,-1.7616236531522955,-3.7875950757048713
87500000.0,-0.6211128956523347,1.5071887345976118,-0.5529808039262459,1.8754152816262535,0.19152448364079586,-1.579441328183184,5.96800944082456
87800000.0,-0.8458868637384601,1.6657868317160336,-0.5434377451284467,1.886110802276942,0.19063706998045382,-0.42898026084768065,10.848396914890282
88100000.0,-0.9053702314651565,1.9438121518068896,-0.5337505539426527,1.896768813207102,0.19010273866956862,0.7345343609444444,9.25811521765526
88400000.0,-0.7632353761031618,2.1958024545077452,-0.5239193211623362,1.9073876880063323,0.18946770633130033,1.4025391396793494,3.8077060589478817
88700000.0,-0.49240587970281957,2.2913308391872125,-0.5139441530753965,1.9179657997694413,0.18834603072317413,1.4398556956787778,-2.8723691043396524
89000000.0,-0.2348747126339206,2.1854709710908082,-0.503825171498103,1.9285015212269332,0.18662090705052053,0.8496347885936539,-8.507306184972704
89300000.0,-0.12442126045878438,1.94253626568945,-0.49356251380760113,1.938993224876362,0.1845030666399956,-0.23901664578137088,-10.616270527605232
89600000.0,-0.21428389262615063,1.700559868913454,-0.4831563329729917,1.9494392831144978,0.18242129596794115,-1.3768396368642841,-6.738041188247219
89900000.0,-0.44888546563724196,1.5961239160581036,-0.4726067975849659,1.959838068370306,0.18079558607696486,-1.6979608216847066,2.15003328728031
90200000.0,-0.6946187031969032,1.6904681490984819,-0.46191409188400734,1.9701879532386946,0.17980754659011086,-0.8848488451711717,9.14313417045439
90500000.0,-0.8126480762818366,1.9368467646247665,-0.45107841578713737,1.9804873106150291,0.17929920321969678,0.2910473507815165,9.930709535829937
90800000.0,-0.7340650505620846,2.206524755423545,-0.440099984913216,1.9907345138303785,0.1788626464164772,1.14254874976957,5.935105248089687
91100000.0,-0.49671929851587565,2.3589664276288373,-0.4289790306067826,2.0009279367874817,0.1780644418835809,1.4230544932468425,-0.20960967448153286
91400000.0,-0.22404739371484092,2.3179536959710583,-0.41771579996043606,2.011065954097392,0.17667460331371104,1.0905171147470274,-6.213071146924818
91700000.0,-0.05772930750077986,2.112411651470926,-0.4063105558357581,2.0211469412168146,0.1747834758456492,0.21479820023317758,-9.801224073713872
92000000.0,-0.08090752083349682,1.8600799930869916,-0.39476357688275837,2.031169274586066,0.17275447898922486,-0.9171048047260961,-8.507872126985248
92300000.0,-0.27357304968779644,1.7032326677394933,-0.3830751575578518,2.0411313317676925,0.17103446863937638,-1.6116567989063089,-1.5045951124007737
92600000.0,-0.5240517010119606,1.7315334040633983,-0.3712456081403624,2.05103149158567,0.16991273811483226,-1.2302062350198502,6.578831337244205
92900000.0,-0.6900172954597255,1.9338506257571748,-0.3592752547475462,2.060868134265203,0.16936028490294172,-0.16212218205186762,9.74780498582074
93200000.0,-0.6757031964926786,2.2049197151837068,-0.34716443934812796,2.070639641573089,0.16904692061730073,0.8151975520744947,7.520099445921236
93500000.0,-0.48343079448923554,2.4028997973006696,-0.33491351977435524,2.0803443969586253,0.16852524786731,1.3132041955283484,2.2297344610993886
93800000.0,-0.21173531132280668,2.426359353411934,-0.32252286973256555,2.0899807856950394,0.16747044890693968,1.226991706615638,-3.7853424819889474
94100000.0,-0.001439565504785715,2.2689109199448674,-0.3099928788122535,2.099547195021426,0.16584722620932058,0.5801797686336949,-8.362544905779853
94400000.0,0.040817298246534135,2.0220717818036054,-0.29732395249364846,2.109042014285171,0.1639265307932361,-0.4494699896277648,-9.180847967250523
94700000.0,-0.09992495443771009,1.8251267655520087,-0.28451651215379076,2.118463635084833,0.16214583855391906,-1.359198154202978,-4.515444693858572
95000000.0,-0.3394220939683188,1.789454204398028,-0.27157099507111115,2.1278104514134695,0.16087690938203134,-1.420914241384741,3.466922264886816
95300000.0,-0.5404311370761142,1.9384233418514027,-0.2584878544285002,2.1370808598023987,0.16022117746826864,-0.5854266421147459,8.681799712877575
95600000.0,-0.5873107441135661,2.1952903342725265,-0.24526755931487926,2.1462732594653446,0.1599531847938184,0.4400110377335021,8.458450282081193
95900000.0,-0.44847150328701413,2.4253463242896314,-0.23191059472525158,2.1553860524429918,0.15964764663935166,1.120995953209227,4.33508605444374
96200000.0,-0.19295608073234571,2.5091752071834152,-0.21841746155925934,2.164417643747884,0.15891093574020398,1.2654031655301554,-1.3649682170701092
96500000.0,0.04754166079978999,2.4071864550210478,-0.20478867661821631,2.173366441509681,0.15758604790777966,0.8508399219401508,-6.514324552382974
96800000.0,0.15033109625235433,2.1805538159512103,-0.19102477260062098,2.182230857120741,0.15583117512551836,-0.01923626036697056,-8.946546244077329
97100000.0,0.06807060406797105,1.9574943992995388,-0.1771262980961727,2.191009305382005,0.15403863079112293,-1.001916212270278,-6.613494311020738
97400000.0,-0.14606749012439574,1.863469138512395,-0.1630938175782498,2.1997002046491736,0.15263003601579012,-1.4380327000695914,0.2415890097937966
97700000.0,-0.3677820023367277,1.9532971018608032,-0.14892791139488315,2.2083019769791545,0.15182749893642483,-0.9342097720050553,6.80506743936114
98000000.0,-0.46934590219512357,2.1819106543165256,-0.1346291757581937,2.2168130482767587,0.1515295238128289,0.04261279903460448,8.664422163107176
98300000.0,-0.3887565175990618,2.4293458470042535,-0.12019822273232729,2.225231848441624,0.15136889821690971,0.8594427313594527,5.999797251226702
98600000.0,-0.16290057018626625,2.566117969990165,-0.10563568021984587,2.23355681151536,0.15091565446748043,1.2133552082933647,0.9245617759326356
98900000.0,0.09299963905109483,2.5233595003520124,-0.09094219194661086,2.241786375828881,0.1499044814236636,1.0264520205755412,-4.433743463318231
99200000.0,0.24821479338586436,2.3297330274860832,-0.07611841744513127,2.249918984149918,0.14836910435668096,0.3468376058344089,-8.019145048232124
99500000.0,0.2273571358411822,2.095338940423668,-0.06116503203638734,2.2579530838306847,0.1466243686573106,-0.6015649149409354,-7.744405281155385
99800000.0,0.05085714005378314,1.951641316776836,-0.0460827268101354,2.2658871269556866,0.14510444243256765,-1.2956132285918436,-2.657811462206361
100100000.0,-0.1766592144883183,1.980185169779346,-0.030872208603676603,2.2737195704896465,0.14413125105144833,-1.166993641776037,4.320154038430388
100400000.0,-0.32349531581211766,2.1687512054054325,-0.015534199979097482,2.2814488764255376,0.14373609808415416,-0.3446532412317493,8.093687499973047
100700000.0,-0.30232606188539896,2.418517545541757,-6.943919899504823e-05,2.2890735119326964,0.14364247590503115,0.545128896830199,7.123543463386748
101000000.0,-0.11720630991366689,2.598053815961739,0.015521319799336073,2.2965919495049993,0.1434210402744992,1.0799174797981266,2.9702626356874897
101300000.0,0.13915487936512844,2.6146505303500924,0.03123730743124186,2.3040026671090996,0.14272069578560487,1.1100992179333655,-2.2697172022181755
101600000.0,0.3360897402933317,2.464276051790201,0.04707773849357519,2.311304148332681,0.1414487924530833,0.6348839116527522,-6.599488936930238
101900000.0,0.3759198785941663,2.2332456027297725,0.06304181219508376,2.31849488253273,0.13981665789442138,-0.20725818525695,-7.997428329059537
102200000.0,0.24663860973502297,2.0509779635013152,0.07912871218832972,2.3255733649838053,0.1382323073863543,-1.0340522559775616,-4.908364286594656
102500000.0,0.02791770011882286,2.0196927188540847,0.09533760660313406,2.332538097026281,0.13708699199041566,-1.2572884441280565,1.5486075413722564
102800000.0,-0.15254472215730167,2.159233210643515,0.11166764808154894,2.3393875862145492,0.13654145354097852,-0.6843146592979071,6.773962901224633
103100000.0,-0.18842302582947174,2.396794544081404,0.12811797381434112,2.346120346465169,0.13643569880329692,0.199436588115893,7.620767980663128
103400000.0,-0.05219855711104696,2.606860381739927,0.14468770557901584,2.3527348982049303,0.13637974220137855,0.8762425922714228,4.666235481384542
103700000.0,0.19039059808620795,2.679445656794536,0.16137594977935435,2.3592297685188384,0.135967319406098,1.1070939141974336,-0.15132722186069722
104000000.0,0.41646224493864764,2.579545541416832,0.1781817974864715,2.3656034912979806,0.13498788745493992,0.8392058990970173,-4.863652785983364
104300000.0,0.51283156616455,2.3656609748264064,0.1951043244813951,2.371854607387264,0.13353174744851198,0.14744457040947367,-7.528951189583323
104600000.0,0.43722691081123394,2.1576036224337782,0.21214259129915525,2.377981664733012,0.1319442280135283,-0.7043859769054462,-6.357629967791508
104900000.0,0.24077510079136605,2.0712927158,0.22929564327441113,2.3839832185304024,0.13064848688607278,-1.2029341969155185,-1.1366173948777536
105200000.0,0.03980179712862825,2.156023877024389,0.24656251058856152,2.3898578313707213,0.1299186180889305,-0.9388727393546639,4.83278390223082
105500000.0,-0.04750499130741631,2.3681534269925844,0.2639422083183921,2.3956040733884207,0.1297267881776268,-0.15075904562381387,7.436554664388685
105800000.0,0.03491277116116895,2.595240514341267,0.2814337364862234,2.401220522407974,0.12975943399099527,0.6164447209578596,5.914090686115828
106100000.0,0.2509792491016877,2.7172980879128783,0.2990360801115661,2.40670576409049,0.12959201603247994,1.0246426568409148,1.805701157843044
106400000.0,0.4925230348929865,2.6717902714573927,0.31674820926428493,2.412058392080086,0.1289148936979077,0.9591666775630014,-2.963562174413057
106700000.0,0.6382339383171881,2.487170161437076,0.33456907911926104,2.4172770081500037,0.12769000809219191,0.44212885417518155,-6.512061552555996
107000000.0,0.6194084271158993,2.2669759142843624,0.35249763001256246,2.4223602223484324,0.12616898357140036,-0.35414885501507987,-7.002519004510648
107300000.0,0.45685558651796293,2.1333659671271827,0.37053278749910423,2.427306653144056,0.12476616507402197,-1.0264938514310786,-3.4078983746092595
107600000.0,0.24914243980134157,2.1608824670377476,0.3886734624118081,2.432114927571267,0.1238412287384699,-1.0792284330267017,2.502628307733266
107900000.0,0.11880756559234337,2.3363535900700207,0.4069185509222555,2.4367836813750663,0.12350137613993402,-0.4738003285173763,6.569266605376942
108200000.0,0.14588934268937662,2.56649973275997,0.4252669346028199,2.441311559155614,0.12354091897299627,0.3185470077073443,6.628144585808495
108500000.0,0.3248229299426775,2.7288671097003867,0.44371748049030263,2.4456972145124167,0.12355753499074155,0.8720455376924846,3.4950929809623825
108800000.0,0.5679141367895224,2.738280660884945,0.4622690411510242,2.4499393101881397,0.12317079186815075,0.9974235025271423,-1.0316406005454637
109100000.0,0.7532583528572819,2.5927568738323616,0.4809204547474227,2.454036518212027,0.12221803251494397,0.6658611000462931,-5.112048397522658
109400000.0,0.7909233962259059,2.374130869095032,0.4996705451061034,2.457987520042908,0.12083447904802251,-0.02028424600145775,-6.934334177682142
109700000.0,0.671468257659399,2.2033010571064056,0.5185181217873731,2.461791006711782,0.11938568215897513,-0.7663547834116573,-5.054744116862769
110000000.0,0.47062485548932526,2.174563850443677,0.5374619801562387,2.465445678963959,0.11828004968107941,-1.0933035595865563,0.08618913437740985
110300000.0,0.30784182593788323,2.3047003856091517,0.5565009014548614,2.468950247400748,0.11774864940259587,-0.7363782255669722,5.094145642766351
110600000.0,0.2813797214863193,2.5243009794131543,0.5756336528764798,2.4723034326206608,0.11771551162162394,0.00514058646088901,6.746417809845793
110900000.0,0.41522124232771634,2.7158003836750457,0.5948589876407813,2.4755039653601445,0.11784106868273395,0.6612327174865997,4.819194106284713
111200000.0,0.6464770020280042,2.777384590993877,0.614175645070723,2.478550586633791,0.11771029662734876,0.959106786987288,0.8142274535013242
111500000.0,0.8598920326629836,2.6780332615352918,0.6335823506707946,2.4814420478740393,0.11705099441532578,0.8141017289105208,-3.4781386577455327
111800000.0,0.9505233130072804,2.473943755798082,0.6530778162067387,2.4841771110703394,0.11586966422879302,0.27188796267276727,-6.28798760198196
112100000.0,0.8805061124394401,2.2776468980210103,0.6726607397866793,2.4867545489077627,0.11444772563192986,-0.46471543849734287,-5.999661153750457
112400000.0,0.6992056042479711,2.1967829968403345,0.6923298059436988,2.4891731449050467,0.11320022106616145,-0.9898866520647369,-2.1123642638179394
112700000.0,0.5160339463747365,2.275844345386499,0.7120836857198428,2.4914316935520584,0.11245736853139032,-0.9094204289251946,3.175172990074295
113000000.0,0.44089636263398835,2.4724110581344525,0.731921036751533,2.4935290004466677,0.11228173790091076,-0.29685151270282684,6.247380276682987
113300000.0,0.5246783735484599,2.680568233901425,0.751840503356401,2.4954638824309927,0.11243282070106606,0.4074521943822367,5.691935436717181
113600000.0,0.7319963732570046,2.7885817747161763,0.7718407166215292,2.497235167727037,0.11250254337253988,0.8516302819913395,2.467052055037859
113900000.0,0.960799293052081,2.739428307776159,0.7919202944930956,2.498841696071672,0.11213495790221302,0.8866213829572973,-1.743104721738136
114200000.0,1.0979674287412942,2.561390910813814,0.8120778418674236,2.500282318850967,0.11120716837095815,0.5067821137462771,-5.209398556846281
114500000.0,1.080620064424354,2.352307962628576,0.8323119506834084,2.501555899233846,0.10988910369592327,-0.15872004816684615,-6.270244863656874
114800000.0,0.9299075025342065,2.2262404145098578,0.8526212000163393,2.5026613123050625,0.10855958065979426,-0.7950613358936476,-3.8571963848696185
115100000.0,0.7391307352166788,2.251626358063709,0.8730041561730963,2.503597445197465,0.10761208834152271,-0.9752617542614417,1.0504459221326776
115400000.0,0.6228535426563194,2.4144530656729133,0.8934593727887352,2.5043631972235567,0.10724144474833701,-0.5580794430704212,5.169271156904494
115700000.0,0.654758703634759,2.6262608248436896,0.9139853909244097,2.5049574800063144,0.1073336796195698,0.1298356650621073,6.046396214091132
116000000.0,0.8279541660813943,2.7724182147050658,0.9345807391666846,2.505379217609271,0.10753097971378109,0.6849112459385059,3.82929300722853
116300000.0,1.059109220616371,2.7743261175185925,0.9552439337281776,2.5056273466658365,0.10742880521480332,0.8863081670193886,-0.02572137613279343
116600000.0,1.2339607894305071,2.6317983945725514,0.9759734785495723,2.505700816507842,0.1067862972325143,0.6760442802186722,-3.839310340163733
116900000.0,1.2693417011254922,2.422770209838343,0.9967678654029426,2.5055985892932986,0.10564500818600556,0.12333982818811962,-5.9575479458996945
117200000.0,1.1580609717696495,2.2607051946918855,1.017625573996433,2.505319640133361,0.10430836542248781,-0.5436019788009152,-5.017792931406009
117500000.0,0.972419358969751,2.2329758468065615,1.0385450720802574,2.5048629572184593,0.10319005562803196,-0.9327442918817368,-1.0127675897768376
117800000.0,0.8246621366396831,2.3536783335875375,1.0595248155540078,2.504227541943619,0.10259560166492811,-0.750834075155157,3.623939366653895
118100000.0,0.8059972569479381,2.5563608009933736,1.0805632485752876,2.503412409032923,0.10255201554019082,-0.14859574381640944,5.847184843133597
118400000.0,0.9373065873412124,2.7304055055233634,1.1016588036696358,2.5024165866631267,0.10279229938127606,0.471814261678532,4.81435189809035
118700000.0,1.1581826781457718,2.7811484509955133,1.122809901841752,2.501239116586394,0.10290546741711873,0.8186407854366515,1.5665620884261604
119000000.0,1.360039305821049,2.681064513998106,1.144014952688017,2.4998790542521516,0.10255595114764655,0.776469943666296,-2.30741587188238
119300000.0,1.4451499002840753,2.4843444878829204,1.165272354510272,2.498335468928046,0.10165210520776545,0.3621514041388858,-5.181416681293035
119600000.0,1.3795167922758655,2.297149370698464,1.186580494430894,2.496607443819989,0.10039036245147297,-0.27029315669246146,-5.565583840659673
119900000.0,1.2109716185550568,2.2198659726632446,1.20793774850912,2.4946940761912706,0.09915923042219123,-0.7971880708270139,-2.7767640360837165
120200000.0,1.042874215634416,2.2927699944410844,1.229342481858626,2.4925944774807434,0.09834021229878263,-0.8547045697144504,1.7938449820781246
120500000.0,0.9778681812938673,2.474504975873637,1.2507930487663623,2.4903077734200503,0.09809976343660316,-0.4020736010464387,5.10594500812478
120800000.0,1.0622960960059182,2.664872652727608,1.2722877928126184,2.487833104149887,0.0982943854546354,0.22859389898823185,5.351713487929385
121100000.0,1.2613723092363878,2.759379118566101,1.293825046992329,2.485169624335284,0.09855227752031452,0.6916230056733723,2.9361423268883193
121400000.0,1.4784101460093328,2.705845113255167,1.3154031338375805,2.4823165032799066,0.09847711020483797,0.80859923144187,-0.7316127805916145
121700000.0,1.6074797228202389,2.5324136802900044,1.3370203655413542,2.4792729250393397,0.09785202837547709,0.5458797596746718,-4.068761792290333
122000000.0,1.5908197116255305,2.3319247058832,1.3586750440824515,2.476038088533366,0.09674535453487976,-0.00445713735681924,-5.54661053037659
122300000.0,1.4498890559704003,2.211326643684016,1.3803654613516356,2.4726112076572058,0.09547773938523206,-0.5952150547656466,-4.078472156470821
122600000.0,1.2733680344948874,2.2336881561818362,1.4020898992789312,2.4689915113917236,0.09446279298547013,-0.8617476316691008,-0.09499092425644731
122900000.0,1.16881126276864,2.384248787124446,1.4238466299621186,2.465178243912578,0.09398802599684493,-0.6048711402250555,3.8949163551796495
123200000.0,1.2043076309099074,2.578780371891391,1.4456339157963953,2.4611706646982934,0.09405325769379651,-0.02499407650936094,5.396088601925027
123500000.0,1.3717892398951947,2.709531023169709,1.4674500096051835,2.4569680486372794,0.09437030872295468,0.5160006715648578,3.9958906985853
123800000.0,1.5917579717875099,2.7036928242804317,1.4892931547720891,2.452569686133726,0.094524608995063,0.7759311264260553,0.7809071471783725
124100000.0,1.7566752302142739,2.5626699877190586,1.5111615853739964,2.4479748832124226,0.09419485818305726,0.668401726465971,-2.7426185538989127
124400000.0,1.7893348271282967,2.3609708887984966,1.5330535263152965,2.4431829616224467,0.0933125617471774,0.23199995399416698,-5.050260082002461
124700000.0,1.6845355168320744,2.205512840674803,1.554967193463226,2.4381932589397297,0.09209493506070787,-0.3574648809480649,-4.844161785566256
125000000.0,1.511562032213763,2.1775640114636876,1.5769007937843167,2.433005128668488,0.09093994747529391,-0.7785057752601157,-1.8181181282185421
125300000.0,1.3763132673644805,2.288846600345513,1.5988525254819375,2.4276179403414906,0.09022259651550078,-0.7356345209432608,2.350243483476406
125600000.0,1.3637757668363244,2.4755095318971096,1.620820578134926,2.422031079619186,0.09008911073805603,-0.26636368147240663,4.939714465555039
125900000.0,1.4920893313875914,2.6330597218059517,1.6428031328373087,2.4162439483876272,0.09037258901293721,0.30556738265118477,4.672618548453668
126200000.0,1.7030290290125345,2.673144245350559,1.6647983623390588,2.410255964855239,0.09068795188872095,0.6846131768320842,2.132657135604844
126500000.0,1.8938908365134008,2.571329697611764,1.6868044311879382,2.4040665636483696,0.09064215791831923,0.7278749842341354,-1.3179069667185876
126800000.0,1.9733214412668318,2.3800427489292932,1.7088194958723617,2.397675195905645,0.09003460486479785,0.424298183923436,-4.185111873724393
127100000.0,1.9107448416848316,2.1998228506625384,1.730841704965317,2.3910813293710955,0.08895396043333366,-0.11255644306226935,-5.077461575575355
127400000.0,1.7526451865187498,2.1246473544176565,1.7528691992692809,2.3842844484860657,0.08773648502520054,-0.6236671160000807,-3.1971596319748223
127700000.0,1.597037971434503,2.1910597419917206,1.7749001119621732,2.3772840544798695,0.08679996044152999,-0.782064675419662,0.6574529448317415
128000000.0,1.5401464649979717,2.3586365438425156,1.7969325687442892,2.3700796654592,0.08642170848336707,-0.47200093749029026,4.0246541558854725
128300000.0,1.6242903991156885,2.532230269586635,1.8189646879862387,2.362670816496283,0.08658120084554026,0.0772994157641867,4.91382527495803
128600000.0,1.8152059995884713,2.613752126812892,1.840994580877854,2.3550570597157447,0.08697103581666067,0.5434526380774127,3.236126160854912
128900000.0,2.020948556298155,2.5553144712870286,1.863020351578062,2.347237964380212,0.08716924911351695,0.7257929060382606,0.09950717147279187
129200000.0,2.141952213505627,2.384943480008235,1.8850400973657246,2.3392131169745998,0.08686148555309767,0.5635912359286798,-3.064084945571238
129500000.0,2.1249931866792617,2.191058447900384,1.9070519087914009,2.330982121289118,0.08599545785095933,0.11622180129649244,-4.835339722050065
129800000.0,1.9918106425905435,2.0743089183372723,1.929053869830063,2.3225445985009405,0.08480628173619113,-0.42269662054385715,-4.1254067229858835
130100000.0,1.8269963503783602,2.093002254076719,1.951044058034716,2.313900187254576,0.08370434111550698,-0.7439191453992551,-0.980878459648803
130400000.0,1.7318940728000638,2.2317088072322937,1.9730205446909401,2.305048543740873,0.08306551042578991,-0.6207187468497654,2.749202910134105
130700000.0,1.769629867211343,2.409946434951136,1.9949813949723068,2.295989341774719,0.08302332331614158,-0.1490307994912182,4.697389432906168
131000000.0,1.9310867404111294,2.526062693936258,2.016924668096704,2.2867222728713528,0.08339068936281077,0.36408218462221853,4.016145703389569
131300000.0,2.140160802671397,2.512390265390099,2.0388484174835173,2.2772470463213326,0.08376651782631413,0.6664825437906342,1.4127239295694725
131600000.0,2.295278576516261,2.371750813219679,2.060750690911675,2.2675633892641285,0.08375417277905223,0.6456973516888309,-1.7968455551924136
131900000.0,2.324527779470269,2.1756168735464563,2.0826295306785383,2.257671046760332,0.08316196358059938,0.3118282430203163,-4.204690269674841
132200000.0,2.224479762124164,2.0250957643251484,2.104482973759626,2.247569781862472,0.08209486711107612,-0.2021141651588419,-4.5693584853062745
132500000.0,2.0617464262932566,1.9960318694104546,2.1263090519691623,2.2372593756844408,0.080906345337462,-0.6327374883172723,-2.3843256065649054
132800000.0,1.936591130555993,2.0980328243385586,2.1481057921214433,2.226739627469492,0.08002509008046556,-0.6976477922594619,1.2616862342434858
133100000.0,1.9284697679663956,2.2695530855084978,2.169871216192976,2.2160103546568504,0.07972638128212474,-0.35214764909367874,4.042271558500364
133400000.0,2.053079368039801,2.4115411796310386,2.1916033414854237,2.2050713929468597,0.07997392851429735,0.16107003877201917,4.414888257861861
133700000.0,2.254129930308814,2.44125754049273,2.2133001807893122,2.19392259636473,0.08043953694536342,0.5569371344578835,2.5341446505579106
134000000.0,2.4341462379508148,2.337023809069998,2.2349597425485044,2.1825638373228093,0.08068740433033038,0.6701086675021579,-0.4866087925995715
134300000.0,2.5074464701399397,2.1497029794904026,2.2565800310253987,2.170995006681434,0.08040242422643229,0.4630135377800307,-3.28521560469847
134600000.0,2.446504547824569,1.9748350669528993,2.278159046466878,2.1592160138082948,0.07954341769898925,0.014581955106160572,-4.553860641769573
134900000.0,2.2966108470467232,1.9006910079870043,2.2996947852709746,2.1472267866363457,0.07836359351078752,-0.46841665701660906,-3.4249229602475726
135200000.0,2.1510256064918614,1.960486571791718,2.321185240154233,2.1350272717202365,0.07729159360946045,-0.6975415653734663,-0.2612127956651961
135500000.0,2.1002531033562035,2.1146237839423647,2.342628400319772,2.122617434291254,0.07671274267329592,-0.5116897784872528,3.016138380496348
135800000.0,2.1830248319238783,2.2724515053252934,2.3640222516260145,2.109997258310784,0.07675398269171581,-0.04830334338587539,4.399479030170285
136100000.0,2.365536658387562,2.341589390711736,2.3853647767561026,2.09716674652226,0.07720788315402712,0.4068466402235763,3.3872010458854573
136400000.0,2.5600672472407338,2.2779794710462693,2.4066539553879385,2.0841259205016103,0.07765141372811861,0.6393612032967784,0.7710152301361799
136700000.0,2.6727253568372986,2.1095492219085865,2.4278877643648844,2.070874820706199,0.07767627183726052,0.5633788086857823,-2.1790311365977653
137000000.0,2.654337998701072,1.9207791879862781,2.449064177867075,2.057413506522225,0.07709354577248435,0.20885737426752632,-4.14207818136655
137300000.0,2.5268997045420423,1.806699765150294,2.4701811675833456,2.04374205631061,0.0760232972412245,-0.27437514949475394,-4.03890863718935
137600000.0,2.371357798599924,1.8213661073160998,2.4912367028837497,2.0298605674513497,0.07484088823480976,-0.6258499207083613,-1.6464157162320068
137900000.0,2.2835127302184315,1.9487461588177535,2.5122287509926657,2.015769156386312,0.07399458701278941,-0.6114893322357446,1.7344310160944458
138200000.0,2.32205639715762,2.1116984527346747,2.533155277162472,2.0014679586604855,0.07376529234362666,-0.24492452851623997,3.9710895225506997
138500000.0,2.476929911565763,2.2140172211393288,2.5540142448477687,1.986957128961689,0.07410262760958287,0.22865532258505575,3.9101152642701553
138800000.0,2.675057471565549,2.192630345861211,2.574803615880149,1.9722368411586988,0.07465246238014817,0.5587228871037754,1.8887742916943016
139100000.0,2.820194862489277,2.051631052951525,2.595521350643493,1.9573072883378126,0.07495669911962786,0.6104572054907614,-0.9852099757705881
139400000.0,2.845164154225552,1.859782756632924,2.6161654082497665,1.9421686828378513,0.07469226372606821,0.3674815751595706,-3.4179495718352295
139700000.0,2.7481262685131105,1.7129998113716132,2.636733746715334,1.9268212562835512,0.07382641856874139,-0.07327754903092099,-4.221185557805749
140000000.0,2.5933072376656807,1.6822740803185927,2.6572243231377297,1.9112652596174038,0.07263381231176386,-0.49698757312226227,-2.7549742003175792
140300000.0,2.475931031617737,1.7753172497357068,2.677635093872922,1.8955009631298712,0.07156966956477956,-0.6427846228386458,0.3469438996833225
140600000.0,2.4705031671720272,1.9326423825714654,2.697964014713014,1.8795286564880265,0.07103779410284963,-0.4096292989196324,3.1727241815080545
140900000.0,2.590530189040816,2.0600663923434275,2.718209041064402,1.863348648762567,0.07116245408710814,0.037423292453871534,4.061888640838619
141200000.0,2.781449982889215,2.0798765628606937,2.7383681281263277,1.8469612684532462,0.07171204862196943,0.43610142468333085,2.7892417893638837
141500000.0,2.950467457589498,1.972865740004569,2.7584392310698753,1.8303668635126615,0.07223288821100766,0.6050286457315763,0.20281773761228283
141800000.0,3.016981998933583,1.7885008387533923,2.778420305217346,1.8135658013684388,0.07229659423470243,0.4820375782679404,-2.473859936361609
142100000.0,2.9562039684681687,1.6178452200965927,2.798309306222012,1.796558468943789,0.071712850495964,0.11564229612308244,-4.010482416029012
142400000.0,2.8123584231840604,1.5440551906605833,2.8181041902482447,1.779345272676432,0.07061865205403932,-0.33065653493456076,-3.5003429431897066
142700000.0,2.6744457421243815,1.5973600827477676,2.837802914151978,1.76192663853589,0.06941880589806539,-0.6060671757843357,-0.9866874522306515
143000000.0,2.627842007135485,1.738897790383739,2.8574034356615368,1.7443030120391296,0.06859111400730614,-0.5258336423285941,2.0914421856142065
143300000.0,2.7080573710255718,1.8820469880823265,2.8769037135587485,1.7264748582645808,0.06842847874854018,-0.14977625510774728,3.8299187198821025
143600000.0,2.881695814872198,1.9395485285153118,2.8963017078603945,1.7084426618644832,0.06886465201049584,0.2820356658626949,3.4077456924719525
143900000.0,3.0648227577100102,1.870783958334695,2.915595379999927,1.6902069270756055,0.06951097658878018,0.550704232320999,1.2987078873381555
144200000.0,3.168640081220251,1.7035964757710933,2.93478269300948,1.6717681777282798,0.0698773587442481,0.5481856464163802,-1.4031718467884498
144500000.0,3.147614292962538,1.5189338117211448,2.9538616117021315,1.6531269572538008,0.06962689218545047,0.2776687978648158,-3.473124338131037
144800000.0,3.0239734689145985,1.406780965322578,2.972830102854408,1.6342838286901487,0.0687355068304029,-0.14783150597616346,-3.8510655230008197
145100000.0,2.8753948548003585,1.4173713245067865,2.991686135389027,1.615239374686043,0.06750569947416712,-0.5106771324252461,-2.1249079481948816
145400000.0,2.792699438718223,1.5341276695408195,3.010427680557853,1.5959941975033327,0.0664295642272534,-0.5824512524139862,0.8509986499949865
145700000.0,2.830592265858643,1.6829073095106104,3.0290527121250475,1.5765489190176996,0.06593811532091472,-0.31516673438159,3.2373905364725384
146000000.0,2.978164024235363,1.7723994209415357,3.0475592065504014,1.5569041807177015,0.0661539679182079,0.10959093853040819,3.69712224244331
146300000.0,3.1650580559269117,1.7436653621299214,3.065945143172851,1.5370606437021164,0.06681364579828855,0.4537297304951119,2.224717018153463
146600000.0,3.299821661496699,1.601945687502322,3.084208504394131,1.5170189886756102,0.06742186489006123,0.5649988921073936,-0.29611078274918573
146900000.0,3.31953730780609,1.4135704965648301,3.102347275862569,1.4967799159427209,0.06752236353935451,0.40263500810199715,-2.6898373496773336
147200000.0,3.2237997919564885,1.2697833552467594,3.12035944665701,1.4763441454001531,0.06692185054858182,0.03231597493474017,-3.821980711933331
147500000.0,3.074691649752931,1.2372077876871004,3.138243009470833,1.4557124165273712,0.0657792689130466,-0.3723271840783767,-2.965722429713635
147800000.0,2.962902327743885,1.3218454725715159,3.155995960796081,1.4348854883755073,0.06453887366956396,-0.5760973549200541,-0.405920064025891
148100000.0,2.9584791327343174,1.4660594765870243,3.173616301107639,1.4138641395545706,0.06371858068028531,-0.44234577443510337,2.347239852378309
148400000.0,3.0729527618550248,1.5800493485848632,3.1911020350474946,1.3926491682189628,0.06362764029894832,-0.06606333529628622,3.6340548318995207
148700000.0,3.2533141035654713,1.5906314689697976,3.208451171609028,1.3712413920512845,0.06417820733481493,0.3229074126813281,2.9141356273048404
149000000.0,3.410982993270974,1.480828363251629,3.225661724321342,1.349641648244442,0.06493533890405578,0.5344908913575617,0.7625610317899807
149300000.0,3.4699387976683926,1.298852399540958,3.2427317114335965,1.327850793482054,0.06536691125773483,0.4844602787303902,-1.7467144000221362
149600000.0,3.4078615306373647,1.1317337996030483,3.2596591560993406,1.3058697039171523,0.06511852135064428,0.1941237336217187,-3.460730804789714
149900000.0,3.268019360972939,1.0580170554495711,3.276442086560834,1.2836992751491656,0.06417818298204095,-0.20966242991967657,-3.455789804302341
150200000.0,3.135573382286337,1.1052356253450604,3.2930785363333275,1.2613404221992124,0.06288545840918387,-0.511633108754639,-1.5415492001037114
150500000.0,3.091273807923434,1.2351877660382318,3.3095665443892863,1.2387940794836767,0.06178098867373137,-0.518824551536376,1.2590581806145906
150800000.0,3.1677220075710504,1.3648856661326514,3.3259041553425646,1.2160612007860727,0.0613307020836712,-0.22861716294619971,3.225808440278874
151100000.0,3.3318869620936797,1.4116917626643999,3.3420894196324866,1.1931427592271895,0.06165301616877388,0.16949335671244511,3.3151338506872188
151400000.0,3.503249793254944,1.3380945881349788,3.358120393707827,1.1700397472335518,0.06244092975024647,0.461338942244463,1.695350312832456
151700000.0,3.5976105335744735,1.1718646417664507,3.3739951402106914,1.1467531765041408,0.06314517175198184,0.52058135052103,-0.7296664744196134
152000000.0,3.5727245077948817,0.9907620033167982,3.3897117281602536,1.1232840779754196,0.06327538299212103,0.3260005248504412,-2.834813602895303
152300000.0,3.451034106551373,0.8802149560169623,3.405268233136358,1.09963350178463,0.06263686121159892,-0.04110693842981984,-3.587681956520062
152600000.0,3.3072650211119217,0.8870023145651554,3.420662737462951,1.0758025172314054,0.06141857854790574,-0.4007851643035244,-2.4451168467081383
152900000.0,3.227739359024248,0.9940511166049176,3.435893330391345,1.0517922127376418,0.06011621833409354,-0.538309847912538,0.09698623893847505
153200000.0,3.2635571385822106,1.1299264055753184,3.4509581082832836,1.027603695805675,0.05929836236912384,-0.36224400933112194,2.51501936017545
153500000.0,3.4030372977112853,1.207741773253403,3.465855174793806,1.0032380929747318,0.05929218082164141,0.006888021520391458,3.3960380944958612
153800000.0,3.5782792600222884,1.1722977092072158,3.480582641053868,0.9786965497756918,0.05997816197574628,0.3527404575367857,2.4342457457385502
154100000.0,3.7021630106423156,1.0298754241013413,3.4951386258527455,0.9539802306841211,0.06086062421534042,0.5114731727146691,0.2788909926866395
154400000.0,3.715626444051866,0.8446066371170298,3.5095212558201716,0.9290903190715915,0.0613560938255029,0.4203018580860813,-2.021588440167262
154700000.0,3.6195646827041825,0.7035099255212985,3.5237286656081963,0.9040280171553197,0.061091964570973066,0.11727891419260372,-3.390090876247436
155000000.0,3.4741233261132787,0.6692544081355901,3.537758998072763,0.8787945459460688,0.0600750214776578,-0.2594490451164567,-3.0462869193969166
155300000.0,3.3658886087324946,0.7462912186495523,3.5516104044549857,0.8533911451943588,0.058693519756983045,-0.5018641495180678,-1.0095694334614136
155600000.0,3.3608706637718924,0.8786556052167696,3.565281044562095,0.8278190733349745,0.057549138129835475,-0.4537493092750905,1.5794774735349086
155900000.0,3.4688084672702195,0.9805145316045651,3.578769086948061,0.8020796074297525,0.05714870432374445,-0.1500775525950374,3.1513252474583093
156200000.0,3.6380968649385528,0.9827874187015723,3.592072709093853,0.7761740431087005,0.05759969545894056,0.21829388626750726,2.923936008548172
156500000.0,3.7839727877802156,0.8705192371659497,3.6051900975873368,0.7501036945093761,0.05853608536908928,0.46032110868169246,1.202321518271384
156800000.0,3.8345663599198407,0.6907883950763698,3.6181194483027888,0.7238698942146056,0.059341743577367864,0.4729239199181829,-1.1015065256406174
157100000.0,3.7697983160580195,0.5269714626642523,3.630858966580012,0.6974739931884841,0.05948858319226558,0.2528473570736334,-2.9161574531434233
157400000.0,3.63207229099234,0.4534319355804129,3.6434068674030313,0.6709173607106892,0.05878549788101767,-0.10472539490774571,-3.3178251633716997
157700000.0,3.503070184785746,0.4952568141190908,3.655761375578364,0.644201384309111,0.05746233040990391,-0.4174357033763072,-1.9467708561285735
158000000.0,3.459347022769543,0.6148405164132493,3.6679207259128366,0.6173274696907726,0.05607961061200153,-0.4947587727818452,0.5245161319839132
158300000.0,3.530863839054693,0.7324892537748916,3.6798831633909495,0.5902970406711069,0.05526649418540283,-0.28640358225962775,2.60666775716775
158600000.0,3.6849181902294053,0.7697584507177375,3.691646943351752,0.5631115391014981,0.05536614583630866,0.06975625887493883,3.1262353469331927
158900000.0,3.8440889197084296,0.6919578967772428,3.7032103316652254,0.5357724247951979,0.056212664287079196,0.37282271763661756,1.9719823907750837
159200000.0,3.9283494054727024,0.5267947737373689,3.714571604908165,0.5082811754515139,0.05723322055104213,0.482868942949819,-0.1538015025522712
159500000.0,3.8984423744161973,0.34913743852514334,3.7257290505395266,0.48063928657837135,0.05778556647633311,0.35660919971498384,-2.2332144673622456
159800000.0,3.7770075152285534,0.24027708327831146,3.7366809670752286,0.45284827141318673,0.05748174754253571,0.047455834069475636,-3.269968882260029
160100000.0,3.636092220398707,0.2438536974102504,3.747425664262416,0.42490966084204973,0.05635711905891438,-0.29795310273451164,-2.6321895083182545
160400000.0,3.5579326509609825,0.342341525479552,3.7579614632531277,0.39682500331730064,0.05486215492575174,-0.48322728674335597,-0.5318200739999406
160700000.0,3.590352329647102,0.4667635476890258,3.768286696777394,0.3685958647733921,0.05367231991101478,-0.38870439548403796,1.8205622720331096
161000000.0,3.720966601112983,0.5342532470659727,3.778399709315714,0.3402238285411435,0.05333891664387915,-0.07949379139799273,3.025349783962872
161300000.0,3.88410513851725,0.49301076556081336,3.7882988572709326,0.3117104952603177,0.05394689842555408,0.2570433513181128,2.5300485087614306
161600000.0,3.996585978223775,0.350265687887125,3.797982509139464,0.283057482790551,0.05505217299380185,0.4518985814905956,0.7463928869123129
161900000.0,4.002853688606532,0.16815309396185318,3.807449045681874,0.2542664261206721,0.05595962780862779,0.4230441968268767,-1.415129970178716
162200000.0,3.904988300449171,0.029850186057856814,3.816696860092799,0.22533897727635044,0.05610334072693985,0.18378301656916085,-2.9408713694049546
162500000.0,3.7613759409869387,-0.0055716836901698085,3.8257243581701688,0.1962768052261378,0.05530431530207392,-0.158745408974578,-3.0218267697145955
162800000.0,3.6548710114590115,0.06492584895341963,3.834529958483757,0.16708159578586018,0.053846403192397405,-0.4236690318468303,-1.4772586946588862
163100000.0,3.6478094533702907,0.18689739676228828,3.8431120925429916,0.1377550515214219,0.052369313441181814,-0.447208920840044,0.8801452012347328
163400000.0,3.748297659140369,0.27811961836128124,3.8514692049640575,0.10829889164996254,0.051571466003888095,-0.21543522554639413,2.6328414241949663
163700000.0,3.906006378745211,0.273247467418837,3.859599753636251,0.07871485193942133,0.05180581326632331,0.12320921817348471,2.8332875001390088
164000000.0,4.039646769278946,0.15916920587172748,3.8675022098875687,0.04900468460647934,0.052840468096869736,0.38429640112597063,1.530438030975902
164300000.0,4.081129328594477,-0.018067156127858586,3.8751750586495315,0.019170158212930926,0.054008131052234336,0.44975945967009257,-0.5370816996279846
164600000.0,4.012417594023856,-0.17841149541479734,3.8826167986212226,-0.010786942439562264,0.05460349791199001,0.2941764683165839,-2.3867879891722623
164900000.0,3.87512996193289,-0.2513093829512146,3.889825942432506,-0.04086481641631007,0.054230044632506275,-0.015130118528003337,-3.1086394128615935
165200000.0,3.7477798081389357,-0.21390459601411435,3.8968010168064433,-0.07106164675798116,0.0529642246010582,-0.32600285411204294,-2.221889687934636
165500000.0,3.703099007119189,-0.10326160217120517,3.9035405627208726,-0.10137560059059982,0.05133361942101319,-0.4574198790701333,-0.10964292930301409
165800000.0,3.768640520714824,0.00392678155729843,3.910043135569128,-0.1318048292370956,0.05010002211237203,-0.3248641492503872,1.9903697595647287
166100000.0,3.9119994420270614,0.033038527876245755,3.916307305319906,-0.16234746833041427,0.049859666150838526,-0.016706559434148758,2.8576689197367964
166400000.0,4.058577767326646,-0.04804264495785532,3.922331656676256,-0.19300163792820205,0.0506578935572785,0.28669718326151883,2.13881884370497
166700000.0,4.132154916054523,-0.21166521013321754,3.9281147892336628,-0.2237654426290017,0.051950561544412195,0.4371588441199326,0.3279840901587891
167000000.0,4.096200046173586,-0.3855969156022027,3.933655317637233,-0.2546369716900405,0.05295365149789167,0.3718519457943948,-1.6739513376146584
167300000.0,3.973535020984098,-0.4923206771218328,3.938951871737959,-0.2856142991465047,0.05306756825727126,0.1193160098625366,-2.9156760087211073
167600000.0,3.8337651026551653,-0.49106185409617287,3.944003096748035,-0.3166954839323767,0.0521372078739285,-0.2034721310687296,-2.7083091817317198
167900000.0,3.7553979140709544,-0.3997614450174355,3.9488076533952263,-0.34787857000277544,0.05051529134163959,-0.4208406702284294,-1.0416482712475563
168200000.0,3.7832651939837723,-0.28515453195005463,3.953364218076281,-0.3791615864578138,0.04893551351497896,-0.397164048964472,1.1680190994215374
168500000.0,3.904338124456916,-0.22643806018925372,3.9576714830093422,-0.41054254766797277,0.04817250543699311,-0.14974608210900056,2.6030634664555374
168800000.0,4.054981319162971,-0.2723065851226147,3.9617281563853775,-0.44201945340094034,0.048577645851782474,0.16789568588460801,2.5244474887657873
169100000.0,4.1556089856628216,-0.41466252741481435,3.965532962518592,-0.4735902889499889,0.04982856037794719,0.3881856270047454,1.112057463814197
169400000.0,4.15386987856288,-0.593192941548005,3.969084641995827,-0.5052530252637811,0.051146661025106975,0.4131148918938443,-0.8725988180672278
169700000.0,4.052928505862309,-0.7282295323376836,3.972381951824898,-0.5370056190777017,0.051763651460970596,0.2337038606330147,-2.4873587384348808
170000000.0,3.909565099753157,-0.763989271267669,3.975423665581911,-0.5688460130466109,0.05128516320583427,-0.07036619623435546,-2.9139225052100297
