frequency_Hz,reference_measurement_real,reference_measurement_imag,reference_inside_real,reference_inside_imag,hsg_measurement_real,hsg_measurement_imag,hsg_inside_real,hsg_inside_imag
20000000.0,-0.16576406951871603,1.5534632489849134,-0.17588169434598014,13.647646612875759,-0.16582510278957982,1.5543320156834943,-0.12627125630716804,13.691331069428637
20300000.0,-0.14150394894003265,1.5186291200670676,0.05316823203667728,13.370003164615659,-0.14148951176312485,1.5194447926055807,0.10322174458476982,13.413297787682016
20600000.0,-0.12274722885039817,1.4770307775114857,0.2380302026016049,13.037119883745207,-0.12267925558117358,1.4777741445875596,0.28852661720490186,13.079906013704791
20900000.0,-0.1113054974022755,1.4310852630087978,0.36403580808216995,12.668546361260555,-0.11121006036296341,1.4317461738566775,0.41493950605318597,12.710722278192678
21200000.0,-0.10800619901629147,1.3835527737700413,0.42447957373936557,12.28661092866381,-0.10791005042923131,1.3841305936223787,0.47572936777740954,12.328099932923262
21500000.0,-0.11268089091747856,1.3371716237211837,0.42071474385348906,11.913466698570618,-0.11260820864087077,1.337674471738259,0.4722350728809235,11.95422102861655
21800000.0,-0.12427828961087915,1.2943274919267913,0.36123913647575523,11.568414818167588,-0.12424801935476108,1.2947704566467206,0.41295103888551793,11.608415460939707
22100000.0,-0.14107739927689905,1.2567958111799078,0.2599709455340034,11.265819406621874,-0.14110147939530487,1.2571984520750004,0.31180146459828545,11.305072370265092
22400000.0,-0.16096535435861206,1.2255837101366402,0.1340006564351257,11.013827996903823,-0.161047974957455,1.225967219671741,0.1858896783309172,11.05235800832946
22700000.0,-0.18173927171879584,1.2008831337314183,0.0011484580282316362,10.81399163205054,-0.1818771766597292,1.2012675477540578,0.05305242581535472,10.851834453159196
23000000.0,-0.20139165304325815,1.1821316737444798,-0.12234542457961892,10.661756624029977,-0.20157536014376154,1.1825334813291517,-0.07045300397244846,10.698951234716029
23300000.0,-0.2183442459262164,1.168164173503809,-0.22371346748130702,10.547690983364319,-0.21855995334010297,1.168594598882096,-0.1718443655746947,10.584272764941609
23600000.0,-0.23160469296202943,1.1574279090579018,-0.29492886866207496,10.45922546821467,-0.23183657003590302,1.157892030997925,-0.24308461621239635,10.49522126685483
23900000.0,-0.24083227107619454,1.1482281544132629,-0.3332379461442379,10.382640668477412,-0.24106480600733157,1.1487249080693667,-0.2814155147303537,10.418066269511682
24200000.0,-0.24631183435442897,1.138969654702619,-0.34094967941096527,10.305021130566548,-0.2465319288632308,1.1394926437836757,-0.28914734496547984,10.33988128455848
24500000.0,-0.24884702676565534,1.1283627738494098,-0.32457189601588393,10.215923750483052,-0.24904558431925575,1.128901721655129,-0.27279432896262346,10.250214515552583
24800000.0,-0.24959346076641806,1.1155701063748513,-0.29346154400555396,10.108564481470594,-0.2497662997267275,1.1161127042397694,-0.24172335907295397,10.142277332126604
25100000.0,-0.24985879783299658,1.1002789722847874,-0.25820700348530906,9.98040531724202,-0.2500068213871475,1.1008128501557206,-0.20653428109042096,10.013532254941124
25400000.0,-0.25089895867336054,1.0826960252661375,-0.22897895309963123,9.833110998024795,-0.2510276155522079,1.0832105733430029,-0.17740856959094561,9.865649804033325
25700000.0,-0.2537380190068463,1.0634707214321246,-0.21407279399753432,9.671929997255962,-0.253856179555223,1.063958530867856,-0.162649723320043,9.703888798112125
26000000.0,-0.25903420502830665,1.0435632814597608,-0.21882403807292983,9.504626260575264,-0.2591526452738606,1.0440210386354887,-0.16759706917850484,9.53602671786029
26300000.0,-0.2670066965768985,1.0240789965592725,-0.2450157159123075,9.340138495472097,-0.2671364212692635,1.0245077489868326,-0.19403223384182905,9.371017158272231
26600000.0,-0.2774288501776457,1.006093654679402,-0.2908232571512919,9.187167501470679,-0.2775794913536278,1.0064984551913143,-0.24012383916637714,9.217575135993146
26900000.0,-0.2896842440046884,0.9904943399643276,-0.3512677636907872,9.052887808703241,-0.2898627459038085,0.9908833577096319,-0.3008813377709251,9.082886805077017
27200000.0,-0.3028738287505119,0.9778561838432797,-0.41908289668820725,8.941950168123292,-0.30308357823140225,0.9782394355208437,-0.3690231054092435,8.971610380903128
27500000.0,-0.3159564287956849,0.9683695067222926,-0.4858517152523378,8.855891763028174,-0.3161969211709949,0.9687574020913935,-0.4361149435032891,8.885285337107723
27800000.0,-0.32790153058981597,0.9618241467080653,-0.543243028733262,8.79300917047864,-0.32816858413698013,0.9622260549656746,-0.49380831817536336,8.822205015889711
28100000.0,-0.33783297708974136,0.957649721741401,-0.5841742395204641,8.74868395818077,-0.3381194358706966,0.9580727499630565,-0.5350050602434607,8.777742555852885
28400000.0,-0.345144711042549,0.9550031935393499,-0.6037480674875012,8.716091094257246,-0.34544151450587496,0.955451328778947,-0.5547956821891664,8.745060243323227
28700000.0,-0.34957456757339916,0.9528893207893943,-0.599849849104624,8.68717355967822,-0.34987202395435385,0.9533630302770029,-0.5510578171053259,8.716085530048716
29000000.0,-0.3512285268614799,0.9502960649485732,-0.5733439733967088,8.653738026695104,-0.3515176098761546,0.950792382652682,-0.5246532227087286,8.68260838208563
29300000.0,-0.3505548644198484,0.9463260699408249,-0.5278648778443619,8.608518833942055,-0.3508283600364833,0.9468391317753253,-0.47921873476231724,8.637346969330824
29600000.0,-0.3482743193665157,0.940306945262546,-0.46925210873091655,8.546070494219315,-0.34852767911281834,0.9408288780578669,-0.42060071619652245,8.574841718051756
29900000.0,-0.3452778819626568,0.9318668771219293,-0.40472330796867023,8.463379674859402,-0.3455096860922964,0.9323889051257356,-0.3560269759247096,8.492068487561575
30200000.0,-0.34250743054394467,0.9209674460536885,-0.341908360664879,8.360130910163582,-0.34271942129214983,0.9214810576916979,-0.29313955481241655,8.388705007808696
30500000.0,-0.3408358553681109,0.9078916462515646,-0.2878793343402374,8.238609802080369,-0.34103255942844873,0.9083896647602232,-0.2390231996759277,8.267034279835956
30800000.0,-0.34096243619129313,0.8931911319945764,-0.24830380226281806,8.103276263409862,-0.34115044858830035,0.8936685549722769,-0.19935730797656634,8.131517510396387
31100000.0,-0.34333633718219964,0.8776018705139991,-0.22682565634196952,7.960082068285844,-0.34352337925457743,0.8780563814456386,-0.17779561423964874,7.988110926884873
31400000.0,-0.3481166456961374,0.8619410290197403,-0.224741613837997,7.815636503392895,-0.3483105333115578,0.8623731324810029,-0.17564194324470864,7.843430396979769
31700000.0,-0.35517208263347233,0.8469996704693105,-0.24099874529234305,7.676338055631185,-0.3553797449012128,0.8474124550145666,-0.19184742048276932,7.703881948673916
32000000.0,-0.36411809940730727,0.8334455544945112,-0.2724945504204697,7.547587827395947,-0.3643447735601032,0.8338441360819334,-0.22331066740242955,7.574874047783068
32300000.0,-0.37438427124916657,0.8217481867707621,-0.31462222080713625,7.433182952785198,-0.3746329689878238,0.8221389247294152,-0.2654235628274604,7.460210055675848
32600000.0,-0.38530129999787016,0.812134620947282,-0.36197462002097947,7.334958843495965,-0.38557259930451787,0.8125242233090418,-0.31277599691333724,7.361729810029731
32900000.0,-0.3961949606002071,0.8045799557057515,-0.40910449274173866,7.252712182716617,-0.39648713087607507,0.804974598710927,-0.3599169953003512,7.279232312562641
33200000.0,-0.4064741372917126,0.7988316403767922,-0.4512368856742291,7.184397507401559,-0.4067835610293406,0.79923621797182,-0.40206805258124234,7.210672375601047
33500000.0,-0.41570162483796386,0.7944622605489957,-0.4848421341597807,7.126554272400378,-0.4160234417236786,0.7948798558325167,-0.4356968957762061,7.152588080109308
33800000.0,-0.4236393208995851,0.7909419886541929,-0.5080016419206047,7.074893073776094,-0.4239681948122546,0.7913736244503835,-0.4588838000053117,7.100687638137266
34100000.0,-0.43026333876761413,0.7877197651309158,-0.5205302640193668,7.024952554038181,-0.43059423733707397,0.7881644503701114,-0.4714442019513585,7.050507068661669
34400000.0,-0.43574885507820177,0.784301731979439,-0.5238537802837147,6.972734106959644,-0.43607773595436594,0.7847567800277364,-0.47480608116889794,6.998045678713732
34700000.0,-0.44042858363241916,0.7803164608107728,-0.5206729351192109,6.9152297515073755,-0.4407528999954874,0.7807780207044109,-0.471673615046051,6.940294599554296
35000000.0,-0.44473210155524867,0.7755588831365453,-0.5144725103115795,6.85077768394685,-0.4450510685025714,0.7760225992507566,-0.4655356443607519,6.875592789437719
35300000.0,-0.4491154413455497,0.7700081553425874,-0.5089516008884258,6.779206918614458,-0.4494300401880399,0.7704698582455655,-0.46009521854899965,6.8037718505908575
35600000.0,-0.45399116907111114,0.7638184803272788,-0.5074577960545704,6.701763092381644,-0.45430390321753855,0.7642748124982982,-0.45870303536864404,6.72608171425119
35900000.0,-0.45966855806622514,0.7572856311577421,-0.512503027610073,6.62083763829914,-0.45998300710864687,0.75773452506829,-0.4638726474712724,6.6449194207981925
36200000.0,-0.4663115929032978,0.7507950838034275,-0.525423682239471,6.539548120719641,-0.46663183652228096,0.7512360340797601,-0.4769401247488971,6.5634088467209795
36500000.0,-0.47391971511123887,0.7447598702962713,-0.5462247298850159,6.46123536430543,-0.47424971253909204,0.7451939725451556,-0.49790798754793675,6.484897098430604
36800000.0,-0.48233287623541315,0.7395572622015021,-0.5736205463510119,6.388951093013841,-0.482675888890406,0.7399870241275892,-0.5254861147710794,6.412441391641403
37100000.0,-0.491259070580367,0.735473112177875,-0.6052576495053257,6.325007515643425,-0.491617205455423,0.7359020733165659,-0.5573148330399685,6.348357956009925
37400000.0,-0.5003195378358014,0.7326612187052056,-0.6380804353265386,6.270648461283002,-0.5006934692038328,0.7330934394322588,-0.5903312242020599,6.293892657967403
37700000.0,-0.5091046362259388,0.7311226891813843,-0.668783279589769,6.2258823310135245,-0.5094935363724077,0.7315621846727353,-0.6212219402222784,6.249053672625479
38000000.0,-0.5172322469546987,0.7307073250659086,-0.6942831443042896,6.189493249516646,-0.5176339268896368,0.7311575239896196,-0.6468965713966063,6.2126226201977595
38300000.0,-0.5244005848808058,0.7311359633061528,-0.7121469395669527,6.159221800150428,-0.5248118174488047,0.7315992641831511,-0.6649157220279466,6.182335546601682
38600000.0,-0.530428403167794,0.7320399032949463,-0.7209168938295697,6.1320840280080375,-0.5308453774449481,0.732517385087482,-0.673816959648393,6.155202395125243
38900000.0,-0.5352775909349864,0.7330113928927934,-0.7202934588841512,6.104779949301356,-0.5356964312103888,0.7335027131025604,-0.6732980978787607,6.1279161425184565
39200000.0,-0.5390557609960516,0.733657901461452,-0.7111562983862999,6.074132723760658,-0.5394730377213224,0.7341613882801235,-0.6642383240867153,6.097292673607385
39500000.0,-0.5419992333178822,0.7336526993176486,-0.6954266354086254,6.037497956531889,-0.5424123975369488,0.7341656179194339,-0.6485604419057609,6.06068077236705
39800000.0,-0.5444394511948556,0.7327750733353867,-0.6757955283641598,5.993089150891472,-0.5448471371383983,0.7332940237773093,-0.6289588239916173,6.016288168188098
40100000.0,-0.5467579747766665,0.7309351834329826,-0.6553597012979782,5.9401788853675255,-0.547160135352773,0.7314565717062638,-0.6085347535728394,5.963383144869835
40400000.0,-0.549336519710857,0.7281808407705387,-0.6372172633302757,5.8791537058919685,-0.5497343835539824,0.7287013571731551,-0.5903915604425416,5.902349661308444
40700000.0,-0.5525089033904288,0.7246860328941152,-0.6240788484997718,5.811421312748695,-0.5529047665576575,0.7252030736916572,-0.5772451615140874,5.83459455063268
41000000.0,-0.5565212148986197,0.720723479520216,-0.6179452878693489,5.739188516444233,-0.5569181019201571,0.7212354581902787,-0.5711011938486553,5.7623252877564175
41300000.0,-0.5615051515526571,0.7166255478254305,-0.6198918157265804,5.665144987472248,-0.5619063965691777,0.7171320592847484,-0.5730388052435456,5.688233391350976
41600000.0,-0.5674674856385495,0.7127392304495788,-0.6299827961728736,5.592098947852437,-0.5678762928748897,0.7132410529540939,-0.5831251314153143,5.615129667491265
41900000.0,-0.57429633216077,0.7093814367110508,-0.6473224037740176,5.5226153829998985,-0.5747153751687697,0.7098803785518619,-0.6004659110647781,5.545581942244937
42200000.0,-0.5817826045855176,0.7068005295799334,-0.6702282106902441,5.458704781501253,-0.5822137158710936,0.70729914820728,-0.6233791827598163,5.481603359044651
42500000.0,-0.5896530780280218,0.7051489376774926,-0.6964987105018242,5.401601484362196,-0.5900970662491897,0.705650174792672,-0.6496630618681268,5.424430380944083
42800000.0,-0.5976100798933899,0.7044699653348933,-0.7237344831825125,5.351656919435713,-0.5980666930007942,0.7049767508469291,-0.6769172521834352,5.374415814812268
43100000.0,-0.6053721611830267,0.7046998703964966,-0.7496673082445446,5.308356381681816,-0.6058401933946547,0.7052147499636865,-0.7028725394611932,5.331045537466749
43400000.0,-0.6127102263920133,0.7056841709885578,-0.7724525405276986,5.270450957945678,-0.6131877475783062,0.7062090062267047,-0.7256835203507409,5.293070518272406
43700000.0,-0.6194744657629508,0.7072052660116197,-0.7908870679191616,5.236181009955908,-0.6199591362263993,0.7077410444228696,-0.7441468324359413,5.258730525968167
44000000.0,-0.6256088922745907,0.7090170535957951,-0.8045269723731754,5.203556294936107,-0.6260983159899038,0.7095638287461474,-0.7578189677442991,5.226034556105916
44300000.0,-0.6311521149054676,0.7108814766626756,-0.8136938164769605,5.170651691588764,-0.6316441811459754,0.711438440533975,-0.7670225723887978,5.193056893583121
44600000.0,-0.6362249161713444,0.7126018904086818,-0.8193741477716329,5.135877219795396,-0.636718083229933,0.7131675617709846,-0.7727458263286939,5.15820744305268
44900000.0,-0.6410069788004258,0.7140488076805053,-0.8230311918461428,5.098186391097275,-0.6415004634245476,0.7146213052027641,-0.776453896343999,5.120440314372286
45200000.0,-0.6457064891202848,0.7151748165271105,-0.826358895235653,5.057196946361924,-0.6462003397269633,0.7157521750959264,-0.7798426617447877,5.079374682114292
45500000.0,-0.6505271616713194,0.716017087943379,-0.831015090991439,5.0132111756223106,-0.6510222102480924,0.71659757248374,-0.7845715346363156,5.035315094128699
45800000.0,-0.6556373925493695,0.7166876646785295,-0.8383718801942,4.967137360982458,-0.6561350970007068,0.7172700379923693,-0.7920135201803493,4.989172769718985
46100000.0,-0.6611457621050298,0.7173533968738686,-0.849317384055362,4.920327437010735,-0.6616479653808609,0.7179371060768671,-0.8030567195027667,4.942303000681623
46400000.0,-0.667086062877876,0.7182087430996379,-0.8641345682830807,4.874356910836054,-0.6675947056305221,0.7187940018177953,-0.8179830141602668,4.896284732254283
46700000.0,-0.6734135902334095,0.7194455145009155,-0.8824712023420505,4.830780037303774,-0.673930418737522,0.7200332732028063,-0.8364380163936397,4.852675364952546
47000000.0,-0.6800128123314585,0.7212239072600691,-0.9034019006558723,4.790895410484992,-0.6805391224976216,0.7218157197772204,-0.8574932355828719,4.8127759884226355
47300000.0,-0.6867149607483954,0.7236488306932323,-0.9255704451746369,4.7555543996590925,-0.6872514126113174,0.7242466389689017,-0.8797886454585278,4.777439522596818
47600000.0,-0.6933227663829239,0.7267546639636897,-0.9473899333937237,4.725037783910341,-0.6938692925360872,0.7273605335301738,-0.9017331655257629,4.74694715842042
47900000.0,-0.6996386770794403,0.7305003030067577,-0.9672711077489703,4.699015651902751,-0.700194494808125,0.731116147329909,-0.921733370767067,4.720968188937811
48200000.0,-0.7054925390002476,0.7347748788616646,-0.9838463533522216,4.676593654425653,-0.706056261306306,0.7354022109183646,-0.9384178694216526,4.698606325747234
48500000.0,-0.7107649319201447,0.739413048818493,-0.9961585343512056,4.6564367226261725,-0.7113347592466648,0.7400527932546228,-0.950826473065125,4.678523603879565
48800000.0,-0.7154030705496547,0.7442174843480892,-1.0037896800290287,4.636951027361892,-0.715977034579477,0.7448698741727777,-0.9585391312448867,4.659122625205854
49100000.0,-0.7194273027546885,0.7489852716088349,-1.006913584275322,4.616497605356422,-0.7200035274898058,0.7496498410499343,-0.9617286675083979,4.638760529131382
49400000.0,-0.7229275845350471,0.7535345120198207,-1.0062672976473324,4.5936076110746455,-0.7235045286502522,0.7542101836783217,-0.9611322844491482,4.615964606232992
49700000.0,-0.7260506987980814,0.757727503314603,-1.0030477164513942,4.567169904236447,-0.7266273469919609,0.7584127549864275,-0.9579480467272066,4.589620221085531
50000000.0,-0.7289802200620978,0.7614874646171249,-0.9987494679311711,4.536566400650704,-0.7295561991215992,0.7621805508107246,-0.9536725605918315,4.559106433649362
50300000.0,-0.7319121473216548,0.7648067457745585,-0.9949677368502458,4.5017385169028366,-0.7324877536356873,0.7655059423633935,-0.9499035263278532,4.524362621599036
50600000.0,-0.7350296181993856,0.7677456847347643,-0.9931936517833015,4.4631779399400076,-0.7356057558995316,0.7684495231089524,-0.9481348201617621,4.485879319931996
50900000.0,-0.7384801273170051,0.7704225719524914,-0.9946299297279375,4.42184543347212,-0.7390581683495071,0.7711300315986382,-0.9495718441336202,4.444616989815373
51200000.0,-0.7423582159970505,0.7729963689526774,-1.0000507898926718,4.379031007678222,-0.7429398036013357,0.7737070040856694,-0.9549911909721943,4.401866057258515
51500000.0,-0.7466957571769512,0.7756447512413205,-1.0097233247443522,4.336176248838092,-0.7472825811486596,0.7763587368830032,-0.9646618398555828,4.359069043769143
51800000.0,-0.7514608570186154,0.7785405874208065,-1.0233985961674932,4.29468398923529,-0.7520544319453347,0.7792586817334515,-0.9783361669893668,4.31763000232713
52100000.0,-0.7565651921821923,0.7818300661327864,-1.0403709938559156,4.255741305911354,-0.7571666683168585,0.7825534972619017,-0.9953093108988317,4.278737282789712
52400000.0,-0.7618784662441282,0.7856153421805151,-1.0595952045833301,4.220179083974987,-0.7624884971814195,0.786345637784173,-1.0145362308298402,4.243222895536708
52700000.0,-0.7672477525893818,0.7899438544660137,-1.0798427269379305,4.188385565033232,-0.7678664353215757,0.7906826392100155,-1.034788371654563,4.211475920107746
53000000.0,-0.7725189114023621,0.7948054823310577,-1.099875174632287,4.160283322512445,-0.7731458039272631,0.795554272042205,-1.0548271497263118,4.183419416563414
53300000.0,-0.7775570924724093,0.8001375971475659,-1.118610187211393,4.135370125770065,-0.7781913033862492,0.8008976177033531,-1.0735700467816451,4.158551305428465
53600000.0,-0.7822635733300684,0.8058369881972685,-1.1352576907329655,4.112815433150788,-0.7829039082373285,0.8066090428125327,-1.0902270242728127,4.136040948289993
53900000.0,-0.7865867870227926,0.8117767419611075,-1.1494091442372403,4.091596971592194,-0.7872319294027014,0.8125611430432426,-1.1043898695812224,4.11486586818926
54200000.0,-0.7905262703114221,0.8178255486263789,-1.1610695000068265,4.070656961717982,-0.791174970594082,0.8186221209364863,-1.116064186800281,4.09396814291746
54500000.0,-0.7941292821816035,0.8238666715205766,-1.1706298519805125,4.0490556199511225,-0.7947805286251763,0.8246748233524538,-1.1256420021258031,4.072408073540142
54800000.0,-0.7974808600266413,0.8298139642658388,-1.1787869801752142,4.026100775050555,-0.7981340084460754,0.8306328141279955,-1.1338211986322881,4.0494939372511265
55100000.0,-0.800688957531544,0.8356228232069233,-1.186423093222681,4.00143650412055,-0.8013438034135508,0.8364513622974875,-1.1414850994330583,4.024870706281951
55400000.0,-0.8038669288210074,0.8412947382687362,-1.1944640929840797,3.975079969081759,-0.8045237138832663,0.8421320047861277,-1.1495605473844406,3.998556898708494
55700000.0,-0.8071159113620026,0.8468750384937365,-1.2037370156600193,3.9474031848478677,-0.807775265942514,0.8477202790117028,-1.1588751636493069,3.970926287459331
56000000.0,-0.8105095869466602,0.8524443858588742,-1.2148467123402373,3.9190641974805076,-0.8111724184377035,0.8532971816105966,-1.1700338756387225,3.9426389515512072
56300000.0,-0.8140833876902616,0.8581054204729321,-1.2280884953974238,3.890899024861039,-0.8147507323685836,0.8589657619663595,-1.1833314640947088,3.9145330375792278
56600000.0,-0.8178295299676769,0.8639665887265777,-1.2434079424580737,3.8637907985033064,-0.8185023900939199,0.8648348897936469,-1.1987123370044717,3.8874936929752164
56900000.0,-0.8216984062009227,0.8701255142167116,-1.26041214740568,3.8385352017270433,-0.8223775956297587,0.8710025652613379,-1.2157818262305,3.8623182932869384
57200000.0,-0.8256059649549883,0.8766542636635178,-1.2784294294185414,3.815721238469937,-0.8262919846252619,0.8775411322995873,-1.2338660140370639,3.8395970251359155
57500000.0,-0.8294458889029124,0.8835885281525253,-1.2966078682679496,3.795643681831958,-0.8301388488212339,0.8844864224663053,-1.252110444324023,3.819625197959382
57800000.0,-0.8331047482867427,0.8909221394732237,-1.3140379200800831,3.778258692115659,-0.833804345718453,0.8918322538798165,-1.2696029517510674,3.802358791745257
58100000.0,-0.8364779455425728,0.898607562830255,-1.329881438470828,3.7631877947512,-0.8371835010935603,0.8995309283424178,-1.2855029079755265,3.7874184398148367
58400000.0,-0.8394842163746195,0.9065621630965063,-1.343489017700044,3.749768578040216,-0.8401947616198914,0.907499522621013,-1.2991587748294862,3.7741402055045445
58700000.0,-0.842076711302153,0.914679249963382,-1.3544896678298262,3.7371440631853114,-0.8427911146929636,0.9156309752396647,-1.310197950021429,3.761665094741424
59000000.0,-0.8442492048784779,0.9228422749893945,-1.3628410650071257,3.724377581779793,-0.8449663177555446,0.923808335619211,-1.318577129673154,3.749054121458899
59300000.0,-0.8460366877659453,0.9309401627368084,-1.3688343487968593,3.710576833145886,-0.8467554900337984,0.9319201503317358,-1.3245871486951173,3.735412574862174
59600000.0,-0.847510387097608,0.9388816554618514,-1.373053833063391,3.6950099622066794,-0.848230112707958,0.9398748583088071,-1.3288126636489224,3.7200063039369473
59900000.0,-0.8487680222721439,0.9466067418453574,-1.3762981608129536,3.677198043946032,-0.8494882479585439,0.9476122587106354,-1.3320532156591058,3.7023543814253075
60200000.0,-0.8499207329336709,0.9540936902862445,-1.379474528366436,3.656972001853061,-0.8506414191049063,0.9551105669485523,-1.335217313616664,3.682286155378793
60500000.0,-0.8510785309328355,0.9613608471279229,-1.3834809631102636,3.6344871651422093,-0.8518000104579108,0.9623882165870722,-1.3392045422423275,3.6599558806843353
60800000.0,-0.8523362779319332,0.9684630966681654,-1.3890928521631243,3.6101946290664535,-0.8530591957626023,0.9695003040113965,-1.344791915199376,3.63581409072986
61100000.0,-0.853762062187198,0.9754836092516035,-1.3968688828501192,3.5847744853897465,-0.8544872753661835,0.9765303047913995,-1.3525396563663719,3.6105407805443894
61400000.0,-0.8553894675530748,0.9825221264811395,-1.4070884772707186,3.5590410294291033,-0.8561179202630924,0.9835783155701091,-1.3627285101998845,3.584950519550975
61700000.0,-0.857214654352327,0.9896814664510812,-1.4197281635557195,3.5338335612427634,-0.8579472456180371,0.9907475106142528,-1.3753360364917748,3.55988312874651
62000000.0,-0.8591984896030807,0.9970541230310631,-1.4344788064783265,3.509907945436762,-0.8599359517228576,0.9981306938387233,-1.3900538175178114,3.536095106915486
62300000.0,-0.8612732697573198,1.0047107625404166,-1.4508000015396165,3.487843522421351,-0.8620160735248487,1.0057987560309978,-1.4063418792697921,3.5141664188105226
62600000.0,-0.8633529680567533,1.0126921060251164,-1.4680029918729087,3.4679774142078537,-0.8641012666813341,1.0137925306169484,-1.4235116766376599,3.4944347056740135
62900000.0,-0.8653454921059517,1.0210051761262042,-1.4853498539353784,3.450374147483628,-0.8660991100854805,1.0221190301631708,-1.440825373636507,3.4769648529831207
63200000.0,-0.8671652116518792,1.0296242597342462,-1.5021548720205622,3.434833436639005,-0.867923678513025,1.0307524157110894,-1.457597320797879,3.4615567636086
63500000.0,-0.8687440362835093,1.0384962808041522,-1.5178741809097143,3.420933654499946,-0.8695066589668949,1.0396393918570281,-1.47328379078025,3.4477888624961572
63800000.0,-0.8700395779014048,1.0475496828559958,-1.5321718202517243,3.4081037048369134,-0.8708055404702417,1.0487081235511466,-1.4875490998265353,3.435090038649862
64100000.0,-0.8710393814222713,1.0567054676359462,-1.54495397421129,3.395712344440532,-0.8718078573813609,1.0578793159921789,-1.5002998771965697,3.4228290586821855
64400000.0,-0.8717607819782733,1.065888783257884,-1.5563678210850354,3.383161953760355,-0.8725310432207878,1.0670778450423275,-1.5116839019399546,3.4104084343013135
64700000.0,-0.8722465651739201,1.0750394308715387,-1.5667664207912448,3.3699735583698653,-0.873018072539394,1.0762433013429733,-1.5220549362943987,3.397349528770044
65000000.0,-0.8725571824204589,1.0841198602189301,-1.5766457249143622,3.355851532294862,-0.8733296458528493,1.0853380134655026,-1.5319096481416472,3.383357318066045
65300000.0,-0.8727607280273655,1.0931196171510296,-1.5865634731955371,3.3407195918274084,-0.8735341288945584,1.0943515096464358,-1.5418063993149111,3.3683564041827045
65600000.0,-0.8729221593729297,1.1020557307284324,-1.5970519630585358,3.3247239330029883,-0.8736967329761927,1.1033009041531854,-1.5522779024551716,3.3524941282383307
65900000.0,-0.8730933033476133,1.1109691079082926,-1.6085371796578314,3.3082040622465625,-0.8738694852346098,1.1122272768143127,-1.5637502508907724,3.3361113338185993
66200000.0,-0.8733050387585148,1.1199175584074716,-1.6212755320685701,3.291636357559229,-0.8740833833833509,1.1211886708136534,-1.5764795825866016,3.3196858250677828
66500000.0,-0.8735627026409575,1.1289665253585497,-1.6353166760376834,3.275559063562458,-0.8743437865288789,1.1302507884509891,-1.590514870295072,3.3037572351878293
66800000.0,-0.8738452907296245,1.1381788890518196,-1.6504970383825635,3.2604897842515648,-0.8746296141415686,1.1394767572207725,-1.6056914593817049,3.288844384967005
67100000.0,-0.8741084783110207,1.1476053054997186,-1.6664642558984295,3.2468473017295203,-0.8748963792564998,1.1489174332532377,-1.6216555663931425,3.275366976624186
67400000.0,-0.8742909541907036,1.1572764309568937,-1.6827284245596275,3.2348886544735347,-0.8750825465806207,1.1586035980695273,-1.6379156282115184,3.26358257243697
67700000.0,-0.8743231109190343,1.1671980885619226,-1.6987324166848077,3.2246700219760425,-0.8751182550171823,1.1685411084959916,-1.6539127482164409,3.2535474176802985
68000000.0,-0.8741368286419045,1.177349999431353,-1.713931049120059,3.216036452185675,-0.8749351373040448,1.1787096241309336,-1.6691000075393112,3.2451061520881064
68300000.0,-0.8736749664474762,1.187688191298054,-1.727867886028757,3.208641347465262,-0.8744758456017906,1.1890650256582507,-1.683019408328614,3.237911327479341
68600000.0,-0.8728992462905611,1.1981506853243036,-1.7402390358381987,3.2019924779108027,-0.8737019634154222,1.1995451230013923,-1.695365792453711,3.2314694963019415
68900000.0,-0.8717954657256992,1.208665616794435,-1.7509353340580407,3.1955176904904805,-0.8725992363563322,1.2100778058177615,-1.706029113873037,3.225207030103624
69200000.0,-0.870375367646614,1.2191606276693026,-1.760057475281522,3.1886409112382634,-0.8711794476814835,1.220590470022671,-1.715109618840274,3.218546251724341
69500000.0,-0.8686749704558361,1.2295722190496752,-1.767902503196218,3.1808578243369583,-0.8694787415097438,1.231019403627736,-1.722904339047625,3.210981249470358
69800000.0,-0.8667496530622805,1.2398537859541217,-1.7749240403573174,3.171800889692907,-0.867552689354348,1.2413178497329513,-1.729867281472401,3.2021430192700113
70100000.0,-0.8646667278198359,1.249981266133803,-1.7816721896504544,3.1612850542878213,-0.8654688358772583,1.2514616746476086,-1.7365492541387126,3.1918452764951395
70400000.0,-0.8624965619009332,1.2599556858007455,-1.7887216886770458,3.1493283539295707,-0.8632977882810084,1.2614519215835789,-1.7435259204352576,3.1801051241943825
70700000.0,-0.8603034813757438,1.269802326276336,-1.7965983046421523,3.1361451716529656,-0.861104088091839,1.2713139731087317,-1.7513240834266028,3.167136338968511
71000000.0,-0.8581376923549807,1.2795667037964027,-1.8057134582393146,3.122113707853882,-0.8589381041083763,1.281093515465093,-1.760356203014253,3.153316829883875
71300000.0,-0.8560292842885753,1.2893079849532074,-1.8163156954608695,3.1077226989075277,-0.8568300153520352,1.2908499296266291,-1.7708717777993022,3.139135312518884
71600000.0,-0.8539850693924977,1.2990907943470185,-1.8284651088352482,3.0935051245619025,-0.8547866405663029,1.3006480692218052,-1.7829317029492675,3.1251249478668686
71900000.0,-0.8519886055491963,1.3089765654345071,-1.842033519212982,3.0799682177765146,-0.852791462692682,1.310549580502943,-1.7964084206850117,3.1117932717921146
72200000.0,-0.8500033061916705,1.31901561711052,-1.8567296377465596,3.0675293461364284,-0.8508077513110984,1.3206049511439477,-1.8110110836578959,3.09955799701037
72500000.0,-0.8479781216137112,1.3292410070351042,-1.8721450365304106,3.05646626981734,-0.8487842654736493,1.33084734258887,-1.8263315555895014,3.08869720438676
72800000.0,-0.845854938836747,1.3396649403507244,-1.8878140267679,3.0468880772211477,-0.8466626808715466,1.3412889872769773,-1.8419043400108093,3.079320233838755
73100000.0,-0.8435766359368083,1.3502781402948878,-1.9032788339225,3.0387300881060724,-0.8443856733387526,1.3519205585582297,-1.8572718159197945,3.0713625699840934
73400000.0,-0.8410946674336431,1.3610521690600583,-1.918150979302142,3.031772630370613,-0.8419045312389206,1.3627135014425058,-1.8720456781937844,3.0646046295425746
73700000.0,-0.8383751542543256,1.371944281850248,-1.9321605615652258,3.0256803160811137,-0.8391852665997116,1.3736249054734926,-1.8859562653961257,3.0587110724915507
74000000.0,-0.8354026875575502,1.3829040599556641,-1.9451870394190764,3.020055714211714,-0.8362124315297148,1.3846041627055934,-1.8988833677277048,3.0532845270850597
74300000.0,-0.8321813943046228,1.3938808445568025,-1.9572678566254267,3.014499503943004,-0.8329901863070839,1.3956004288880812,-1.9108648512514133,3.0479258026311937
74600000.0,-0.8287332045538847,1.4048309099239857,-1.9685844232297645,3.008668520212151,-0.8295405590482561,1.4065698226679013,-1.9220826115143075,3.0422919907048236
74900000.0,-0.8250936505697916,1.415723380595962,-1.9794281237387974,3.002323636483907,-0.8258992283815534,1.4174813638300279,-1.9328285307530069,3.036144389327494
75200000.0,-0.8213058621252799,1.4265440991623128,-1.9901517281173218,2.995361064506607,-0.822109496021176,1.428320854409099,-1.9434558217070594,3.0293798215509815
75500000.0,-0.8174136560259125,1.4372969581241068,-2.0011134722660278,2.9878231337568844,-0.8182153505940587,1.4390922144958036,-1.9543230344831632,3.0220414061339147
75800000.0,-0.8134547210562542,1.4480025759410897,-2.012621909655541,2.9798875800631683,-0.8142546275721835,1.4498161525352753,-1.9657388391213795,3.0143078088162234
76100000.0,-0.8094548611544989,1.4586945716105808,-2.0248893252083713,2.9718374012143687,-0.8102532315850242,1.4605264255019608,-1.9779153855547629,3.0064630351808574
76400000.0,-0.8054240883768495,1.4694140219663339,-2.038000116948405,2.9640160065233276,-0.8062212154834294,1.4712642753530731,-1.990936655192916,2.9988514989741235
76700000.0,-0.8013550800007304,1.4802029267238965,-2.0518983077997413,2.9567743362682974,-0.80215123228334,1.4820718698419888,-2.0047459721186356,2.991825051458679
77000000.0,-0.7972241718129187,1.4910976268626517,-2.066395580048237,2.9504176026537325,-0.7980195325613981,1.4929856967355422,-2.019154068129998,2.985689634516124
77300000.0,-0.792994701161405,1.5021231083177775,-2.0811983242488155,2.9451591938508845,-0.7937893201109383,1.5040308467750836,-2.0338661910136153,2.980659110028784
77600000.0,-0.788622188736171,1.5132889801092386,-2.0959495675640785,2.94108812687663,-0.7894159528928598,1.5152169773243167,-2.0485241148526177,2.9768226606967088
77900000.0,-0.7840606014848498,1.5245876666709781,-2.110279651252839,2.938154417309356,-0.7848532288891893,1.5265364983560694,-2.0627569129727354,2.9741301368457798
78200000.0,-0.7792688029459535,1.535995035175353,-2.1238584254535953,2.9361741527601213,-0.7800598598820128,1.5379652022942651,-2.0762332508508474,2.972397139035311
78500000.0,-0.7742162880059524,1.5474733357602208,-2.1364416542103872,2.934853282409413,-0.7750052269034126,1.5494652150991732,-2.088707880857818,2.971328847646847
78800000.0,-0.7688874151431639,1.5589760137426758,-2.1479052627509203,2.9338265549362963,-0.7696736276074481,1.5609898260184716,-2.100055960956129,2.970559026856713
79100000.0,-0.763283571836704,1.5704537017051925,-2.1582628603262792,2.9327060044310387,-0.7640664492579806,1.5724895013403706,-2.1102906232349303,2.969698594566828
79400000.0,-0.7574230048917859,1.581860549036545,-2.1676643677518665,2.93113216751357,-0.7582019981816759,1.5839182366651146,-2.1195616173501888,2.968386931533894
79700000.0,-0.7513383744839793,1.5931600156769086,-2.1763762252151704,2.928820965323646,-0.7521130447712302,1.5952393712958481,-2.1281355041661163,2.966338852754213
80000000.0,-0.7450724028884841,1.6043293471456477,-2.184746182055662,2.925599914869741,-0.7458424564060055,1.6064300790310337,-2.1363604047362443,2.9633808957598764
80300000.0,-0.7386722434003611,1.6153621443185875,-2.193157729921995,2.92142892336715,-0.7394375460991973,1.6174839467598596,-2.1446203726020245,2.9594721716568317
80600000.0,-0.7321833579535227,1.626268714488711,-2.201980559897322,2.916403128797834,-0.7329439282474771,1.6284113263283926,-2.1532857787091704,2.9547072373095498
80900000.0,-0.7256437429567892,1.6370742006512042,-2.211523836938458,2.9107377617312475,-0.7263997240277499,1.639237456674854,-2.1626665119123696,2.949300962371974
81200000.0,-0.7190792772494089,1.6478147900823408,-2.2219985541975773,2.9047374645048323,-0.7198308931075346,1.6499986584527688,-2.1729742668345846,2.9435578294299773
81500000.0,-0.7125007954872716,1.6585325593516589,-2.23349384931348,2.898754575990144,-0.7132482971075332,1.6607371603399295,-2.1842988087357518,2.93783018070693
81800000.0,-0.7059032404861997,1.6692696866616534,-2.2459701436458457,2.8931422963191507,-0.7066468495550501,1.671495290592419,-2.196601081332926,2.932471333120553
82100000.0,-0.699266955306117,1.6800628317460902,-2.2592695964667864,2.8882092070286194,-0.7000068132623803,1.6823098369653933,-2.209723651405035,2.9277900456381087
82400000.0,-0.6925608814365518,1.69093844122036,-2.273141983690697,2.8841812796362447,-0.6932970105819448,1.6932073356079442,-2.2234165983173235,2.9240124802456666
82700000.0,-0.68574717400378,1.701909591640181,-2.287282043608394,2.8811763271253006,-0.6864794556396939,1.7042009033559533,-2.237374886582054,2.921256617976149
83000000.0,-0.678786562798013,1.7129747559624235,-2.3013728583285205,2.879194019613135,-0.6795147348869078,1.7152890004518144,-2.251281783652484,2.9195222559359713
83300000.0,-0.6716437026045964,1.724118604749611,-2.3151291491661943,2.8781223653182666,-0.6723673767099486,1.7264562353694597,-2.2648521935614903,2.918697488235519
83600000.0,-0.6642917773899532,1.7353146702291036,-2.3283345346437736,2.8777592661110307,-0.6650104720021053,1.737676039171311,-2.277869947483799,2.918580278844901
83900000.0,-0.6567157450337996,1.7465294485711333,-2.3408677880607014,2.877845711591116,-0.6574289302031527,1.7489147831721659,-2.2902140817569414,2.9189116862922715
84200000.0,-0.6489138133379604,1.7577273276999352,-2.352714782644423,2.8781056539251217,-0.6496209601034476,1.7601367249703195,-2.301870787053253,2.919415776301802
84500000.0,-0.6408969939201715,1.7688756291684498,-2.363964882851419,2.878286806211584,-0.6415976215201906,1.7713090687833728,-2.312929785657569,2.919840457860377
84800000.0,-0.6326868517432875,1.7799490547603252,-2.374792734480477,2.8781966243684804,-0.6333805660764563,1.782406428185698,-2.323566090819725,2.919993495383927
85100000.0,-0.6243118165510159,1.7909329290015599,-2.385428417322513,2.877728545857753,-0.6249983347280668,1.7934140802440484,-2.334010115917429,2.9197687640183574
85400000.0,-0.615802614443048,1.8018248115533881,-2.3961204774986653,2.8768750376685297,-0.6164817723289232,1.8043295835114241,-2.344510656700185,2.919159296195673
85700000.0,-0.6071874878596759,1.812634291383609,-2.407097247095472,2.8757259312556576,-0.607859229946616,1.8151625711332564,-2.3552961615588544,2.918255595447383
86000000.0,-0.5984878868603241,1.8233810334758132,-2.4185319770528095,2.874452616853222,-0.5991522402929245,1.8259327901213476,-2.36653982326705,2.917229791070226
86300000.0,-0.5897152337964777,1.8340913922701065,-2.430516655580624,2.8732806394817354,-0.5903722705441219,1.836666702163594,-2.3783333710557253,2.916308179855937
86600000.0,-0.5808692005144708,1.8447941005697057,-2.4430480657389517,2.872454813244886,-0.5815189932604989,1.8473931565748705,-2.390673121384935,2.915736277564036
86900000.0,-0.5719377164269189,1.8555156623109448,-2.4560278491023664,2.87220193885803,-0.5725802945121329,1.8581387660811122,-2.4034600565544664,2.91574147252135
87200000.0,-0.5628986789923017,1.8662761072940144,-2.4692763453724806,2.8726964497708902,-0.5635339906227275,1.868923645925706,-2.416513700396199,2.9164986144951115
87500000.0,-0.5537231001525098,1.8770857034239687,-2.4825580519198147,2.8740338061132276,-0.55435098609393,1.8797581140034458,-2.4295976316518932,2.9181033651478394
87800000.0,-0.5443792259410413,1.8879430777275945,-2.4956149584825984,2.8762152882263874,-0.5449994082296563,1.8906408049134842,-2.4424528845761913,2.920556967256546
88100000.0,-0.5348370382360667,1.898834993054067,-2.5082029744644325,2.8791461878445364,-0.535449125283631,1.9015584457206312,-2.4548344469715464,2.9237644338213564
88400000.0,-0.5250725039384855,1.9097377924452552,-2.520126312675463,2.882647494061133,-0.5256760111083381,1.9124873054407792,-2.4665457116748173,2.9275462544994704
88700000.0,-0.515070982135542,1.920620290876615,-2.531265059725849,2.8864792914718844,-0.5156653647346339,1.923396097142021,-2.477466104316354,2.9316618343096943
89000000.0,-0.5048293260720399,1.9314476965452252,-2.541592184955553,2.8903724895679948,-0.5054140200344657,1.93424991331746,-2.487568133233374,2.9358412788271315
89300000.0,-0.49435640494378935,1.9421860078547433,-2.5511777626445453,2.8940644016085577,-0.49493086949552834,1.945014638671572,-2.4969216324116816,2.9398210375314693
89600000.0,-0.483671993413364,1.95280627535209,-2.56017998580658,2.8973332308387545,-0.4842357498287473,1.9556612273666787,-2.5056847744678588,2.943378455769554
89900000.0,-0.4728042027958157,1.9632881465025118,-2.5688243791167014,2.9000267535157027,-0.4733568639934813,1.966169260516166,-2.5140832625956153,2.9463605175448078
90200000.0,-0.46178582575746985,1.973622219728635,-2.577374219860016,2.9020813665336567,-0.46232711283301303,1.976529308646102,-2.5223807141420145,2.948702940752162
90500000.0,-0.45065010925915155,1.9838109060664355,-2.5860963321413983,2.9035290586255837,-0.4511798529139301,1.9867437963975443,-2.530844406642789,2.95043717951579
90800000.0,-0.4394265396897662,1.9938677071034125,-2.595226979644841,2.9044915660061665,-0.4399446666233675,1.9968262778150867,-2.5397111182083885,2.951684592505519
91100000.0,-0.42813721150736195,2.0038150367682284,-2.604942480138577,2.905162744689343,-0.42864371789968725,2.0067992502611167,-2.549157692140569,2.952638809977868
91400000.0,-0.4167942596012043,2.013680911617188,-2.615338427658074,2.9057817864965862,-0.41728917553649797,2.016690832780867,-2.5592802175877334,2.9535389293814407
91700000.0,-0.4053986801041516,2.0234949827203597,-2.6264201501881437,2.9066011071274347,-0.4058820299516966,2.0265307837341764,-2.5700844583582763,2.9546373725344766
92000000.0,-0.393940667296735,2.033284462543956,-2.638105435760663,2.9078533844118106,-0.394412431512236,2.0363464130903783,-2.581488565020823,2.956166888224612
92300000.0,-0.38240138358052733,2.043070502613622,-2.650238855223263,2.9097222442455037,-0.3828614670813241,2.04615894717607,-2.5933373984565087,2.9583112036874635
92600000.0,-0.3707558846584122,2.052865503466844,-2.662615433215608,2.912320490652004,-0.3712040959116683,2.0559808291177815,-2.6054262141366262,2.96118322674272
92900000.0,-0.3589767696338437,2.062671699261186,-2.6750101854523565,2.9156786505082364,-0.3594128130341594,2.065814298575241,-2.6175302212028737,2.9648135730844674
93200000.0,-0.3470380359539537,2.0724811759578032,-2.6872093138104676,2.9197451189740686,-0.3474615181819783,2.0756514102495385,-2.6294358027344353,2.96915070683555
93500000.0,-0.33491860311444127,2.0822772805066188,-2.6990387211654587,2.9243975612035715,-0.3353290522275579,2.0854754484287654,-2.6409690537344033,2.9740723498710984
93800000.0,-0.3226050275323502,2.0920371871875183,-2.7103859811908277,2.929463678058958,-0.3230019218110583,2.095263502869847,-2.6520177671623846,2.979406265503467
94100000.0,-0.3100930543631115,2.101735232465875,-2.7212128966415805,2.934748190958371,-0.31047585665725663,2.1049898159601836,-2.662543997896568,2.98495726783008
94400000.0,-0.29738782188006574,2.1113465321286866,-2.7315571540203933,2.940062111189241,-0.2977560145345818,2.1146294131581427,-2.672585710665245,2.9905365171644545
94700000.0,-0.2845027258670639,2.120850366431357,-2.7415231348345306,2.94525013216369,-0.28485584133765474,2.124161500573629,-2.682247572346557,2.9959889347789046
95000000.0,-0.27145713823746015,2.1302328630146574,-2.7512634549962587,2.950212339329645,-0.2717947812143052,2.133572157738885,-2.691682462387199,3.001214926886176
95300000.0,-0.2582733299771433,2.1394886158840216,-2.7609540653288,2.95491731071735,-0.2585951881074028,2.1428559625453647,-2.7010665381908625,3.00618348722909
95600000.0,-0.2449730524601556,2.1486210354445814,-2.770766587378605,2.959404949115786,-0.245278894411525,2.1520163425904606,-2.710571534685388,3.0109350173842633
95900000.0,-0.23157426978804618,2.157641406735086,-2.78084187110794,2.9637788608491213,-0.23186393118907425,2.1610646299882172,-2.7203382900541517,3.015573679875451
96200000.0,-0.21808850394149412,2.1665668147925516,-2.7912685113306246,2.968189567201525,-0.21836186341838032,2.1700179791467016,-2.730455239531776,3.0202505722895916
96500000.0,-0.20451915982305663,2.175417252244734,-2.8020692933650406,2.9728110982195477,-0.20477610869630333,2.178896463747611,-2.740944851679407,3.025140276016432
96800000.0,-0.19086105307888995,2.1842123335164296,-2.8131973715801397,2.9778144030580846,-0.19110146310681927,2.1877197788531437,-2.7517598131020122,3.0304142188829535
97100000.0,-0.17710119088688944,2.192968088129591,-2.8245425870053116,2.98334140019199,-0.1773248846408521,2.1965040223375967,-2.76278936806873,3.0362146806473307
97400000.0,-0.16322067922838776,2.2016942868845457,-2.835946900530487,2.9894833396020317,-0.16342740724175006,2.205259011085839,-2.7738747878121623,3.0426331188704236
97700000.0,-0.14919747416125595,2.210392673043082,-2.847226655871481,2.9962664881775134,-0.14938690198338622,2.2139865054442094,-2.784831680100947,3.0496958308659967
98000000.0,-0.1350095806159085,2.2190563384555513,-2.858198463961911,3.003647080000228,-0.13518128747309224,2.2226795827555756,-2.7954759258173536,3.057358896305557
98300000.0,-0.1206382453395285,2.227670321150125,-2.868705040054447,3.0115161507117256,-0.12079173446344325,2.23132323679626,-2.8056495681852627,3.0655130206754544
98600000.0,-0.10607069775073233,2.236213329476016,-2.878637382516416,3.019713487986565,-0.10620541681202399,2.239896107885955,-2.8152430380283824,3.0739975105657584
98900000.0,-0.09130206152491781,2.2446603424187033,-2.887950241158321,3.028048672004364,-0.09141743022939704,2.2483730924018612,-2.8242106580433095,3.0826213517699186
99200000.0,-0.07633618007836332,2.2529857174908865,-2.8966687967725,3.0363262232001293,-0.07643162103323276,2.256728461780407,-2.832577344275981,3.091188403088343
99500000.0,-0.06118525317127453,2.2611663724103708,-2.904885720189036,3.0443713470447755,-0.061260221732807915,2.2649390556544353,-2.8404356713938608,3.099523190332566
99800000.0,-0.045868347677559394,2.2691846027542226,-2.9127491210312395,3.0520527330238054,-0.04592235669426084,2.2729871097292174,-2.8479338121767768,3.1074937522649484
100100000.0,-0.030408999976537343,2.2770301544226856,-2.9204431458741,3.059299323396558,-0.030441636106204796,2.2808623358409648,-2.855256113020731,3.1150284491535465
100400000.0,-0.014832249226524255,2.284701278191089,-2.928163971132493,3.066108844818211,-0.0148431787154466,2.2885629804722667,-2.862599054393467,3.1221245232661805
100700000.0,0.000838486338789482,2.2922046379399723,-2.9360945258033317,3.0725470637583268,0.0008495230458495957,2.2960957328280376,-2.8701459359587753,3.128847370065779
101000000.0,0.016584263220082333,2.2995541037599807,-2.9443813983633778,3.078738018151975,0.016617467127506922,2.303474513757275,-2.878043745603139,3.1353207721772582
101300000.0,0.032392814148817534,2.3067686136469945,-2.9531170224291174,3.08484671199103,0.032448351313232385,2.310718329878843,-2.886385311558463,3.1417095842305596
101600000.0,0.04825981128427201,2.3138694119842342,-2.9623294554053383,3.091056766820879,0.048337841021941816,2.3178485022052735,-2.8951990555003846,3.148197365438782
101900000.0,0.06418903928052179,2.320877052699595,-2.971980978762998,3.0975461690545134,0.06428974305876661,2.324885658545542,-2.904447577508181,3.1549621027308463
102200000.0,0.08019147902527429,2.327808579696805,-2.9819755134304042,3.104464451904938,0.08031508609853874,2.331846903776833,-2.914035066982997,3.1621533675720452
102500000.0,0.09628345251445025,2.3346752644325868,-2.992173632702037,3.1119143859788987,0.0964302588896631,2.3387435492387674,-2.9238223208855785,3.1698739846269337
102800000.0,0.11248410535453336,2.341481195957839,-3.002412935218223,3.1199405682623054,0.11265448365490148,2.345579697651515,-2.9336471293845587,3.1781686053126705
103100000.0,0.12881258876505225,2.3482228949809274,-3.012530849648003,3.128526297826351,0.1290069878624635,2.3523518557572207,-2.94334709708489,3.1870205766229964
103400000.0,0.145285336612901,2.3548899784474733,-3.0223866703475673,3.1375989525934593,0.14550427133139432,2.359049601297367,-2.952781695198338,3.1963573201076696
103700000.0,0.16191381123295304,2.3614667552171404,-3.0318797994722404,3.147042900842394,0.16215784378834977,2.3656571844951517,-2.9618505163845343,3.206063253667329
104000000.0,0.1787030186289632,2.3679345069441626,-3.0409617630732164,3.1567179575729023,0.17897273457651608,2.3721558172755364,-2.9705052967660963,3.2159982639137077
104300000.0,0.19565098019470073,2.3742741183782563,-3.049640486777572,3.1664806685357223,0.19594696235845566,2.3785263132314087,-2.9787541888753326,3.226019008542586
104600000.0,0.2127492108508734,2.380468679840863,-3.0579764273138643,3.1762053691322323,0.21307201491572117,2.3847516997220968,-2.9866578813965257,3.2359999921162763
104900000.0,0.2299841119374946,2.386505696434692,-3.066071301573253,3.1858020609730713,0.2303342470783595,2.390819435325809,-2.9943183085181397,3.2458514543584043
105200000.0,0.2473390611149738,2.392378601034792,-3.0740511752988997,3.1952286545165545,0.24771697826842956,2.3967229285736162,-3.001861713453985,3.255531616384455
105500000.0,0.26479688813226593,2.3980873716615507,-3.082046429189394,3.2044959642100492,0.2652029773986901,2.402462157813173,-3.0094185873897596,3.2650516694317715
105800000.0,0.2823423770620982,2.4036381833270513,-3.090171510788743,3.2136648904109144,0.2827769744234112,2.408043322006781,-3.0171033961883342,3.2744729399436534
106100000.0,0.29996443837559317,2.409042161390295,-3.0985073580309406,3.2228363305461256,0.3004278406074551,2.4134775897094585,-3.0249969846212625,3.283896774562357
106400000.0,0.3176576467909088,2.4143134286576315,-3.107088955028061,3.2321353751313704,0.31815013232063566,2.418779139133806,-3.0331341219781955,3.293448703137809
106700000.0,0.335422934984918,2.4194667346900918,-3.1158997187042905,3.241692122926944,0.33594478765116065,2.423962778791862,-3.041497889829472,3.3032592175837294
107000000.0,0.3532673552181862,2.424515010107101,-3.1248734280030788,3.251621889150885,0.3538188875297337,2.4290414927419164,-3.050021624419052,3.3134439446457526
107300000.0,0.3712029532179926,2.4294671942373567,-3.1339033367864246,3.262007625654656,0.371784525830015,2.4340242600645983,-3.0585980540253943,3.3240860356718205
107600000.0,0.3892449227201147,2.434326641277122,-3.1428571076992773,3.2728870224689834,0.3898569574218006,2.4389144548589052,-3.0670942663306695,3.335223246452515
107900000.0,0.40740930772877526,2.4390903249773217,-3.1515954058908635,3.2842460711409016,0.4080522921794938,2.4437090476126424,-3.075370341296204,3.3468414902080785
108200000.0,0.4257105794939989,2.4437489473042,-3.1599915064569455,3.2960199431167942,0.4263850631192655,2.4483987138174275,-3.0832989992947133,3.3588757182750886
108500000.0,0.4441594286865625,2.4482879289154904,-3.1679491603748833,3.308101003834091,0.44486601038396667,2.452968827634311,-3.09078350496761,3.3712179489368186
108800000.0,0.46276107912770115,2.4526891366173373,-3.1754162398635026,3.3203527904423566,0.46350038856295417,2.4574011952914145,-3.097771343806611,3.3837312706227043
109100000.0,0.4815143531744017,2.4569331021866323,-3.1823923011765354,3.3326279655836264,0.48228702831477255,2.461676281739397,-3.104261806393223,3.396267828973073
109400000.0,0.5004116117267459,2.4610014217436293,-3.188929069816333,3.3447877320096304,0.5012182757471618,2.4657756186411306,-3.1103064834504757,3.4086882787739037
109700000.0,0.5194395691552525,2.4648790037247785,-3.1951238457973314,3.3567200218536652,0.5202808098989715,2.4696840605446324,-3.116002668940005,3.4208800104659685
110000000.0,0.5385808625227749,2.4685558587133665,-3.201106805168185,3.3683539783343446,0.539457217304726,2.473391581370976,-3.1214806484613273,3.4327716650926097
110300000.0,0.5578161520275303,2.472028191702686,-3.207024002962705,3.379668792458644,0.5587280997951737,2.4768943708955162,-3.1268866804360105,3.444341997030237
110600000.0,0.5771264595680539,2.4752986568147812,-3.213018449487828,3.390695762051082,0.5780744213946775,2.48019509069945,-3.13236404519999,3.455621949690041
110900000.0,0.5964954238887596,2.4783757517822713,-3.2192118618968677,3.401513389540738,0.5974797716156359,2.483302266772912,-3.1380347676233287,3.466689759795897
111200000.0,0.6159111672330162,2.4812724480874757,-3.225689559823102,3.4122362945759175,0.6169322389610763,2.4862289149686996,-3.143984485635139,3.4776598668438115
111500000.0,0.6353675267630612,2.484004256093985,-3.232490501680166,3.4229995545916143,0.6364256469760446,2.488990599328488,-3.150252464332882,3.4886672426246608
111800000.0,0.6548644954905459,2.486586998711004,-3.239603718001044,3.433940686955947,0.6559599969928275,2.4916031977894844,-3.1568280141747214,3.4998493571073874
112100000.0,0.6744078288440002,2.489034602310056,-3.246971496752158,3.445181770937443,0.6755410734955488,2.494080685102134,-3.163653669148586,3.5113282820979537
112400000.0,0.6940078885572625,2.491357205516588,-3.254498740509229,3.4568141422606127,0.6951792840065533,2.4964332346792326,-3.170634544492236,3.523195368629208
112700000.0,0.713677899182272,2.4935598369959613,-3.262067076790429,3.4688876923224425,0.7148879093982917,2.498665891429546,-3.177652453808715,3.5355005329084244
113000000.0,0.7334318700789206,2.4956418299650998,-3.269551675371255,3.481406129413239,0.7346810183767352,2.5007779839507327,-3.1845827370519713,3.548247510082243
113300000.0,0.7532824768739803,2.4975970360590822,-3.276838393455326,3.4943287086625183,0.7545713411864592,2.5027633389793675,-3.191311417416525,3.5613955833819944
113600000.0,0.77323919604023,2.4994147892734744,-3.2838388723758296,3.507578031927922,0.7745683972617112,2.5046112486822176,-3.197750307910224,3.5748673895216587
113900000.0,0.7933069451673256,2.501081467678338,-3.2905015419545087,3.521052685033323,0.7946771303357384,2.506308037968193,-3.2038480212379015,3.588561566322454
114200000.0,0.8134854060718221,2.5025824205715663,-3.2968170989895405,3.5346428322565764,0.81489722883535,2.507838998669923,-3.20959544774703,3.6023683601656575
114500000.0,0.8337691091972234,2.5039039824807334,-3.302817825079016,3.548246513555031,0.8352232103402296,2.509190411002064,-3.2150250659532,3.6161859359761896
114800000.0,0.8541482498848019,2.50503528876067,-3.3085709818577276,3.561784336190843,0.8556452406264157,2.5103513659994268,-3.2202043241916685,3.6299350785425384
115100000.0,0.874610105232842,2.5059696407630128,-3.314167346098526,3.5752105212845646,0.8761505555745731,2.511315135970554,-3.2252241573829847,3.643570243220876
115400000.0,0.8951408384625024,2.5067052363661646,-3.319706608996981,3.588518814627976,0.8967252721154169,2.512079908046932,-3.2301843656518643,3.6570854636281793
115700000.0,0.91572742706231,2.507245174052998,-3.325281773863843,3.601742518807098,0.917356323538661,2.512648788633441,-3.2351779919476837,3.6705143726751155
116000000.0,0.9363594380176898,2.507596742431315,-3.330964791283831,3.614948742926302,0.9380332414598295,2.5130290906477906,-3.2402769407685343,3.6839244336820034
116300000.0,0.9570303993804862,2.5077701074739585,-3.336795460866844,3.6282277785539163,0.9587495327638237,2.513231016188108,-3.2455208698107847,3.6974062917638713
116600000.0,0.977738578044192,2.507776592872418,-3.3427751381640403,3.6416791830926876,0.979503460659216,2.5132659306981395,-3.2509108951025514,3.711059829172441
116900000.0,0.9984870598982817,2.5076268034187588,-3.3488660869222957,3.6553965929886583,1.0002981255880279,2.5131444794353333,-3.2564089507585945,3.724978950083198
117200000.0,1.019283128099156,2.5073288600952934,-3.3549965111097824,3.6694534410031108,1.0211408416572838,2.512874815899694,-3.26194283759606,3.739237272314486
117500000.0,1.0401370339474978,2.5068869964693663,-3.3610705020400555,3.683891597342932,1.0420419033737298,2.512461192749561,-3.26741619458868,3.753876748784456
117800000.0,1.0610603390356632,2.5063007122812104,-3.3669814547482604,3.698714519795679,1.0630129219532425,2.511903111843963,-3.2727219449755327,3.7689008062163825
118100000.0,1.0820640654125735,2.505564599765407,-3.3726270377682144,3.7138858477947565,1.084064968788127,2.511195149424192,-3.277757298145223,3.7842729374195216
118400000.0,1.1031569147841787,2.5046688628320872,-3.377923604078046,3.7293336032225852,1.105206788034038,2.5103274766919834,-3.282438191736721,3.799920910215038
118700000.0,1.1243438053231138,2.503600452260758,-3.3828180317005554,3.7449593760039566,1.1264433278101125,2.5092869987142605,-3.2867111592409346,3.815745970155762
119000000.0,1.1456249277557682,2.5023446550400292,-3.387295362048508,3.76065118457233,1.1477747924489687,2.5080589492464798,-3.2905609885267912,3.8316357251738555
119300000.0,1.1669954480335671,2.500886914592253,-3.391381205886503,3.776298204445991,1.1691963436157355,2.5066287174335113,-3.2940131393512075,3.8474789026771634
119600000.0,1.1884458928018722,2.4992146290420894,-3.3951386239326946,3.791805318865772,1.1906984866992143,2.5049836526395057,-3.2971306261377675,3.863179929907987
119900000.0,1.2099631589541928,2.4973186806107672,-3.3986599573202985,3.8071054933300257,1.2122680836070772,2.5031145995808197,-3.3000058416335136,3.8786713362679612
120200000.0,1.2315320030316486,2.4951944892918783,-3.4020547752257215,3.8221683002590217,1.233889847250902,2.501016956136233,-3.3027484901859707,3.8939223010952513
120500000.0,1.2531368018490703,2.4928424521714425,-3.4054356279536826,3.8370034719343677,1.2555481083797249,2.4986911146472095,-3.30547132117899,3.9089422230342654
120800000.0,1.274763341118902,2.4902677162018243,-3.408903573780437,3.8516590594782483,1.277228610665231,2.4961422342727375,-3.308275633671265,3.9237788877132282
121100000.0,1.2964003883913382,2.4874793246873854,-3.4125354515497714,3.866214523749811,1.298920089466171,2.49337938474615,-3.311238527073077,3.938511559611569
121400000.0,1.3180408398730556,2.4844888632723334,-3.416374601886713,3.880769776189981,1.3206154230438762,2.4904141877310284,-3.314403603295552,3.953240017150685
121700000.0,1.339682292549987,2.4813087980781714,-3.4204262393290716,3.895431728680347,1.3423122070716906,2.4872591490866705,-3.3177763246174417,3.9680710918847026
122000000.0,1.3613269744833763,2.477950737837665,-3.424658018504318,3.9103002286383806,1.3640126850108818,2.483925914714375,-3.3213245714992587,3.983104590339232
122300000.0,1.3829810556138908,2.4744238583791627,-3.429005613543234,3.9254553082585555,1.3857230567136363,2.4804236892075293,-3.324984219670962,3.9984205298874285
122600000.0,1.4046534463388871,2.4707337012541752,-3.4333824425864043,3.940947461749714,1.4074522728574743,2.47675802989169,-3.328668867553066,4.014069404789218
122900000.0,1.4263542598310937,2.466881502829265,-3.4376921133081484,3.9567922155982758,1.4292104917817534,2.4729301731848956,-3.332282288369529,4.030066749155443
123200000.0,1.4480931572460483,2.4628641339749637,-3.4418418159583895,3.972969640193301,1.451007418650875,2.4689369737537556,-3.335731831380763,4.046392646138922
123500000.0,1.4698778070360776,2.4586746444280125,-3.4457547927872523,3.989428754860784,1.4728507590044435,2.4647714505763045,-3.3389408988658906,4.0629961354604935
123800000.0,1.4917126693526044,2.4543033221414747,-3.449380176501028,4.006096100398956,1.494744998466206,2.4604238499508493,-3.34185878944217,4.079803792550236
124100000.0,1.5135982672992894,2.449739108026054,-3.4526988887109358,4.02288718756187,1.5166906710035144,2.455883065312783,-3.3444665971317664,4.096731186189316
124400000.0,1.5355310358997714,2.4449711599724506,-3.4557248631392032,4.039719153469163,1.5386842069847049,2.451138207020718,-3.3467784301268177,4.113695544586694
124700000.0,1.5575037572545027,2.4399903430020977,-3.458501525042283,4.056522820095625,1.560718369597678,2.4461800981469017,-3.3488378807673165,4.130627821821854
125000000.0,1.5795065081525421,2.434790436766172,-3.4610941236283033,4.073252465277213,1.5827832056813609,2.441002486709736,-3.3507103444430157,4.147482473046021
125300000.0,1.601527975801929,2.4293688948945955,-3.4635790855443775,4.089891966984869,1.6048673661514556,2.435602808206495,-3.352472357161603,4.164243597633241
125600000.0,1.6235569480332612,2.423727056429596,-3.466031956549404,4.1064565135649795,1.6269596016948369,2.4299823982624096,-3.3541995210826836,4.180926642158513
125900000.0,1.6455837628561982,2.4178697882543885,-3.468515672239309,4.122989709335233,1.6490502178321078,2.4241461341683648,-3.355954761259005,4.197575492647983
126200000.0,1.6676015112009637,2.411804617879984,-3.471070826209633,4.139556555997088,1.6711322824095747,2.418101564827552,-3.357778584205897,4.214255437507783
126500000.0,1.6896068243677118,2.4055404869334596,-3.4737092990315905,4.1562333647050504,1.6932024163892616,2.4118576598803174,-3.3596827034444514,4.231043057706703
126800000.0,1.71160013845402,2.399086307423402,-3.476412119755715,4.173096072274376,1.7152610597583329,2.4054233607155853,-3.361647904778207,4.248014519985043
127100000.0,1.7335854030543063,2.3924495283957636,-3.479131824588419,4.190208641636544,1.7373121796683046,2.3988061417298407,-3.363626416108847,4.265233955755554
127400000.0,1.755569280126646,2.385634916731924,-3.4817989412139276,4.207613195363398,1.7593624668029513,2.3920107863430484,-3.365548409509209,4.282743576999832
127700000.0,1.77755995012195,2.378643723511661,-3.4843316511653026,4.225323269468279,1.7814201374416543,2.3850385498569127,-3.3673316863509233,4.300556918439602
128000000.0,1.7995656963953748,2.3714733514717534,-3.4866472461916054,4.243321122305612,1.8034935128241458,2.377886825162053,-3.368893159209423,4.318656142207927
128300000.0,1.821593468309669,2.3641175677178,-3.4886737568263,4.261559455868014,1.8255895769408919,2.370549355678028,-3.370160506159313,4.336993762853522
128600000.0,1.843647624493992,2.3565672291759427,-3.490360122829745,4.279967286229066,1.8477127149561816,2.363016962961331,-3.371082364526799,4.355498529042783
128900000.0,1.8657290306717151,2.3488114170161216,-3.4916834941194796,4.298459123361471,1.8698638073456764,2.355278684893861,-3.371635650411723,4.374084620925627
129200000.0,1.8878346354434192,2.34083882033534,-3.4926526637902175,4.316946167759337,1.8920398036359072,2.3473231642017156,-3.371829003867687,4.3926628686424225
129500000.0,1.9099575798080988,2.332639176306767,-3.4933071818696555,4.33534796368958,1.9142338317961325,2.339140093829443,-3.3717019074772043,4.411152429400332
129800000.0,1.9320878216635484,2.324204568122663,-3.4937123017712675,4.353602901308651,1.936435824522234,2.330721519770723,-3.37131963024604,4.4294913128356725
130100000.0,1.9542131854715348,2.3155304038269366,-3.493950486320091,4.371676136103157,1.9586335723323947,2.3220628237799685,-3.3707647245367656,4.4476443207990295
130400000.0,1.9763206895689125,2.3066159451755803,-3.4941106672842706,4.389563866737687,1.98081405546525,2.3131632545787504,-3.370126271521817,4.465607340812485
130700000.0,1.9983979670535958,2.2974643192643778,-3.494276748010463,4.407293427098404,2.002964869865138,2.3040259399903738,-3.3694883668060323,4.483407447850635
131000000.0,2.0204345856110355,2.288082017751502,-3.4945169243065886,4.4249192317375075,2.025075551912824,2.2946573847823517,-3.368919423603826,4.501098853331144
131300000.0,2.042423088148656,2.278477958971211,-3.494875265044697,4.442515184150119,2.047138623098025,2.285066529725189,-3.36846373708352,4.518755311242601
131600000.0,2.0643596170534533,2.2686622473076867,-3.4953666626301265,4.460164635390945,2.069150216905574,2.275263506677697,-3.3681364217687744,4.536460070113497
131900000.0,2.086244044226126,2.2586448038511726,-3.4959757831852425,4.477949301372911,2.091110209727157,2.2652582643259804,-3.367922352981104,4.554294780865606
132200000.0,2.108079598314678,2.248434057348018,-3.496660085770822,4.495938668474064,2.1130218471259137,2.2550592542714374,-3.3677791820467156,4.572328892104086
132500000.0,2.129872049989903,2.23803587305496,-3.497356418147546,4.514181324770651,2.134890926456345,2.2446723557443535,-3.3676439324136314,4.590610972035701
132800000.0,2.151628576052156,2.227452861275671,-3.4979902114731893,4.532699364202157,2.1567246570197742,2.234100181278847,-3.367442198056838,4.609163105857545
133100000.0,2.1733564654400017,2.216684152421394,-3.4984859542091034,4.55148656636333,2.17853036138952,2.223341850563799,-3.3670986229456874,4.62797907230038
133400000.0,2.195061849201543,2.2057256593052865,-3.4987774718238405,4.570510519430397,2.200314200622916,2.2123932533190995,-3.3665471864303553,4.64702646714159
133700000.0,2.2167486299044654,2.194570779411807,-3.4988165922527847,4.589718303670154,2.2220800994933847,2.201247753828331,-3.365739872819155,4.666252390733676
134000000.0,2.2384177550704973,2.183211429553128,-3.498579027047154,4.609044864767304,2.2438290168952966,2.189897229199179,-3.364652553706725,4.6855918277490645
134300000.0,2.260066928694754,2.1716392609171393,-3.4980667070844262,4.628422846870497,2.265558655881304,2.1783332888348452,-3.363287321072277,4.704977487542567
134600000.0,2.281690792061011,2.1598468799859627,-3.497306320342838,4.647792472963413,2.2872636447225,2.166548499968623,-3.361671018466469,4.724349691009399
134900000.0,2.303281538824144,2.147828902967139,-3.496344335285918,4.667110077741718,2.3089361538995936,2.1545374462594933,-3.3598502543418127,4.74366490743623
135200000.0,2.32482986899314,2.1355826975932493,-3.495239281719682,4.6863541103198925,2.330566853365486,2.14229747273267,-3.3578836705382296,4.762901757288245
135500000.0,2.3463261403285247,2.1231087123999957,-3.494052434165981,4.705527798447902,2.352146068114005,2.129829016753549,-3.3558326125835163,4.782063671755815
135800000.0,2.3677615500190017,2.1104103531585263,-3.4928382503505415,4.7246581479897065,2.3736649643232037,2.1171354844963837,-3.353751556277876,4.80117788262269
136100000.0,2.3891291776128956,2.0974934305195028,-3.4916359326680353,4.7437914724174925,2.395116596420125,2.10422269698472,-3.3516796602686725,4.820290937740361
136400000.0,2.4104247419928706,2.0843652630601524,-3.490463303903676,4.76298613374066,2.4164966672810566,2.091097990142161,-3.34963463745542,4.839461424720054
136700000.0,2.4316469673462233,2.071033567482149,-3.4893138472873795,4.782303561092933,2.4378038960797697,2.0777691010397197,-3.34760979634979,4.858750970776547
137000000.0,2.4527975094243923,2.0575052961930336,-3.4881573049382824,4.801798843726239,2.4590399448310594,2.0642430011377493,-3.3455746468211216,4.878214817482389
137300000.0,2.473880455875613,2.0437855881986433,-3.486943723081324,4.821512241184873,2.480208917391634,2.0505248430629783,-3.3434789582487583,4.897893315248408
137600000.0,2.4949014742488953,2.0298769816171216,-3.485610348347416,4.841462810844497,2.50131650472096,2.0366171698052726,-3.341259673321337,4.917805539525691
137900000.0,2.5158667300985322,2.0157789979519944,-3.4840903843104947,4.861645044050198,2.5223688992294084,2.022519496927647,-3.3388496849949107,4.9379459212981365
138200000.0,2.536781728783371,2.0014881551110464,-3.482322365260059,4.882028971917962,2.5433716323426823,2.0082283250530995,-3.33618723159342,4.958284353620025
138500000.0,2.557650243910183,1.9869984056192633,-3.480258828506316,4.902563711970625,2.5643284988275536,1.9937375791366756,-3.333224589220416,4.978769745320981
138800000.0,2.5784734818849055,1.972301937091876,-3.4778730757238003,4.923183946183589,2.5852407179152763,1.9790394114273742,-3.329934850012054,4.999336511682698
139100000.0,2.5992495978435994,1.957390222055649,-3.4751630905390476,4.943818416615397,2.606106446965539,1.964125254849485,-3.326315851861699,5.019913086867204
139400000.0,2.6199736283628323,1.9422551704978541,-3.4721520832341874,4.964399252019236,2.6269207133754464,1.9489869796794577,-3.3223907294975192,5.040431269663265
139700000.0,2.640637847908381,1.9268902255769265,-3.4688856063521905,4.984870834099847,2.6476757717906736,1.9336179933756097,-3.318205030407665,5.060835109194396
140000000.0,2.661232497225664,1.9112912522989018,-3.465425660524242,5.005196987986622,2.668361834703055,1.9180141327949938,-3.3138208153522184,5.081088113195471
140300000.0,2.6817467809599673,1.8954570990913935,-3.461842621816572,5.025365525292688,2.68896807340446,1.9021742282459357,-3.3093085758095753,5.101177805582744
140600000.0,2.702169995724718,1.8793897586314672,-3.4582061138070075,5.04538954393196,2.70948375004515,1.8861002654012617,-3.3047380930859247,5.1211170363400855
140900000.0,2.7224926334254547,1.8630941103817527,-3.454576080346968,5.065305342791402,2.7298993250483363,1.8697971273911662,-3.3001694968151027,5.140941901312689
141200000.0,2.7427073099404518,1.8465772851165305,-3.4509952720776687,5.085167277420394,2.7502073894182706,1.853271957434953,-3.2956457376927397,5.1607065982152545
141500000.0,2.7628093952495103,1.829847743252767,-3.4474841494151534,5.105040299866819,2.7704032975406996,1.8365332341029943,-3.29118747869839,5.180475962747113
141800000.0,2.7827972639077942,1.812914196939722,-3.4440388582345993,5.124991234446042,2.7904854190170263,1.8195896895981514,-3.286791062148083,5.20031673782265
142100000.0,2.8026721382342714,1.7957845254952436,-3.4406325017663306,5.1450800000752865,2.810454981731491,1.802449221176392,-3.282429776637336,5.220288788049253
142400000.0,2.8224375531366124,1.7784648324193906,-3.4372194744797544,5.165351978778685,2.830315535109427,1.7851179444913907,-3.2780581895907246,5.240437460587673
142700000.0,2.842098523257681,1.7609587703316276,-3.433742204900331,5.18583255282369,2.8500721144868635,1.7675995157080788,-3.2736188917367257,5.260788116202803
143000000.0,2.8616605329430427,1.743267221089144,-3.43013933205542,5.206524516555643,2.8697302274894603,1.7498948100185365,-3.2690506771323062,5.281343537531148
143300000.0,2.8811284920503124,1.7253883677051598,-3.4263541580655916,5.227408659204592,2.8892948059471553,1.7320019933813924,-3.2642969999184404,5.302084511285092
143600000.0,2.9005058029304718,1.7073181397169175,-3.4223422007099957,5.248447370011634,2.9087692692156475,1.7139169691372071,-3.25931353026105,5.322973435620226
143900000.0,2.9197936659807375,1.689050962036446,-3.418076814980062,5.269590699363869,2.9281548268047697,1.695634129338989,-3.2540737772884167,5.343960385686409
144200000.0,2.938990715757305,1.6705806962172383,-3.4135521392247377,5.290783976975764,2.947450112694741,1.6771472993690149,-3.2485720337974078,5.364990737320547
144500000.0,2.9580930319237377,1.6519016380496643,-3.4087830076497116,5.311975885744105,2.9666511958464046,1.658450739277316,-3.242823284156293,5.386013246159409
144800000.0,2.9770945161151467,1.6330094297410849,-3.403801901470573,5.3331258441258855,2.985751958024998,1.639540059573201,-3.2368601479344767,5.40698743364403
145100000.0,2.995987574602337,1.6139017591611389,-3.3986534253034395,5.354209665066633,3.0047447786664505,1.620412923450253,-3.230727346609085,5.427889246732697
145400000.0,3.0147640045776973,1.5945787504965445,-3.393387135811787,5.375222717402299,3.023621424282166,1.6010694393844676,-3.224474521564469,5.448714216403245
145700000.0,3.033415954687757,1.5750429954791874,-3.3880497696433247,5.396180178395531,3.042374012579298,1.5815121930136182,-3.218148451886227,5.4694777032758495
146000000.0,3.051936821736816,1.5552992256986784,-3.382677988129405,5.417114381645527,3.0609959127125035,1.5617459187364513,-3.2117857909435337,5.4902122348339555
146300000.0,3.0703219562377204,1.5353536771337677,-3.377292669118409,5.4380696742711265,3.079482453847652,1.5417768622847219,-3.205407353497443,5.510962348948477
146600000.0,3.0885690779651713,1.5152132408623342,-3.3718955458283455,5.459095543855087,3.0978313427779804,1.5216119285178706,-3.1990147542240583,5.531777705463068
146900000.0,3.106678344666275,1.4948845230557561,-3.3664686526815433,5.480239011463038,3.1160427334693637,1.501257737966294,-3.192589858112371,5.55270546373662
147200000.0,3.1246520665695976,1.4743729489122637,-3.3609766375602814,5.501537380499255,3.134118941072829,1.4807197272678836,-3.1860971020803435,5.573783017585396
147500000.0,3.1424941093147862,1.453682037735687,-3.3553715954744088,5.5230123708216885,3.1520638431097634,1.4600014211945846,-3.179488342115416,5.59503211861762
147800000.0,3.1602090713913262,1.4328129511739267,-3.3495997268340063,5.5446664636397935,3.169882054174571,1.4391039787068578,-3.172709527928851,5.616455214727483
148100000.0,3.177801353152233,1.411764377419725,-3.343608872895066,5.566481965357057,3.1875779916124864,1.418026076136646,-3.1657082561293164,5.63803451267162
148400000.0,3.195274248747723,1.390532766579754,-3.3373558653857307,5.588422913291122,3.205154963988869,1.3967641428374904,-3.1584411371823977,5.659733887836734
148700000.0,3.212629188121248,1.3691128831645096,-3.330812661425407,5.610439547624573,3.222614409976824,1.3753129152046548,-3.150879945583755,5.681503365123431
149000000.0,3.2298652342882335,1.3474985976408849,-3.3239704122445586,5.632474717758974,3.2399553933139673,1.3536662307848264,-3.1430157003196397,5.703285538146358
149300000.0,3.246978904755816,1.3256838062897665,-3.3168409085708763,5.654471326666065,3.2571744230034025,1.3318179513542734,-3.1348601174816237,5.725023028951571
149600000.0,3.263964340341259,1.303663351666344,-3.3094552145805287,5.676379779703276,3.274265622177641,1.309762886811401,-3.1264442464804802,5.74666595309802
149900000.0,3.2808137962749084,1.2814338169432993,-3.3018596938024736,5.698164412404796,3.2912212204954163,1.2874975926871526,-3.1178144933751764,5.768178362961677
150200000.0,3.297518386087652,1.2589940860086766,-3.2941099895594195,5.719808022217357,3.3080323003825662,1.265020932709262,-3.1090265945789843,5.789542792770213
150500000.0,3.3140689745139533,1.2363455945890227,-3.2862637998213127,5.741313899528055,3.3246896930146237,1.242334331356411,-3.10013838193596,5.810762299605555
150800000.0,3.330457096148682,1.2134922410784261,-3.278373444108225,5.762705104638747,3.341184900348846,1.2194416848949003,-3.091202338191439,5.83185974640963
151100000.0,3.3466757743992948,1.190439973012127,-3.2704792377297958,5.7840211198287435,3.357510917280102,1.19634894681934,-3.0822589596154537,5.8528744560542405
151400000.0,3.3627201305107484,1.16719610962422,-3.262604565396498,5.805312365785597,3.3736628432591376,1.173063448290947,-3.0733318191578967,5.873856726193046
151700000.0,3.378587702743439,1.1437684965207988,-3.25475330085365,5.826633359688053,3.389638203104111,1.1495930499072662,-3.0644249778401074,5.89486098304705
152000000.0,3.394278436803824,1.1201646103384404,-3.246909887266822,5.848035468947866,3.4054369378909897,1.1259452430805768,-3.055523059733486,5.915938529280618
152300000.0,3.4097943544989207,1.0963907364851315,-3.2390420217871476,5.8695602568585405,3.4210610728449424,1.1021263245765769,-3.0465939340917965,5.93713088346874
152600000.0,3.425138951893139,1.0724513311492847,-3.231105529157929,5.8912343199606,3.4365141136308672,1.0781407558377525,-3.0375935891530412,5.958464612127573
152900000.0,3.440316414843724,1.0483486515876876,-3.223050713068186,5.913066296956393,3.4518002591895467,1.053990791464306,-3.028472485567071,5.9799483350442575
153200000.0,3.4553307636820603,1.024082700234478,-3.214829280611272,5.935046417651929,3.4669235432690435,1.0296764226314155,-3.019182483789802,6.001572272901948
153500000.0,3.4701850468432283,0.9996514839122908,-3.206400870260529,5.957148602159024,3.481887024893042,1.0051956368036898,-3.009683374735659,6.023310347494259
153800000.0,3.484880694493254,0.975051545599752,-3.197738284613024,5.979334765921773,3.4966921392509827,0.9805449511147617,-2.9999481139033404,6.0451244897018395
154100000.0,3.4994171191165266,0.9502786889277225,-3.1888307241731595,6.001560684394945,3.511338296343756,0.9557201393460213,-2.9899660544579367,6.0669705082801855
154400000.0,3.5137916141404717,0.9253287899396826,-3.179684608872345,6.023782563758192,3.525822778718661,0.9307170466841735,-2.979743765555683,6.088804664807728
154700000.0,3.527999559161253,0.9001985800925172,-3.1703219181408553,6.045963378633653,3.5401409469648173,0.90553237581171,-2.969303366762144,6.110590014629519
155000000.0,3.5420348971932483,0.8748862902723272,-3.160776329456532,6.068078084744419,3.554286718337218,0.8801643336751648,-2.958678658980867,6.132301620686358
155300000.0,3.555890811642204,0.8493920667427279,-3.1510877406134825,6.090116985594476,3.5682532460023406,0.8546130494712774,-2.94790963801188,6.153929918513498
155600000.0,3.5695605035872773,0.8237181032837674,-3.141295980360937,6.112086802128441,3.5820336991615176,0.8288807078357135,-2.9370361965379246,6.175481780951912
155900000.0,3.583037957113095,0.7978684745163616,-3.1314346159541877,6.134009324018007,3.595622031389034,0.8029713820967022,-2.926091924339662,6.19697916126841
156200000.0,3.596318583491017,0.7718486977502709,-3.1215257414114577,6.155917863944657,3.6090136275619047,0.7768905949562255,-2.9150988917094787,6.218455536565091
156500000.0,3.609399653340107,0.7456650887128448,-3.1115764818112104,6.177852043885568,3.62220573813091,0.7506446721330753,-2.904064152350093,6.239950681433802
156800000.0,3.6222804567848996,0.7193240049313634,-3.101577699043925,6.1998516724210475,3.635197640461683,0.7242399830436087,-2.8929784517160937,6.261504532098813
157100000.0,3.634962170581365,0.6928310855066556,-3.0915050690586976,6.221950593076174,3.647990506061701,0.6976821776432695,-2.8818173109394367,6.283151022460083
157400000.0,3.6474474526958893,0.6661905955605963,-3.0813223647374013,6.244171380073764,3.6605869941746634,0.6709755281250062,-2.870544320051063,6.304912769754803
157700000.0,3.659739823041778,0.6394049680267214,-3.070986469189044,6.266521631376228,3.6729906305949536,0.644122468527522,-2.8591161644338516,6.326797360864151
158000000.0,3.6718429187043817,0.6124746069887189,-3.0604534045017626,6.28899237858954,3.6852050603104844,0.6171233967592575,-2.847488668329571,6.348795759614453
158300000.0,3.6837597289768995,0.5853979796067122,-3.0496845235654373,6.311558832411205,3.69723327966248,0.5899767662551385,-2.835623001596291,6.3708830540781936
158600000.0,3.695491917620882,0.5581719830515149,-3.0386519956171405,6.334183353612977,3.709076955840719,0.5626794537165706,-2.8234911789333306,6.3930214336829865
158900000.0,3.7070393268508615,0.5307925345240188,-3.02734282081639,6.356820229213757,3.7207359285982795,0.5352273508921918,-2.811080085591771,6.415164975125616
159200000.0,3.7183997315400887,0.5032553016827879,-3.015760819554455,6.37942158463258,3.7322079629961467,0.507616097470986,-2.7983934743072214,6.437265566835822
159500000.0,3.729568876848182,0.4755564718537732,-3.0039263279640918,6.401943609301775,3.7434887865763997,0.47984185311426203,-2.7854516643630425,6.459279148168325
159800000.0,3.7405407928666987,0.44769345377390346,-2.9918736515739637,6.424352235835182,3.7545724046162667,0.45190200198488234,-2.7722889946668774,6.481171402041713
160100000.0,3.751308341548637,0.41966541581339567,-2.9796466393078638,6.446627495434768,3.7654516486381486,0.423795693333187,-2.7589493934342117,6.5029221224084015
160400000.0,3.761863919441361,0.391473588071272,-2.9672929969131303,6.468765961986668,3.776118881469945,0.39552414521026613,-2.7454806843735273,6.524527667971775
160700000.0,3.7722002189315615,0.3631212890203878,-2.954858127283745,6.490780966761197,3.786566761237775,0.36709067176765947,-2.731928417917153,6.546001183386121
161000000.0,3.782310943621071,0.3346136757835586,-2.9423793425051326,6.512700576409648,3.796788959528337,0.33850043314227507,-2.7183300735341183,6.567370580396687
161300000.0,3.7921913809054826,0.30595725522946315,-2.9298812320334626,6.534563635396729,3.806780736409234,0.3097599451777274,-2.704710418710409,6.588674580267742
161600000.0,3.801838755643398,0.27715922560815215,-2.917372802951523,6.556414437270205,3.8165392958627717,0.28087641890009196,-2.6910786415027723,6.609957382487264
161900000.0,3.811252319921544,0.24822674093466976,-2.904846756308501,6.5782967711192475,3.826063876402559,0.25185702226030077,-2.6774276213375288,6.631262706982691
162200000.0,3.8204331709127546,0.21916619976136048,-2.89228096419474,6.600248165899769,3.8353555687625236,0.22270816615155087,-2.6637354029600337,6.65262803353153
162500000.0,3.829383826463404,0.18998265520328286,-2.879641907534854,6.622295116557511,3.8444168903291533,0.19343491194548973,-2.6499686333848715,6.674079823302837
162800000.0,3.838107621097302,0.16067942491786377,-2.866889567096458,6.644449928864852,3.8532511791737596,0.16404057958700238,-2.6360874538365553,6.695630360272489
163100000.0,3.846608009052272,0.13125795088726688,-2.8539830666403088,6.666709586302942,3.86186189458161,0.13452660634788216,-2.6220511448355257,6.7172766163890545
163400000.0,3.8548878725208566,0.10171792344294173,-2.8408862735341427,6.689056755736359,3.870251922600794,0.10489267080947515,-2.607823728858444,6.73900125742431
163700000.0,3.8629489310419514,0.07205764702688276,-2.8275725803851253,6.711462749600933,3.878422982929977,0.07513705956210391,-2.5933787532275216,6.760775607025301
164000000.0,3.8707913323899557,0.0422745918624314,-2.8140282173403657,6.733891992630729,3.886375217834474,0.045257220651962166,-2.578702602161746,6.782564116463751
164300000.0,3.8784134787544753,0.012366050608880292,-2.8002536598578636,6.756307338086364,3.894107017148323,0.015250422593381902,-2.5637959023381867,6.80432968424189
164600000.0,3.8858121082489663,-0.017670194388749505,-2.786262969807437,6.778675469466168,3.901615099552582,-0.014885575775583675,-2.548672859735527,6.826039060621003
164900000.0,3.8929826156975205,-0.047835287750002405,-2.7720811999651054,6.800971622919321,3.90889483409808,-0.04515193945343841,-2.5333586581077006,6.847667571387993
165200000.0,3.8999195632456147,-0.07812888297727391,-2.7577402622540514,6.823182971820574,3.915940752403035,-0.07554833716306494,-2.5178853200733644,6.869202501583781
165500000.0,3.9066173052823197,-0.10854894665946024,-2.7432738709609654,6.8453102121345655,3.922747175780886,-0.10607274425985747,-2.5022866429476847,6.890644677365801
165800000.0,3.913070637005065,-0.13909180991651957,-2.7287122948417726,6.867367146659826,3.929308866314773,-0.1367214937863186,-2.486592944258326,6.912008044011893
166100000.0,3.9192753736795765,-0.16975245686161577,-2.7140776703456293,6.88937835103901,3.935621608577049,-0.16748956549266714,-2.4708263701976936,6.93331732325699
166400000.0,3.9252287784567916,-0.20052500649049856,-2.6993805407526485,6.91137527439993,3.9416826395128988,-0.19837106914305563,-2.4549974326689807,6.954604103510757
166700000.0,3.930929778809615,-0.23140331752869983,-2.684618106198582,6.933391345080123,3.9474908662665324,-0.22935985142979504,-2.43910326048347,6.975901934373536
167000000.0,3.9363789420618684,-0.26238162904256984,-2.669774423518475,6.955456787167685,3.953046842234949,-0.26045013900532843,-2.423127803845065,6.997241132321158
167300000.0,3.941578214713607,-0.2934551453022124,-2.65482251766863,6.977593888507438,3.9583525059886036,-0.2916371257766339,-2.4070439536758688,7.018644039371998
167600000.0,3.9465304635394505,-0.32462048194307225,-2.63972809729662,6.999813391523879,3.9634107211010496,-0.32291742116800853,-2.3908172677447888,7.040121407116302
167900000.0,3.95123888406503,-0.3558759105794252,-2.6244543433689604,7.022112515407032,3.968224682677651,-0.3542892962135065,-2.3744107715785034,7.061670415429869
168200000.0,3.955706360233393,-0.3872213677614649,-2.6089670924821835,7.044474885609934,3.9727972746731512,-0.3857526931679118,-2.357790154630038,7.083274602226868
168500000.0,3.9599348653920123,-0.4186582274294936,-2.5932396853951496,7.0668723773717295,3.9771304684606488,-0.41730899770398205,-2.3409286310230875,7.104905710961889
168800000.0,3.963924988388334,-0.45018886911940686,-2.577256802659072,7.08926861209075,3.981224846778134,-0.4489606059915269,-2.32381078560381,7.12652719428613
169100000.0,3.9676756505853747,-0.4818161024908382,-2.5610167548273255,7.111623616199992,3.985079319162556,-0.4807103473917605,-2.3064348718578396,7.148098882735113
169400000.0,3.9711840525871533,-0.5135425283796902,-2.544531913397166,7.133898993368444,3.988691067878634,-0.5125608432278925,-2.2888132472446068,7.169582168236351
169700000.0,3.9744458572814194,-0.5453699248621443,-2.5278272291668156,7.156062893819164,3.9920557310560856,-0.544513890438702,-2.270970892425961,7.190944985078799
170000000.0,3.9774555829805247,-0.577298742718455,-2.5109370503789266,7.17809409781374,3.995167796798605,-0.5765699548379642,-2.2529422269549904,7.2121659042613215
